{"file_hashes":[{"block_hashes":["U6f9L+H01eF6vhK70rkC1qCDS7XhkpP/e5XSc05KMLY="],"block_size":4096,"path":"background.html"},{"block_hashes":["Vp0dcIKIIXWm7J15EPsTFer+JHdrywI44+me5E/JJUw=","QPYlAITWGq19W4YTCXUoaHyrZRRkSMmmVfcxb6XkZvI=","6qZwjpwDNZB38UBI8sf/jYzZlthtxy+xQG6bVKptCbs=","VHKP7NhJlOwlJhOHdv65KCuJ+lpC+5HcOGfNwa5ZKBc=","fdOGphZCDx6V6arq1ifKVaiD+ucH9rsD2D09tGcjhWw="],"block_size":4096,"path":"background.js"},{"block_hashes":["mig1U9nAWseUY+Nnx6h+6JLkP513rf17e2PyYF9xzaE=","r2UH+qb7sPl61zHYilcHUJZNMX0up+tk1AXGr3vIPLA=","uHXv6wAJeIn3y1IILxHiM+LbxJcxrfg/9ABN/1KYI90=","x+pHM8yK2NOFgZsjN6VA4/YaGAWeprs932ncysLU8/8=","32Zk4lFmxXzD73vVmXkN07k/j3v4xsnw5tBXCoCLmIE="],"block_size":4096,"path":"css/index.css"},{"block_hashes":["Axx2BodHdFu6bHVMpEbBpl96ODn3CJn1Q/gqrnp7+Z8="],"block_size":4096,"path":"css/options.css"},{"block_hashes":["etvKnQwfKMVqC29OWPabWtZTBCyQbsHFZieqPrp2Lf4=","tUEtrOPqyQ2ZzWqsWJrcMyHhFVC2+CEwElsAJrUn4OY=","zRfmkf6KJ31G7VsUg6PdZ2MqYkARyqo0mq8drtIeujs=","fxR4cxZ3xicQwMGqT2V7bB96DOwJ6JulDOhdHRxkLbY=","sULWC3mcVG2ah2+OOkcpUxCQ8QiLUFGVnxQXIrimgHc=","+5dMDyZhdzfFjK0e3PsydGckPRESPHjYPKAddd6sAjM=","x3DYEo9JW01Til43upt6KHRVaRrobiafdcJt6kHwEHg=","byoUQNYDAnfBm7wrg0YW3VmbN25IJPKOxnqA9EiHzVQ=","S3ruyQejgZLtEf5vTyeuCq5zl6vfsL1A2f3dylb7Eqc="],"block_size":4096,"path":"img/alipay.jpeg"},{"block_hashes":["ndh5xo53pajQ34HTUGrLW/EacjymoEKbR/fy9AgL2+A="],"block_size":4096,"path":"img/coffee.png"},{"block_hashes":["WWqFkUXs9KEr8qgxc70CLECShFHXNH35g/TPacXDt/s="],"block_size":4096,"path":"img/fire.png"},{"block_hashes":["XS7tYuzwzd1fQiC6ggs1pl4BJ4W7b1WvCuAxp8msi/4="],"block_size":4096,"path":"img/forest.png"},{"block_hashes":["oNLYqQkAO83TbQaNbR9lgRKhjhnEQS04EsvgSFYZkx0="],"block_size":4096,"path":"img/icon.png"},{"block_hashes":["D04n9dUmsL0FcnbncYvhgMDzghkXgJcJcYU+xKyK8+s="],"block_size":4096,"path":"img/player.png"},{"block_hashes":["JaBcO806Pt+iZjjyYwl9KVFHGdG5sSjSrH9vX9jEwx0="],"block_size":4096,"path":"img/rain.png"},{"block_hashes":["lUsbLSR10MQ8pupqUm+pTODjfV8L5xHlx1IrvWYBb80="],"block_size":4096,"path":"img/thunder.png"},{"block_hashes":["eD2ixzuRqjWkR4Cbb+eFNwiFg8vzM8W9mhOYo4zIIbE="],"block_size":4096,"path":"img/train.png"},{"block_hashes":["GBV4Q/6ZYr2LdlMlJBoLLN1dTb7s8ABMZTSYbk2Uh9I="],"block_size":4096,"path":"img/wave.png"},{"block_hashes":["Gt+tAno5QD5w43QNQTAfN672i8E7wdliiIjNv+czoJQ=","CuRYwBhhLYHYr4h8Lyp0W2mv/7kvZC0s9u0HX02wi9I=","qxGMKWeixlU3GeJgZUOz3tgnKmYiiKg0FrwhWyT2O+8=","MCjVRhOORNVtrXC0/fLXnTU+od96t1Qs6AZqe9PwgJY=","syGRWExe/YfGnzQgSvM2l/h0lC1rNWRsyMpsmxRAM68=","BYG01fiatp8C4PA3opUXiGkyMOUMr6SMadzvV13fjWU=","GqGlNsk8IAXcDvATUIyAROTyMsjs/imjijfDMrhrRCU=","cptzyix45JwxaanureRtJCBfmhk3wZnyxlhC0fDg2iM=","NYLIGi8xWSYaz73y9iiDLio+Pa5MZVBb2Zq/pyisxtA=","8XYB0ap1jD9YXofQ9CDhr17F7DtIp4a2D38jz1NKixo=","krxrwb+GHuY6EqAWaFoOSXC3fdpGjUEl8sM4k1lgUDU=","87GLgMwngeJ/DS4ZJHF9PGBO4fB1OFLShqCrgLSBWL0=","74becSeJhBJwKA0+i7s/BkyQ6Dz2I/8iUGHCT1RnbZ4=","WFQV9uN3xQY9l+cOBKaAyLK3Qn+uIsY7gRx5SX6HBAI=","tWZ7dh+nKtQBEov7BQVcmkLmCH4VwG4EVywQql+uO9c=","Vxzoae3nYK+E4C04GMOgsF5VIa5kz2yy18s17jW7298=","uCI2cT06XYi5Hs6peoTmgnltbyhBaPapjng751pjxXI=","K8SsORv4s7+LRHGs/4WYe+0r2K8fl/7oLxk4oRtAg6k=","2RfU5ffwhEQfcXvCBei5bJuZhmeF2Eobef1PuXCyk/A=","iJxH1MeBarAWU1pqybicblNSsvPFXD+O1+CrhdwopmE=","pYhXST5VnwpWFUW3J+vaRhAhEHlX3Q0z99QBbrA01vQ=","BkQHwq+ZXbP8IOz2WhOxaRK9STTo6O4BzH2rql8tFyY=","bxgub2r7VznOE+JwCwNutpso2rF+L/KGYQ0QEG3yCrE=","1hiKhRPKh+AK6yyNkhVHgJpxTO5RvHFz0f0l4YLUVNo=","x9m7at477w8w8mL7LrTVFlar9w95vsk1l64y+dmTtug=","KTLGRNZl04qr9a4ykriiX1pr3p+RXzlbFYqJUekZqKQ=","jbn+dM8i4q7891f7L70NawRB4zh7CLyrH+Nf9mcQ7xw=","LWGKnS0YW8FtmfdON2Ng/NuhzsGeQXZt/ywuc+PobPI=","j0KmKXOOFnkVRCoBjV4VFcoSNIxE2gIXSFdPC/6Wvxc=","1AXiz0j6tijxKTQhoNsm3iJWorYGCZ6wnxqT9vRCTC8=","evV+H24M16Xo0wkAMI44ZOzNg+pJ52CJG85//Eqvsb4="],"block_size":4096,"path":"img/wechat.jpeg"},{"block_hashes":["MnkweH/igdSteJXuRzrfGTvdIIV6z1v7WErxaw/LbX8=","RoC0QNrjtTdGyHtO8JAxLM2hnlSUCSEeOYxuSVW6Rno=","bMD2hFacte9MbnmYU7W34r+1YmKdmNWWICHZzVqbFUY=","gdw8JqEs7uUW+37NErbQRFyitHqus7R1cT+I+5qnx/0=","85qo95+x1TkdDfG4bZvMeOfYpUmHQtKgW6uMbi5BI68=","jnb4j8XShIn5i0Vjhphhcv0awo6QyMlBXBi1pjF08+4=","WXhWeFTzPCZwLqrTbiKGcFrezatZQO0rSwZtDBey6ck=","a7Foe3zARkDvp/sFmQsoCt9PfZxxwt5/KTie5Q4dnD4=","WrRKb5nBgu+6pbP/zWsAYuW64dpWiBctUqVGJabsS7s=","fMamIpyPdX9ewD2E25P4gZ8AEE2KY4yfAaCHfWF7l74="],"block_size":4096,"path":"img/weixin.jpeg"},{"block_hashes":["BQ6pDm+/KlgsKY/I1I3bIo74CZxWOfmRFPdvrb3+c4c="],"block_size":4096,"path":"img/wind.png"},{"block_hashes":["vteWU+kJ2YQfeI23snUBxbnHSPqRrQdnnjhMlBIrh4A=","pMDN37hFv2ARqPjzAxrxTG1jseBFJeFGZKe+xMSG2ig="],"block_size":4096,"path":"js/api.js"},{"block_hashes":["IPQ5MIkDwatqXGxjuqDSpLK3HzUyZBz8Cso/I90U5Ro=","sGtadoD1fcUU6qz2ACTpOMWKncUZj/4MxrWQh20GnU8=","ly5qUy3NoPJw2onOIiTOxkOR0BvkPlUJl3igVnkQ3gU=","OzP9x+Y2sOVAoiXQrgp2/wZIKIyaTQVLeQdOQPt6z8o=","FIhPNJpiJtBaUax50TFcZXLHyUMVN/A3lgD8vfjHZVE=","oDeepVyYU9rkBo1ftBCogpcrHdQ5gqXJVPqi+fYjlOU=","RpjYOmNWUXl528w7eqdLfsrRFDtimSb+1Hb6PPrb6+4=","70uv3Rh/P8QrSPQJ5l1kLGJuCU3GfOddnaLAUfbLUMM=","+VI9uuu1B7MupEcDWekkMC7DodvIV/1hQZ1L2zKQpOk=","Us2dgCSBqiFYd8Emk2GobH2at+vjrkPqbr8dJJptLg8=","u6V3wFk2g3su7wTTLvDh7dcJC6f0zRfBd4cHa/RtboU=","vYRB2INBw6GYbRlnNsomJf6YQ9Jn/vQMzGlh5ROtG6M=","4vTOFJI492X0TVcyjyEgHrWXScbXfPxpZqI2bkYGwZk=","J8gptDTZDk4fYBWf+Fi5cr6qQqz3Skf6tNQexCMNH9s=","PK1OB4UbsvI5I0FNgjpQAgaVePwEIjkqLgP67KM5REs=","glm2EQDqaiXa0zhRaGTv/L4201ONJjvTk6m+jUEReKY=","L0b1TdnJXaRva5Kyd9tef1O36+Qg8Ivn4TpjJdnwDcM="],"block_size":4096,"path":"js/index.js"},{"block_hashes":["fsnQCOn8iMjNOMuxOu2mSLGHpm3SF56HouWV29KAq5Y="],"block_size":4096,"path":"js/itunes.js"},{"block_hashes":["WdSUxF6jNIjab4dJ+F2AK3/TtOtmOP3ztiQ/3cOXms0="],"block_size":4096,"path":"js/md5.js"},{"block_hashes":["RDkFTYnX6I1xkxaqYwxm4PT/ihi7EgZcXBZe5g26+Wc="],"block_size":4096,"path":"js/migu.js"},{"block_hashes":["IaKZtraBwMOQLePB1/5QvLiHn7SH4JH+6iPH8f0pS8A="],"block_size":4096,"path":"js/netease.js"},{"block_hashes":["bes63NC2neL7OiovL3L3LOrg6rdpFTm4p88LJvx6oJ0="],"block_size":4096,"path":"js/options.js"},{"block_hashes":["lzragOTlprbdCsjq6Upo0CMCVh0jz0dIGHUfHYs67G4=","u5JKfi5hxBbg2hSVdIIjHDFItgAZZgtN4LCC2amS6I0=","oWrGLAzcXPMrR82W3ugufZWqCtQzlQzRyi29pvgBM4o=","/66Y+0SbOvBzln0g4ZiukgKOcPf3xttXjPa8Z3sf7RU=","N7HnxVQCa3xuqIAHVgOeZcgBFjZVqHnZvIucr1ukTzo=","QI0Hwqk9fSt3iR8wowtw/WBxKarIkDoFsUnFJOj4Ia0=","NI7/57zguz8/+7b5siH2yimu7iBb2JHnXSiMqGsPN7U="],"block_size":4096,"path":"js/podcast.js"},{"block_hashes":["3TnxapDMYXQZte0g+9LIydfLy+3bNJqYSAwN1OJbMzI="],"block_size":4096,"path":"js/qq.js"},{"block_hashes":["ib5ogL8NuYvsnttDP5V8mHWFK4yIPkhb+ZIeLikOZDY="],"block_size":4096,"path":"js/regin.js"},{"block_hashes":["6VrTU9v4+sMc/Q4T1jTkZe4jPoRKNH27HI1BDMrYz04="],"block_size":4096,"path":"js/utils.js"},{"block_hashes":["3lze1heiKk+3zvM14UaCiVlBRPJ5wPxMDON3fFaMYVI="],"block_size":4096,"path":"js/xiami.js"},{"block_hashes":["KORsGq52GbGHexi2+9/9981yY0KZ3KpfWWxeBpUGPfM="],"block_size":4096,"path":"js/youtube-create.js"},{"block_hashes":["s0LiHEXDwsO2KTLQxUBi951dT3Zoa9dH7PrjuDn30sE="],"block_size":4096,"path":"js/youtube.js"},{"block_hashes":["H64cnjeRlqb44ASDi0zFhNn9c1HHfhDix3N0YWpAu2c=","NL4G2qBxbxPtc8qCg/OOQIgTaVjty5moX0SrrWSg8ew=","GGFQ+TAtZ2DJfffg3f7IFtHyY6DA8V49aLbRI9zQ3vw=","R7DUTGk71CZIiGG8L9V0LsslMn9Fe/qwP9jCwRktj0s=","iJl7cbFYn2SJWoRNDanDRwp/pdkihQuwUfXGO87Dcps=","CW5Q6z9AmJ/25S5FZMi70KOZ1heGAgFrIDbN8Jsgfac=","U4LY/VLW/Yr0XBuYtG5JhO2FlRuQdz2Ati2lloAa+Bg=","rFRgzZgHjQjqryS1Nsrb4tzvxc4Hrr3NCvBuQVi3oqU=","XFWUq0Ylsp9Z5TgFKX2ZTI0QjWPP7vUJ15oOq2R6xjY=","ofuOI40B8RRUyQ43kLIuxYuWnYQkzDfVNm19vSRLDHg=","fpArBx28wanpKqurJaavgJ+6j2p1xe5HIUcFzIX1BF8=","FVkokk2Vby4qqsFQnI7bj8Xoo0o/nSVrr0HDXM7QNIw=","hYBk6SkvuUKtwdZWzk54apSIHvPlWVYzN4Y64NaK6hk=","5/wZmSfvWx7KPsIMfJrCaxJMWQlY/FYT4/mcnVDcyEM=","HYNRcFNXWcNtxdFIrhFoO0qdE2GuXEN08Lfr8iLtrco="],"block_size":4096,"path":"lib/aes.js"},{"block_hashes":["HQ0KeNKtphevJfErxlJNHI1HF1/3zJBWjM9MOe+ZlvQ=","DsI6MG0MRdHEkv/5OiGBi/mi+oPS9k1mIAoj21jcLts=","0EU9FLL6ekcACLdjCFfnRL0HOZGMUrL8u3lNkjnxRsg=","nEcl4Uk2Wvv/XbF/E1so78E6TX9vQiqRJaybQTeUZf8=","6xsUgcvligbNaPRKP5Wa6MJ7xe5OmZV35SVt461Belo=","Y3To36hyWbEVH85yGcyZ2RBlqk/uR2nSRX7XUF2bImk=","VhO+fVtd189kP5Z8bxM+N8OkwrmzrmJDhe9kYmk+WjQ=","OLLqhnijLmAPcZ3eQYs7xInxtTG3eyL+/30q8TLWgs8=","z4PH4DgcL1ftSDWtZrIim7/quxQYyHGk/hDDLWllrZk=","SGUDMnVwov5TLL3Of4xZtdPoigLiCxn2L5zMJVBIqkU=","hUZ5MbFJVGUkN54DCM1+eokFw4QQopcAXkQfAC2PFhQ=","6+RtmH4WqjqHrBJLCh+YSvDzin20MYPPE//eSTu0STs="],"block_size":4096,"path":"lib/bigint.js"},{"block_hashes":["yvAnVoCKUZC8KiIUrDr7oxG1ZB5KS0XzqTYfZlLlAuY=","HHEINfKb4TcMcM1/TymM9MCBJCeBSDkVB8363ucm4M4=","5bSesMkCSi4HHsyzb/JOLv/QZZKjcxXmBILGrJGyfYM=","hnXBA9hpbVqwb7kXoFHDHN/hUOnmdmJSX4CoqTVV/4s=","gan1NoQftJz9dTsNZVYKCrOa8g+8C1+Wd+9l2jj0120=","nZR0R5CFtIHU3TqrSfuY8cV57LtzntapeH/6XeJKu4k=","8FdNW/JKmxiKP6Bbqnb29KmNUw0F/98m6SYPdotzL9U=","pNFTz/OFcIHnpqh4YzVSDaX+LrOSkD8ah/GAhm+Sx+0=","5R6XYUboTjikJbBL7fcygQ5I50Yu8sDPdWlAGWW7zno=","2ilUgbhlmudzFqC7wZHBhYLymmfhiyGmDBwHjgYtN4U=","c4odZ9Si6ScCQOI4sQingMcHO1Csd/0RHJARIw200Hg=","mwXx+KX19/50IBWJ4pkKxwl6G5msobkW4FJDKMqp6do=","EnCDU7L2tF0gxx+Jj2alPzLk6LMbJOhYpJK3enb8FfI=","0mlcI4kJjPWEX6nb41shl5759M8TsGUuYYfpgk+nUy0=","gcitoY63804k+t4wkqs0AuSoJ8VLufJfF4NgwDxkmT0=","Dmlk3XzFcW9O7/tkX3gixiSXHO/TcEt1d3IqhIoxOdI=","iFElPHT9SEGfeK44Fi8dwynqQspULOx+tqywI/IGpIg=","xdCH6BT3uH+cypGLG2NRc2TxRmveJYogulHrCriWRQY=","Lb4inPN63klEmexvaXgyB2KHnyKybpW4yN9qX4pRP4A=","oiaBqvLlSEMf7diFFYWe+jn3A4MTkX9zkbpGxuEQVRU=","HzZ71vdI03eC4RlP4kt6ONNmLM+dxE6zLhLUAJxjPBM=","o3Ih6wn2PygsQDUeY1NZNObp5BCvLJcElfIB/xb7h9Y=","V+RHVBhR4xChH1AAtIVay8jpoi88cE7xdxf5Y2TBRZk=","FHcn8HSZoGVBeNB+c8xXx7rrjsX28Y2LLwcmfVAo5mk=","NJj+WiZcwjlF1E5Y7C4ITSdZYRcNPqkoF+mOJ8fuA6M=","y4YiZobAoOQQIKSnqMgB2Sb1XBO22EZpMPID6OtclZU=","R/pFM6cnpFchN/1Kj0A9v4X5Bg/xpxofodjH3hPULvA=","KaZkPNN6HvvcSN4JGGvpaL/TA+TCw2/7k3FxOXtrHOE=","k7CNoAOXSxTGLrkBhuHpPfg0PuTXBy/JNGv8goVVIyY=","O8TM3Ju26ux4nlWb/BuZ1MQ8a3Z0WzWQt6aWLThotYs="],"block_size":4096,"path":"lib/bootstrap.min.css"},{"block_hashes":["teQki1Rq3B8KK5nzaKTntGnZ0ZMy6njgcOXA+KRNn44=","/fMcAjg+tmZ16fvN4CZAuPQt23BRD+tSEWXsuxzJUkw=","WsoKWAiHe20svx9AZi4xAWnr2yn9GAYXeMSL2KaS9bU=","4DO/R5xtIwvmmNIUP/bVzfXYQPF+cn+9uEnpG2dI0y8=","ALKLbMEPxa6VoEnMB5XYFo45M3S4iecn6l5glIBOX04=","SKKTu01WJSHEHgOlb0awQBw8nA/traBybmYwlKAiDgU=","gozBB4aj2xjXe//BAvnMBVKdeXFWnZTq1NSPGlMWTHI=","a8qGZ1SwAHBF2fsWGZjOk8AR0OZH1VgjhUjBRmJ1vR4=","G5KtftW77qtE7TopD75ANh2pJenqO1HEzwVJ00+pu8E=","vUfA5SAk2DDlFdhvKu+pjo+SEhRNDqQf1RM4CsNfH2o="],"block_size":4096,"path":"lib/bootstrap.min.js"},{"block_hashes":["rJIpcAW3zK0kZLLVorBWMTkYkE3zRW7AnPjsiKnzU8Y=","DA+PKrzN6GuE5962F/NEv102MoD0RBRg4hnDSCmR+dg=","I+TJKXLPWzA0J/SvU33uKlFAiOJKLXkU/QIOyUbN6dE=","WrtCB+a8f1cbw0HUD0dEjhpDQM8gT1WreWY0IrKRXYA=","rRxNvq2RaNf3dxpLL99ErPaBjhbdVgeFkv0G7ptAD5U=","p/xP8p94u1//3OXzxQOpYZCR1zR4irM+2lfJ++kTtuw="],"block_size":4096,"path":"lib/colorpicker.js"},{"block_hashes":["orI6GuSsSL0Lhd/RlVO/H2qy7I2Yq6LKHaKtdEfVADQ="],"block_size":4096,"path":"lib/jquery-editable-select.min.css"},{"block_hashes":["ZM2Fvd5yzIIEvoF/nip3dVQwT7J8A9tE3Q+4u5nshgI=","AdpY6Dxtd25zIYEAqDcjkuBxPgjOnNhrTj6SkJTFCAI="],"block_size":4096,"path":"lib/jquery-editable-select.min.js"},{"block_hashes":["Vzm90+eEmA87Q+ImTPM8mBImKlC/c3e5lkRNk2ZuQZ0=","QFd+BfqIEBob23qdLOq2gqGDvzXBuXFGnEDxBhrF5KM=","Ld8Yzhk3JQxP9vQnDx1C7xWF5PWn6bG1uz3T3/+tH9s=","qQPYCVkTn3+PCoqrSGNsWIGLcHetCih+T9TZhEvxrM0=","Qyo9VyWKSL8R9l8VXjn1Kr1vpv5GFkfEnOnH6EFmksk=","lQnl4raQu7JZoRMX99wBO0+ycpAlwZ6l2vFHbWaQLIw=","xFjvHXuG9DgzhJPKRiDkNqfmhiVyozqiMUgrtfGhu3g=","5w/wtIYPywSn2kiZ/REEjMcTPgTVlfyLFx8D5cRG8MQ=","6GfNEU5A7hFXVWnHfmmxKzRQKn0nSZwbyqilU5C56bo=","5n3sOuRL8gJN/ZebhQ/pkMCPeKpo67KYxb9cYE422O8=","3C3dqgOZaVPB/A+Xc+g5kfxEfnfP7RsLEwNtakQRdfc=","cWosDLj0QobIl0qtIaxgnpvZs2difEu2Oi5A8f1MD1g=","tmbw+6Bb2ZY4g1zMixv6KGATrIQ8L1JBLF1qTXuFFlw=","mNfe0NA7Gjy3x63X7HfrqtaRT2UCW3VBXWyBEyY7DrQ=","KwjK3yLvxw38HQbu/STo8ENTXg6eyNvs+h0fqSLa0V4=","vvwGss9Sl/ytsMJZki15mPPqty65HGbyc/FhZata/EA=","+ZKLSgZuLHSVoMPqIhpFtOR5RSUYyYsAPSBjgja+4lc=","kG/3vrwPpr1s0JgVEvdQ2gwEnoCDm2sEeFmz3GNxarw=","AJrqfchlBrw0qRpEDK3TfvU7J7B7mTbwZXyqHE3dn8A=","t4YdgXlvmHr/uMVJRUBgGC8/PcHjvCJYf0ExidwaaKA=","JA5eRbVzVse27JK0aCAdaFboAv3vum0jJVKgeFoYbl0=","1VWTQTudu5dgx1aZuVCE/4MzMRJpBBr/MT9OeZXnKrQ=","msJUKrc/KUkU25CvMEBBq4y5FtpOMNWywj4+ocut2zM=","JBt4BiVoGIZbcGuSrRhR3DDxXIjULVgpZvmhS+QzAeQ="],"block_size":4096,"path":"lib/jquery.min.js"},{"block_hashes":["IGWhIZQSKYBm5PUAYpVNb87oGO4RZ5zgxYkB8LDhVk8=","1daCSz94n0x2C8KJFPgS/wNxXqCTdRQxMDBbLr3k8tA=","hFiH8Wh1mwPkI0zn15yjfE7/7zpfJDXb/JVK7CegUY4="],"block_size":4096,"path":"lib/jquery.range-min.js"},{"block_hashes":["Qg12FouEy4K8yaw+FJM/0E+fMTaaz/H1d6hnTBsIMAY=","wIedBv0JtkTmiN60qZ0c31otdVHsFaJNrcg+ubm/Z8Y="],"block_size":4096,"path":"lib/jquery.range.css"},{"block_hashes":["ILZPqzSDnouzxO4nqjdSA085R3kAs51LSZnR29aAxjk=","ABjFJgBkt9V7NwXTpGne71yxvtxZUfkYq5AXhCJq8yc=","M6+HzOBxEu1FMJKj8hHPqvkayIIHOcrEoegozEnB36A=","rl+9Q96BvhkFnmetGqJ/qlXJpIGYOt9vSucrS2ugNyo=","fCkF39ETXY2UxkUazslP1diJo5WeV7UkPb+oTDmhD6s=","fi4lWEZI/TxVdqqrehyYRareFV4A3PQ1KOAwWWnePow=","nljZz+PDRtywRiXrqHxLpRALxhLGi6taDFi4lDBWEs0=","vfVt7rGTukmInkNg6u3WULP1eLe0cbPb73gKwj43lsI=","RqfCK4hEyPFb68M/kTCuDvgeW34C3N7mdnfnCBKt/tI=","JhZ+XIUWuzo+jklM84+QTaUAjld3KnFBm4GNYDFweDs=","aVANWC/QgKTv4tATf0Om38v4Ftf/ZtWBlZYce7QPODU=","Bv3b7eRBIE6yVPSfP+N2aKVW79pd5XRUZYitDQq/QPw=","8y5ru2QoXWX+ENDBvwKbf4Vw1W7VwRrF5iQAWahSlRs=","XFQ4s4H1ixodUzm5+42XlKHvZ3bRQoXqZL6fwlCDCGM=","zUR6tsvKoVrO73YNUpe6TGF+G5QNHuT8q6RWq854Mlo=","WbMnvenqtygS+qnxizCZeufMljIfCBDwhZg9wBSOImM=","bA/28ZWLNA+t8bQyvxfzHirveWK2Do6AA/ugH7bCy/Y=","7NGWE9sJEcpeDm/ZigFH3FDqIjRooFlbJE3gJI/tbYE=","9njXDZeM2zrPaYsgM/gVl9mthm9qHDe4ojyZ39HKIb8=","QlKH1xx3ez8ExViffguNlDjUQgC0yw7D3u8fJKEDirs=","n3ARnWMmn+cjomjwk9bau4Y6XAVn1BkwHZAxhm4wgZM=","sSD4cW4EY3B2HMOYZ9+tnF7a7glbMIDJ1mXqoDYDm6s=","o4bVkyItGkkXDSeRX8I0pgNMaAfpZsVFMI6lcsRLlAE=","T2PpPOV8C3gHEQXpjpzDfWFzDtS9PNKQWr9RWlI0aT4=","d0B4crLw5rrtpDvd4UCS1tQmuGdCL0tUxxZeqcLepQc=","Z+qBcv1AdHZQxSVmlU/hNvK+AYBHmvVpFb3MlHUly10=","/O/3EjtfG3HG1g3c57i0QjgoeLaiF8rmpNGoFup8Ha8=","qXfEMHj0YgelEWm7OTO/b0awKOqiAE3YvSngABDE9m4=","F/ImUs8fkeIUViWlF4LyS34f/BQEUxgMTA/k+c6z1e8=","fvQ+frQZdVbiO0nNvfBatqhdFrn1DhvuBCz9na5zkLo=","flppQzP+UcQfDsHtFe4NiuXv0ME7A/IADB3Mt3sh4EM="],"block_size":4096,"path":"lib/rplayer.min.js"},{"block_hashes":["dXIHE3YZQyWNNAGDB9yDI6aerHmxFP+DPk/CLR6+tZI=","h8WK41UgEAS3vYgRO6ctwO4JmLWOeMyL2cuHD5L4t8s=","j8JEJXDPerGGR6ARu+8a30xnrVbGTx/dhq18H53ExEg=","KMMKHFk7XSdrAxkJMY/I2OOeKksIaUikYBJB4f6Mqyg="],"block_size":4096,"path":"lib/Sortable.min.js"},{"block_hashes":["coBIGe4ytLfLoJ3VRKNxqI0u239RlKPTqZtMrqMeEHM="],"block_size":4096,"path":"options.html"},{"block_hashes":["upuSBG6EAmHj90f2FMXPkb9c8/LZucjncPoBzCDQQZo=","Qypq7XAr/FfJ5C1uqQwZFSXZcq1pJYmaVyIw+kUWBTk=","1tA2cwMTyxSq1cL/p6ktqnZUZ5ntTxUpJ5dl/7p5WmE=","vFRjIqDqn2jla1BpsB0qGXcsPmp3qWi9D9MR4qZqzwg=","2n7nzzzlT9caUiqV5byJOWOTj5J0sBVJ26c4+jNM7zU=","B50Y6gUGGrjVVatCA6hAYK8uyIkhr2FdZMnCrPKeFCw=","WSOD/CPsdMOvf3beZTXjws6JBhyFnK8TkANWF/hYh30=","gNiGvwsU8rt/BsbcBvnCGS52beQHNwCl7gkbNi94gcQ=","7I/xccMJ3Vo2xNCFI86nFcBdVCK6ol0P6gbdG3riILQ=","XmcFFpaMfu8NQsPgPsOWmPn34QRe27tuICWLKuZMigk=","2/MqTILKXXHO7Ngk2gcH2YC+VGVl8HmhLoRVF9W5u/w=","3AnhPxV9BNFz4/X/Zdfn1R6hcrl2LPzbS+zppIJLOW8="],"block_size":4096,"path":"popup.html"},{"block_hashes":["SkNU91lJk5n1C9jE+eGwuEfxEaxlsBJCBuyqSzSuIao="],"block_size":4096,"path":"req.js"}],"version":2}