﻿{
"common": [
  "🖕",
  "anal",
  "bdsm",
  "cigarette",
  "cigarettes",
  "condom",
  "e-cigarette",
  "e-cigarettes",
  "erotic",
  "free download",
  "fuck",
  "gaza",
  "hot sex",
  "kamasutra",
  "kinky",
  "nazi",
  "nsfw",
  "orgasm",
  "orgy",
  "Palestinian",
  "Palestinians",
  "porn",
  "porno",
  "pornographic",
  "pornography",
  "Sex Photos",
  "sex stories",
  "Sex Videos",
  "swastika",
  "torrent",
  "Islam is a culture full of hatred"
],
"en":[
"2 girls 1 cup",
"2g1c",
"acrotomophilia",
"alabamahotpocket",
"anilingus",
"anus",
"apeshit",
"arsehole",
"asshole",
"assmunch",
"autoerotic",
"auto-eroticism",
"babeland",
"babybatter",
"babyjuice",
"ballgag",
"ballgravy",
"ballkicking",
"balllicking",
"ballsack",
"ballsucking",
"bangbros",
"bareback",
"barelylegal",
"barenaked",
"bastardo",
"bastinado",
"bbw",
"beaner",
"beaners",
"behead",
"beheaded",
"beheading",
"beavercleaver",
"beaverlips",
"bestiality",
"bigblack",
"bigbreasts",
"bigknockers",
"bigtits",
"bimbos",
"birdlock",
"bitch",
"bitches",
"blackcock",
"blondeaction",
"blondeonblondeaction",
"blowjob",
"blowyourload",
"blowjob",
"bluewaffle",
"blumpkin",
"bollocks",
"bondage",
"boner",
"boob",
"boobs",
"bootycall",
"brownshowers",
"brunetteaction",
"bukkake",
"bulldyke",
"bulletvibe",
"bullshit",
"bunghole",
"bunghole",
"busty",
"buttcheeks",
"butthole",
"cameltoe",
"camgirl",
"camslut",
"camwhore",
"carpetmuncher",
"chocolaterosebuds",
"circlejerk",
"cleveland steamer",
"clit",
"clitoris",
"clover clamps",
"cluster fuck",
"clusterfuck",
"cock",
"cocks",
"coon",
"coons",
"coprolagnia",
"coprophilia",
"corn hole",
"creampie",
"cum",
"cumming",
"cunnilingus",
"cunt",
"darkie",
"daterape",
"daterape",
"deepthroat",
"deepthroat",
"dendrophilia",
"dildo",
"dingleberries",
"dingleberry",
"dirtypillows",
"dirtysanchez",
"dogstyle",
"doggiestyle",
"doggiestyle",
"doggystyle",
"doggystyle",
"dolcett",
"domination",
"dominatrix",
"dommes",
"donkeypunch",
"doubledong",
"doublepenetration",
"dpaction",
"dryhump",
"dvda",
"eat my ass",
"ecchi",
"ejaculation",
"erection",
"erotism",
"female escort",
"female escorts",
"eunuch",
"faggot",
"fecal",
"feet licking",
"felch",
"fellatio",
"feltch",
"female squirting",
"femdom",
"figging",
"finger bang",
"first sex",
"fisting",
"foot fetish",
"foot job",
"fuck buttons",
"fuckin",
"fucking",
"fucktards",
"fudge packer",
"gangbang",
"gaysex",
"genitals",
"giant cock",
"girl on top",
"girls gone wild",
"god damn",
"gokkun",
"golden shower",
"goo girl",
"good poop",
"goregasm",
"grope",
"groupsex",
"gunman",
"guro",
"gspot",
"g-spot",
"hand job",
"hentai",
"homoerotic",
"honkey",
"hooker",
"hot carl",
"hot chick",
"how to kill",
"how to murder",
"huge fat",
"humping",
"incest",
"jackoff",
"jailbait",
"jailbait",
"jelly donut",
"jerk off",
"jigaboo",
"jiggaboo",
"jiggerboo",
"jizz",
"juggs",
"kike",
"kinbaku",
"kinkster",
"kkk",
"knobbing",
"ku klux klan",
"leather restraint",
"leather straight jacket",
"lemonparty",
"lolita",
"love making",
"Las Vegas shooting",
"make me come",
"male squirting",
"masturbate",
"menageatrois",
"milf",
"missionary position",
"motherfucker",
"mound of venus",
"mound of venus",
"mrhands",
"muff diver",
"muff diving",
"nambla",
"nawashi",
"negro",
"neonazi",
"nignog",
"nigga",
"nigger",
"nimphomania",
"nipple",
"nipples",
"nude",
"nudist",
"nsfw images",
"nympho",
"nymphomania",
"Nymphomaniac",
"octopussy",
"omorashi",
"one cup two girls",
"one guy one jar",
"paedophile",
"paki",
"panties",
"panty",
"pedobear",
"pedophile",
"pegging",
"penis",
"phonesex",
"pieceofshit",
"pisspig",
"pissing",
"pisspig",
"playboy",
"pleasurechest",
"pole dance",
"pole dancing",
"polesmoker",
"pony play",
"poon",
"poon tang",
"poop chute",
"prince albert piercing",
"pthc",
"pubes",
"punany",
"pussy",
"queaf",
"queef",
"quim",
"raghead",
"raging boner",
"rape",
"raping",
"rapist",
"rectum",
"reverse cowgirl",
"rim job",
"rimming",
"rosy palm",
"rosy palm and her 5 sisters",
"rusty trombone",
"s&m",
"sadism",
"santorum",
"scat",
"schlong",
"scissoring",
"semen",
"sex stories",
"sexo",
"sex robot",
"sex doll",
"Sex Photos",
"Sex Videos",
"shaved beaver",
"shaved pussy",
"shemale",
"shibari",
"shitblimp",
"shota",
"shrimping",
"skeet",
"slanteye",
"slut",
"smut",
"snow balling",
"sodomize",
"sodomy",
"sperm",
"spic",
"splooge",
"splooge moose",
"spooge",
"spread legs",
"spunk",
"strap on",
"strapon",
"strappado",
"stripclub",
"strip club",
"style doggy",
"suicide girls",
"sultry women",
"supremacist",
"swinger",
"taintedlove",
"tastemy",
"teabagging",
"threesome",
"throating",
"tiedup",
"tight white",
"tit",
"tits",
"titties",
"titty",
"tongueina",
"topless",
"tosser",
"towel head",
"tranny",
"tribadism",
"tub girl",
"tubgirl",
"tushy",
"twat",
"twink",
"twinkie",
"two girls one cup",
"up skirt",
"urethra play",
"urophilia",
"vagina",
"venusmound",
"vibrator",
"violet wand",
"vorarephilia",
"voyeur",
"vulva",
"wank",
"wet dream",
"wetback",
"white power",
"wrapping men",
"wrinkled starfish",
"yaoi",
"yellow showers",
"yiffy",
"zoophilia"
],
"ar":[
"الجنس",
"جنسانية",
"غزة",
"اللاجئين",
"السجن",
"فلسطين",
"إرهاب",
"الموت",
"التهديد",
"الاحتلال",
"مقاومة",
"أصولي",
"التهميش",
"الصهيونية",
"سيطرة",
"استشهاد",
"حزب الله",
"قتل",
"ميت",
"جيش",
"العدو",
"الإرهابيين"

],
"bn": [
"সেক্স",
"কনডম",
"সঙ্গমের",
"যোনির",
"পুরুষাঙ্গ"
],

"cs":[
"bordel",
"buzna",
"chcanky",
"chuj",
"debil",
"dopiče",
"doprdele",
"držka",
"dršťka",
"flundra",
"hajzl",
"hovno",
"jebat",
"kokot",
"kokotina",
"koňomrd",
"kunda",
"kurva",
"mamrd",
"mrdat",
"mrdka",
"mrdník",
"oslošoust",
"pizda",
"piča",
"prcat",
"prdel",
"prdelka",
"píchat",
"píčus",
"sračka",
"srát",
"vypíčenec",
"zkurvit",
"zkurvysyn",
"zmrd",
"šoustat",
"žrát",
"šulin",
"čumět",
"čurák"
],
"da":[
"anus",
"bøsserøv",
"cock",
"fisse",
"fissehår",
"fuck",
"hestepik",
"kussekryller",
"lort",
"luder",
"pik",
"pikhår",
"pikslugeri",
"piksutteri",
"pis",
"røv",
"røvhul",
"røvskæg",
"røvspræke",
"shit"
],
"de":[
"MILF",
"analritter",
"arsch",
"arschficker",
"arschlecker",
"arschloch",
"bimbo",
"bonze",
"bratze",
"bumsen",
"dödel",
"erotisch",
"erotisches",
"erotik",
"fick",
"ficken",
"flittchen",
"fotze",
"fratze",
"hackfresse",
"hure",
"hurensohn",
"ische",
"kackbratze",
"kacke",
"kacken",
"kackwurst",
"kampflesbe",
"kanake",
"kimme",
"lümmel",
"morgenlatte",
"mufti",
"muschi",
"möpse",
"möse",
"nackt",
"neger",
"nigger",
"nippel",
"nutte",
"onanieren",
"orgasmus",
"pimmel",
"pimpern",
"pinkeln",
"pissen",
"pisser",
"popel",
"poppen",
"porno",
"reudig",
"rosette",
"Sex robot",
"sex doll",
"schabracke",
"scheisser",
"scheiße",
"schiesser",
"schlampe",
"schnackeln",
"schwanzlutscher",
"schwuchtel",
"tabak",
"tittchen",
"titten",
"vollpfosten",
"vögeln",
"wichse",
"wichsen",
"wichser",
"Zigaretten",
"Der Islam ist eine Kultur voller Hass"
],

"eo":[
"bugren",
"bugri",
"bugru",
"diofek",
"diofeka",
"fek",
"feken",
"fekfikanto",
"feklekulo",
"fekulo",
"fik",
"fikado",
"fikema",
"fikfek",
"fiki",
"fikilo",
"fikiĝi",
"fikiĝu",
"fikklaŭno",
"fikota",
"fiku",
"forfiki",
"forfikiĝu",
"forfiku",
"forfurzu",
"forpisi",
"forpisu",
"furzulo",
"kacen",
"kaco",
"kacsuĉulo",
"kojono",
"piĉen",
"piĉo",
"zamenfek",
"ĉiesulino",
"ĉiesulo"
],
"es":[
"Asesinato",
"Bollera",
"Cabron",
"Cabrón",
"Caca",
"Chupada",
"Chupapollas",
"Chupetón",
"Conchadetumadre",
"Coprofagía",
"Coño",
"Culo",
"Drogas",
"Esperma",
"Fiestadesalchichas",
"Follador",
"Follar",
"Gilipichis",
"Gilipollas",
"Hacerunapaja",
"Haciendoelamor",
"Heroína",
"Hijadeputa",
"Hijaputa",
"Hijodeputa",
"Hijoputa",
"Idiota",
"Imbécil",
"Jilipollas",
"Kapullo",
"Lameculos",
"Maciza",
"Macizorra",
"Mamada",
"Marica",
"Mariconazo",
"Maricón",
"Mierda",
"Nazi",
"Orina",
"Pedo",
"Pervertido",
"Pezón",
"Pinche",
"Pis",
"Prostituta",
"Puta",
"Racista",
"Ramera",
"Semen",
"Sexo",
"Sexooral",
"sexualmente",
"Soplagaitas",
"Soplapollas",
"Sádico",
"Tetasgrandes",
"Travesti",
"Trio",
"Tíabuena",
"Verga",
"Vulva",
"asno",
"bastardo",
"concha",
"infierno",
"maldito",
"martillo",
"vetealamierda"
],
"fi":[
"alfrednussi",
"bylsiä",
"haahka",
"haistapaska",
"haistavittu",
"hatullinen",
"helvetisti",
"hevonkuusi",
"hevonpaska",
"hevonperse",
"hevonvittu",
"hevonvitunperse",
"hitosti",
"hitto",
"huorata",
"hässiä",
"juostenkustu",
"jutku",
"jutsku",
"jätkä",
"kananpaska",
"koiranpaska",
"kuinesterinperseestä",
"kulli",
"kullinluikaus",
"kuppainen",
"kusaista",
"kuseksia",
"kusettaa",
"kusi",
"kusipää",
"kusta",
"kyrpiintynyt",
"kyrpiintyä",
"kyrpiä",
"kyrpä",
"kyrpänaama",
"kyrvitys",
"lahtari",
"lutka",
"molo",
"molopää",
"mulkero",
"mulkku",
"mulkvisti",
"muna",
"munapää",
"munaton",
"mutakuono",
"mutiainen",
"naida",
"nainti",
"narttu",
"neekeri",
"nekru",
"nuollapersettä",
"nussia",
"nussija",
"nussinta",
"paljaalla",
"palli",
"pallit",
"paneskella",
"panettaa",
"panna",
"pano",
"pantava",
"paska",
"paskainen",
"paskamainen",
"paskanmarjat",
"paskantaa",
"paskapuhe",
"paskapää",
"paskattaa",
"paskiainen",
"paskoa",
"pehko",
"pentele",
"perkele",
"perkeleesti",
"persaukinen",
"perse",
"perseennuolija",
"perseetolalla",
"persereikä",
"perseääliö",
"persläpi",
"perspano",
"persvako",
"pilkunnussija",
"pillu",
"pillut",
"pipari",
"piru",
"pistää",
"pyllyvako",
"reikä",
"reva",
"ripsipiirakka",
"runkata",
"runkkari",
"runkkaus",
"runkku",
"ryssä",
"rättipää",
"saatanasti",
"suklaaosasto",
"tavara",
"toosa",
"tuhkaluukku",
"tumputtaa",
"turpasauna",
"tussu",
"tussukka",
"tussut",
"vakipano",
"vetääkäteen",
"viiksi",
"vittu",
"vittuilla",
"vittuilu",
"vittumainen",
"vittuuntua",
"vittuuntunut",
"vitun",
"vitusti",
"vituttaa",
"vitutus",
"äpärä"
],
"fr":[
"anti-blanc",
"anti-occidental",
"anti-européen",
"baiser",
"bander",
"bigornette",
"bite",
"bitte",
"bloblos",
"bordel",
"bosser",
"bourré",
"bourrée",
"brackmard",
"branlage",
"branler",
"branlette",
"branleur",
"branleuse",
"brouterlecresson",
"caca",
"cailler",
"chatte",
"chiasse",
"chier",
"chiottes",
"clito",
"clitoris",
"con",
"connard",
"connasse",
"conne",
"couilles",
"cramouille",
"djihad",
"drague",
"déconne",
"déconner",
"emmerdant",
"emmerder",
"emmerdeur",
"emmerdeuse",
"enculeur",
"enculeurs",
"enculé",
"enculée",
"enfoiré",
"enfoirée",
"facisme",
"Faire l'amour",
"fatwa",
"filledepute",
"filsdepute",
"folle",
"foutre",
"génocide",
"gerbe",
"gerber",
"gouine",
"grandefolle",
"grogniasse",
"gueule",
"guerre ethnique",
"jouir",
"l’antisémitisme",
"laputaindetamère",
"MALPT",
"merde",
"merdeuse",
"merdeux",
"meuf",
"ménageàtrois",
"Àtrois",
"niquetamère",
"niquetarace",
"nègre",
"palucher",
"pipi",
"pisser",
"pouffiasse",
"pousse-crotte",
"putain",
"pute",
"pédale",
"pédé",
"péter",
"Racisme",
"ramoner",
"sacàmerde",
"salaud",
"salope",
"suce",
"Suprémacistes noirs",
"suprémacistes musulmans",
"tapette",
"teuf",
"tringler",
"trique",
"trouducul",
"turlute",
"veuve",
"violer",
"zigounette",
"zizi",
"étron",
"érotique",
"horreur",
"viol",
"violée",
"esclavesexuel",
"esclavessexuelles",
"d'esclavessexuelles",
"jouetsexuel",
"sextoys",
"Lemassage«avecfinitions»",
"Fairel'amour",
"Sextos"
],
"hi":[
"aand",
"aandu",
"balatkar",
"betichod",
"bhadva",
"bhadve",
"bhandve",
"bhootnike",
"bhosad",
"bhosadike",
"boobe",
"chakke",
"chinaal",
"chinki",
"chod",
"chodu",
"chodubhagat",
"chooche",
"choochi",
"choot",
"chootkebaal",
"chootia",
"chootiya",
"chuche",
"chuchi",
"chudaikhanaa",
"chudanchudai",
"chut",
"chutkebaal",
"chutkedhakkan",
"chutmaarli",
"chutad",
"chutadd",
"chutan",
"chutia",
"chutiya",
"gaand",
"gaandfat",
"gaandmasti",
"gaandufad",
"gandu",
"gashti",
"gasti",
"ghassa",
"ghasti",
"harami",
"haramzade",
"hawas",
"hawaskepujari",
"hijda",
"hijra",
"jhant",
"jhantchaatu",
"jhantkebaal",
"jhantu",
"kamine",
"kaminey",
"kanjar",
"kutta",
"kuttakamina",
"kuttekiaulad",
"kuttekijat",
"kuttiya",
"loda",
"lodu",
"lund",
"lundchoos",
"lundkhajoor",
"lundtopi",
"lundure",
"maakichut",
"maal",
"madarchod",
"moohmeinle",
"mutth",
"najayaz",
"najayazaulaad",
"najayazpaidaish",
"paki",
"pataka",
"patakha",
"raand",
"randi",
"saala",
"saalakutta",
"saalikutti",
"saalirandi",
"suar",
"suarkiaulad",
"tatte",
"tatti",
"terimaakabhosada",
"terimaakabobachusu",
"terimaakichut",
"tharak",
"tharki",
"लंड",
"सेक्स"
],
"hu":[
"balfasz",
"balfaszok",
"balfaszokat",
"balfaszt",
"barmok",
"barmokat",
"barmot",
"barom",
"baszik",
"bazmeg",
"buksza",
"bukszák",
"bukszákat",
"bukszát",
"búr",
"búrok",
"csöcs",
"csöcsök",
"csöcsöket",
"csöcsöt",
"fasz",
"faszfej",
"faszfejek",
"faszfejeket",
"faszfejet",
"faszok",
"faszokat",
"faszt",
"fing",
"fingok",
"fingokat",
"fingot",
"franc",
"francok",
"francokat",
"francot",
"geci",
"gecibb",
"gecik",
"geciket",
"gecit",
"kibaszott",
"kibaszottabb",
"kurafi",
"kurafik",
"kurafikat",
"kurafit",
"kurva",
"kurvák",
"kurvákat",
"kurvát",
"kúr",
"leggecibb",
"legkibaszottabb",
"legszarabb",
"marha",
"marhák",
"marhákat",
"marhát",
"megdöglik",
"pele",
"pelék",
"picsa",
"picsákat",
"picsát",
"pina",
"pinák",
"pinákat",
"pinát",
"pofa",
"pofákat",
"pofát",
"punci",
"puncik",
"pöcs",
"pöcsök",
"pöcsöket",
"pöcsöt",
"segg",
"seggek",
"seggeket",
"segget",
"seggfej",
"seggfejek",
"seggfejeket",
"seggfejet",
"szajha",
"szajhák",
"szajhákat",
"szajhát",
"szar",
"szarabb",
"szarik",
"szarok",
"szarokat",
"szart"
],
"it":[
"allupato",
"ammucchiata",
"anale",
"arrapato",
"arrusa",
"arruso",
"assatanato",
"bagascia",
"bagassa",
"bagnarsi",
"baldracca",
"balle",
"battere",
"battona",
"belino",
"biga",
"bocchinara",
"bocchino",
"bofilo",
"boiata",
"bordello",
"brinca",
"bucaiolo",
"budiùlo",
"buonadonna",
"busone",
"cacca",
"caccatiinmanoeprenditiaschiaffi",
"caciocappella",
"cadavere",
"cagare",
"cagata",
"cagna",
"cammello",
"cappella",
"carciofo",
"carità",
"casci",
"cazzata",
"cazzimma",
"cazzo",
"checca",
"chiappa",
"chiavare",
"chiavata",
"ciospo",
"ciucciamiilcazzo",
"coglione",
"coglioni",
"cornuto",
"cozza",
"culattina",
"culattone",
"culo",
"dimerda",
"ditalino",
"duro",
"fareunaŠ",
"fava",
"femminuccia",
"fica",
"figa",
"figliodibuonadonna",
"figliodiputtana",
"figone",
"finocchio",
"fottere",
"fottersi",
"fracicone",
"fregna",
"frocio",
"froscio",
"fuoricomeunbalcone",
"goldone",
"grilletto",
"guanto",
"guardone",
"incazzarsi",
"incoglionirsi",
"ingoio",
"l'artebolognese",
"leccaculo",
"lecchino",
"lofare",
"loffa",
"loffare",
"lumaca",
"manico",
"mannaggia",
"merda",
"merdata",
"merdoso",
"mignotta",
"minchia",
"minchione",
"mona",
"monta",
"mussa",
"navescuola",
"nerchia",
"nudo",
"padulo",
"palle",
"palloso",
"patacca",
"patonza",
"pecorina",
"picio",
"pincare",
"pipa",
"pippone",
"pipì",
"pirla",
"pisciare",
"piscio",
"pisello",
"pistola",
"pistolotto",
"pomiciare",
"pompa",
"pompino",
"porca",
"porcamadonna",
"porcamiseria",
"porcaputtana",
"porcodue",
"porcozio",
"potta",
"puppami",
"puttana",
"quaglia",
"recchione",
"regina",
"rincoglionire",
"rizzarsi",
"rompiballe",
"ruffiano",
"sbattere",
"sbattersi",
"sborra",
"sborrata",
"sborrone",
"sbrodolata",
"scopare",
"scopata",
"scorreggiare",
"sega",
"slinguare",
"slinguata",
"smandrappata",
"soccia",
"socmel",
"sorca",
"spagnola",
"spompinare",
"sticchio",
"stronza",
"stronzata",
"stronzo",
"succhiami",
"sveltina",
"sverginare",
"tarzanello",
"terrone",
"testadicazzo",
"tette",
"tirare",
"topa",
"troia",
"trombare",
"uccello",
"vacca",
"vaffanculo",
"vangare",
"zinne",
"ziocantante",
"zoccola"
],
"ja":[
"3p",
"gスポット",
"s＆m",
"sm",
"sm女王",
"卍",
"糞",
"膣",
"裸",
"お尻",
"なめ",
"グロ",
"デブ",
"ホモ",
"両刀",
"両性",
"乱交",
"乳首",
"二穴",
"人妻",
"人種",
"剃毛",
"噴出",
"変態",
"夢精",
"女装",
"奴隷",
"嫌い",
"宦官",
"射精",
"巨乳",
"巨根",
"幼児",
"性交",
"拷問",
"挿入",
"支配",
"淫乱",
"獣姦",
"直腸",
"精液",
"糞便",
"緊縛",
"縛り",
"肛門",
"脱衣",
"覗き",
"誘惑",
"輪姦",
"陰毛",
"おしり",
"しばり",
"ちんこ",
"まんこ",
"やおい",
"アナル",
"エッチ",
"オカマ",
"オシリ",
"カント",
"ニガー",
"ヌード",
"ビッチ",
"フック",
"ペニス",
"ポルノ",
"ラバー",
"レイプ",
"中出し",
"売春婦",
"大陰唇",
"女の子",
"女王様",
"強姦犯",
"後背位",
"手コキ",
"正常位",
"殺し方",
"毛深い",
"玉なめ",
"玉舐め",
"生殖器",
"貞操帯",
"革抑制",
"騎上位",
"いたずら",
"おしっこ",
"おっぱい",
"おもらし",
"ふたなり",
"ぶっかけ",
"やりまん",
"オッパイ",
"オナニー",
"オマンコ",
"コカイン",
"ゴックン",
"スカトロ",
"スラット",
"スリット",
"セックス",
"ソドミー",
"ディック",
"ディルド",
"パイパン",
"ファック",
"フィスト",
"ユダヤ人",
"ロリータ",
"ローター",
"両性具有",
"勃起する",
"女子高生",
"平手打ち",
"殺人事件",
"殺人方法",
"潮吹き女",
"自己愛性",
"裸の女性",
"足フェチ",
"近親相姦",
"プリンスアルバートピアス",
"ぽっちゃり",
"アスホール",
"イラマチオ",
"エスコート",
"オーガズム",
"クリトリス",
"ゲイの男性",
"ゲイボーイ",
"サディズム",
"セクシーな",
"トップレス",
"ネオ・ナチ",
"ハードコア",
"パンティー",
"フェラチオ",
"ベアバック",
"ボンテージ",
"ラティーナ",
"レズビアン",
"児童性虐待",
"合意の性交",
"尿道プレイ",
"幼児性愛者",
"潮吹き男性",
"糞尿愛好症",
"足を広げる",
"セクシーな10代",
"おしりのあな",
"アナリングス",
"ウェブカメラ",
"エクスタシー",
"エロティズム",
"エロティック",
"スウィンガー",
"スカートの中",
"デートレイプ",
"ファンタジー",
"プレイボーイ",
"ペニスバンド",
"ボーイズラブ",
"ボールを蹴る",
"ボールギャグ",
"ランジェリー",
"新しいポルノ",
"カーマスートラ",
"クンニリングス",
"ゲイ・セックス",
"ストラップオン",
"ストリップ劇場",
"ドッグスタイル",
"バイブレーター",
"フェティッシュ",
"茶色のシャワー",
"バック・スタイル",
"ポルノグラフィー",
"グループ・セックス",
"ゴールデンシャワー",
"テレフォンセックス",
"ディープ・スロート",
"マザー・ファッカー",
"マスターベーション",
"アジアのかわいい女の子"
],
"ko":[
"씹",
"좆",
"강간",
"개좆",
"거유",
"고자",
"근친",
"노모",
"때씹",
"뙤놈",
"망가",
"몰카",
"미친",
"변태",
"병신",
"보지",
"불알",
"섹스",
"쌍놈",
"씨발",
"씨팔",
"씹물",
"씹빨",
"씹알",
"씹창",
"씹팔",
"암캐",
"애자",
"야동",
"야사",
"엄창",
"에로",
"염병",
"옘병",
"유모",
"육갑",
"은꼴",
"자위",
"자지",
"잡년",
"좆만",
"쥐좆",
"직촬",
"짱깨",
"창녀",
"호로",
"후장",
"개새끼",
"개자식",
"개차반",
"계집년",
"니기미",
"뒤질래",
"딸딸이",
"또라이",
"로리타",
"빠구리",
"사까시",
"스와핑",
"씨발놈",
"씹새끼",
"야애니",
"종간나",
"죽일년",
"쪽바리",
"포르노",
"화냥년",
"미친새끼",
"바바리맨",
"하드코어",
"후레아들",
"희쭈그리"
],
"nl":[
"aardappelsafgieteng",
"achterhetraamzitten",
"afberen",
"aflebberen",
"afrossen",
"afrukken",
"aftrekken",
"afwerkplaats",
"afzeiken",
"afzuigen",
"anderhalvemaneneenpaardekop",
"anita",
"asbak",
"aso",
"baggerschijten",
"balen",
"bdsm",
"bedonderen",
"befborstelg",
"beffen",
"bekken",
"belazeren",
"besodemieterdzijn",
"besodemieteren",
"beurt",
"boemelen",
"boerelul",
"boerenpummelg",
"bokkelul",
"botergeil",
"broekhoesten",
"brugpieperg",
"buffelen",
"buitendepotpiesen",
"da'sklotenvandebok",
"deballen",
"dehoerspelen",
"dehonduitlaten",
"dekofferinduiken",
"depijpaanmaartengeven",
"depijpuitgaan",
"delg",
"dombo",
"draaikontg",
"driehoogachterwonen",
"drolg",
"drooggeiler",
"droogkloot",
"eenbeurtgeven",
"eennummertjemaken",
"eenwipmaken",
"eikel",
"engerd",
"erotiek",
"flamoes",
"flikken",
"flikker",
"gadverdamme",
"galbak",
"gat",
"gedoogzone",
"geilneef",
"gesodemieter",
"godverdomme",
"graftak",
"grasmaaien",
"gratenkutg",
"greppeldel",
"griet",
"hoempert",
"hoer",
"hoerenbuurt",
"hoerenloper",
"hoerig",
"hol",
"hufter",
"huisdealer",
"johny",
"kanen",
"kettingzeugg",
"klaarkomen",
"klerebeer",
"klojo",
"klooien",
"klootjesvolk",
"klootoog",
"klootzak",
"kloten",
"knor",
"kontg",
"kontneuken",
"krentekakker",
"kut",
"kuttelikkertje",
"kwakkieg",
"liefdesgrot",
"lul",
"lul-de-behanger",
"lulhannes",
"lummel",
"mafketel",
"matennaaierg",
"matje",
"mof",
"mutsg",
"naaien",
"naakt",
"neuken",
"neukstier",
"nicht",
"oetlul",
"opz'nhondjes",
"opz'nsodemietergeven",
"opgeilen",
"opkankeren",
"oprotten",
"opsodemieteren",
"opzouten",
"ouwerukker",
"ouwehoer",
"ouwehoeren",
"paal",
"paardelul",
"parenclub",
"palen",
"penozeg",
"piesen",
"pijpbekkieg",
"pijpen",
"pik",
"pleurislaaier",
"penis",
"poep",
"poepen",
"poot",
"portiekslet",
"potverdorie",
"publiciteitsgeil",
"raaskallen",
"reet",
"reettrappen,voorzijn",
"reetridder",
"remsporeng",
"reutelen",
"rothoer",
"rotzak",
"rukhond",
"rukken",
"schatje",
"schijt",
"schijten",
"schoft",
"schuinsmarcheerder",
"Seksualiteit",
"shit",
"slempen",
"sletg",
"sletterig",
"slikmijnzaad",
"snolg",
"spuiten",
"standje",
"standje-69g",
"stoephoer",
"stootje",
"strontg",
"sufferdg",
"tapijtnek",
"teefg",
"temeier",
"teringlijer",
"toeter",
"tongzoeng",
"triootjeg",
"trottoirprostituée",
"trottoirteef",
"vergallen",
"verkloten",
"verneuken",
"viespeuk",
"vingeren",
"vleesroos",
"voorjanlul",
"voorjan-met-de-korte-achternaam",
"watje",
"welzijnsmafia",
"wijf",
"wippen",
"wuftje",
"zaadje",
"zakkenwasser",
"zeiken",
"zeiker",
"zuigen",
"zuiplap"
],
"no":[
"drittsekk",
"faenihelvete",
"fitte",
"jævla",
"kuk",
"kukene",
"kuker",
"nigger",
"pikk",
"sotrør",
"ståpikk",
"ståpikkene",
"ståpikker"
],
"pl":[
"burdel",
"burdelmama",
"chuj",
"chujnia",
"ciota",
"cipa",
"cyc",
"debil",
"dmuchać",
"dokurwynędzy",
"dupa",
"dupek",
"duperele",
"dziwka",
"fiut",
"gówno",
"gównoprawda",
"huj",
"japierdolę",
"jajco",
"jajeczko",
"jajo",
"jebany",
"jebać",
"kontakty seksualne",
"kurwa",
"kurwy",
"kutafon",
"kutas",
"lizaćpałę",
"obciągaćchuja",
"obciągaćfiuta",
"obciągaćloda",
"pieprzyć",
"pierdolec",
"pierdolić",
"pierdolnięty",
"pierdoła",
"pierdzieć",
"pizda",
"pochwy",
"pojeb",
"popierdolony",
"robicloda",
"robićloda",
"ruchać",
"rzygać",
"skurwysyn",
"sraczka",
"srać",
"suka",
"syf",
"wkurwiać",
"zajebisty"
],
"pt":[
"aborto",
"amador",
"aranha",
"acompanhante menina",
"Acompanhante",
"acompanhante erotico",
"ariano",
"balalao",
"bastardo",
"bicha",
"biscate",
"bissexual",
"boceta",
"boob",
"bosta",
"brauliodeborracha",
"bumbum",
"burro",
"cabrao",
"cacete",
"cagar",
"camisinha",
"caralho",
"cerveja",
"chochota",
"chupar",
"clitoris",
"cocaína",
"colhoes",
"cona",
"consolo",
"corno",
"cu",
"darorabo",
"dumraio",
"esporra",
"erotico",
"excruciante",
"fecal",
"filhodaputa",
"foda",
"foda-se",
"foder",
"frangoassado",
"gozar",
"grelho",
"heroína",
"homoerótico",
"inferno",
"lolita",
"lésbica",
"mama",
"merda",
"paneleiro",
"passarumcheque",
"pau",
"Pés-de-lótus",
"peidar",
"pinto",
"porra",
"puta",
"putaquepariu",
"putaquetepariu",
"pênis",
"queca",
"sacanagem",
"saco",
"torneira",
"transar",
"torturante",
"vaitomarnocu",
"vai-tefoder",
"veado",
"vibrador",
"xana",
"xochota",
"ânus"
],
"ro":[
"scene de sex real",
"masturbare",
"erotică",
"erotic",
"sex real",
"sex exercitii"
],
"ru":[
"bychara",
"byk",
"chernozhopyi",
"dolboy'eb",
"ebalnik",
"ebalo",
"ebalomsch'elkat",
"gol",
"mudack",
"opizdenet",
"osto'eblo",
"ostokhuitel'no",
"ot'ebis",
"otmudohat",
"otpizdit",
"otsosi",
"padlo",
"pedik",
"perdet",
"petuh",
"pidargnoinyj",
"piz'det",
"piz`dyulina",
"pizd'uk",
"pizda",
"pizdato",
"pizdatyi",
"pizdetc",
"pizdoinakryt'sja",
"pokhuy",
"po'imat'nakonchik",
"po'itiposrat",
"podiku'evo",
"poeben",
"poluchitpizdy",
"pososimoyukonfetku",
"prissat",
"proebat",
"promudobl'adsksyapizdopro'ebina",
"propezdoloch",
"prosrat",
"raspeezdeyi",
"raspizdatyi",
"raz'yebuy",
"raz'yoba",
"s'ebat'sya",
"shalava",
"styervo",
"sukinsyn",
"svoditposrat",
"svoloch",
"trakhat'sya",
"trimandoblydskiypizdoproyob",
"u'ebitsche",
"ubl'yudok",
"uboy",
"vpizdu",
"vafl'a",
"vaflilovit",
"vyperdysh",
"vzdrochennyi",
"yebvas",
"za'ebat",
"zaebis",
"zalupa",
"zalupat",
"zasranetc",
"zassat",
"zlo'ebuchy",
"низахуйсобачу",
"нафиг",
"нахуй",
"нахуя",
"нихуя",
"тымневанькуневаляй",
"нахуювертеть",
"неебет",
"ёбтвоюмать",
"вопизду",
"хуй",
"херсней",
"херсним",
"какдвапальцаобоссать",
"хуйпинать",
"траxать",
"ебло",
"жопа",
"мент",
"муда",
"секс",
"фига",
"хрен",
"датьпизды",
"хуемгрушиоколачивать",
"одинебётся",
"блядь",
"бугор",
"говно",
"голый",
"ебать",
"манда",
"сиски",
"срать",
"ссать",
"хохол",
"хуило",
"хуиня",
"хуёво",
"ёбарь",
"ебать-копать",
"бардак",
"блядки",
"гандон",
"говнюк",
"дерьмо",
"ебнуть",
"малофя",
"мудило",
"охуеть",
"хапать",
"хуёвый",
"лысоговкулакегонять",
"игратьнакожанойфлейте",
"куритемоютрубку",
"встатьраком",
"каждыйдрочиткаконхочет",
"хуинейстрадать",
"другойдразнится",
"бздёнок",
"дрочить",
"жополиз",
"наебать",
"опесдол",
"офигеть",
"хуеплет",
"хуйнуть",
"половоесношение",
"блядство",
"мудозмон",
"спиздить",
"блядовать",
"измудохать",
"мандавошка",
"наебнуться",
"невебенный",
"обнаженный",
"охуйтельно",
"обоссатьсяможно",
"выёбываться",
"наебениться",
"нахуячиться"
],
"sv":[
"arsle",
"brutta",
"discofitta",
"draåthelvete",
"fan",
"fitta",
"fittig",
"förhelvete",
"helvete",
"hård",
"jävlar",
"knulla",
"kuk",
"kuksås",
"kötthuvud",
"köttnacke",
"moona",
"moonade",
"moonar",
"moonat",
"mutta",
"neger",
"nigger",
"olla",
"pippa",
"pitt",
"prutt",
"pök",
"runka",
"röv",
"rövhål",
"rövknulla",
"satan",
"skitnerdig",
"skita",
"skäggbiff",
"snedfitta",
"snefitta",
"stake",
"subba",
"sättapå",
"sås",
"tusan"
],

"ta": [
"விபச்சாரி",
"புண்டை",
"பெண்",
"டிக்",
"சுன்னி",
"স্তন"
],

"th":[
"กู",
"หี",
"ขี้",
"ควย",
"จู๋",
"ตูด",
"มึง",
"สัด",
"ห่า",
"หํา",
"กะปิ",
"จิ๋ม",
"เจ๊ก",
"เย็ด",
"แม่ง",
"กระดอ",
"ตอแหล",
"รูตูด",
"หลั่ง",
"เสือก",
"เหี้ย",
"ดอกทอง",
"ส้นตีน",
"เจี๊ยว",
"กระหรี่",
"กระเด้า",
"น้ําแตก",
"อมนกเขา",
"ไอ้ควาย",
"ล้างตู้เย็น",
"หญิงชาติชั่ว"
],
"tlh":[
"QI'yaH",
"Qu'vatlh",
"ghuy'cha'"
],
"tr":[
"amcık",
"amcıklar",
"amcıklara",
"amcıklarda",
"amcıklardan",
"amcıkları",
"amcıkların",
"amcıkta",
"amcıktan",
"amcığa",
"amcığı",
"amcığın",
"amlar",
"amı",
"göt",
"göte",
"götler",
"götlerde",
"götlerden",
"götlere",
"götleri",
"götlerin",
"götte",
"götten",
"götveren",
"götverende",
"götverenden",
"götverene",
"götvereni",
"götverenin",
"götverenler",
"götverenlerde",
"götverenlerden",
"götverenlere",
"götverenleri",
"götverenlerin",
"götü",
"götün",
"kaltak",
"kaltaklar",
"kaltaklara",
"kaltaklarda",
"kaltaklardan",
"kaltakları",
"kaltakların",
"kaltakta",
"kaltaktan",
"kaltağa",
"kaltağı",
"kaltağın",
"orospu",
"orospuda",
"orospudan",
"orospular",
"orospulara",
"orospularda",
"orospulardan",
"orospuları",
"orospuların",
"orospunun",
"orospuya",
"orospuyu",
"otuzbirci",
"otuzbircide",
"otuzbirciden",
"otuzbirciler",
"otuzbircilerde",
"otuzbircilerden",
"otuzbircilere",
"otuzbircileri",
"otuzbircilerin",
"otuzbircinin",
"otuzbirciye",
"otuzbirciyi",
"saksocu",
"saksocuda",
"saksocudan",
"saksocular",
"saksoculara",
"saksocularda",
"saksoculardan",
"saksocuları",
"saksocuların",
"saksocunun",
"saksocuya",
"saksocuyu",
"sik",
"sike",
"sikersikmez",
"siki",
"sikilirsikilmez",
"sikin",
"sikler",
"siklerde",
"siklerden",
"siklere",
"sikleri",
"siklerin",
"sikmek",
"sikmemek",
"sikte",
"sikten",
"siktir",
"siktirirsiktirmez",
"sıçmak",
"taşak",
"taşaklar",
"taşaklara",
"taşaklarda",
"taşaklardan",
"taşakları",
"taşakların",
"taşakta",
"taşaktan",
"taşağa",
"taşağı",
"taşağın",
"yarak",
"yaraklar",
"yaraklara",
"yaraklarda",
"yaraklardan",
"yarakları",
"yarakların",
"yarakta",
"yaraktan",
"yarağa",
"yarağı",
"yarağın",
"Çingenede",
"Çingeneden",
"Çingeneler",
"Çingenelerde",
"Çingenelerden",
"Çingenelere",
"Çingeneleri",
"Çingenelerin",
"Çingenenin",
"Çingeneye",
"Çingeneyi",
"çingene"
],
"vn":[
"tìnhdục",
"giớitính",
"tínhđựccái",
"tínhtraigái",
"tìnhdục",
"‘chuyệnấy'"
],
"zh":[
"13点",
"乳",
"卵",
"奶",
"奸",
"妓",
"姦",
"屄",
"屌",
"幹",
"性",
"淫",
"爛",
"肏",
"賤",
"逼",
"懒8",
"鸡8",
"卖B",
"妈B",
"贱B",
"干x娘",
"下贱",
"九游",
"乳交",
"乳头",
"乳房",
"交配",
"仆街",
"他妈",
"他娘",
"你妈",
"你娘",
"做爱",
"傻比",
"傻逼",
"册那",
"军妓",
"几八",
"几叭",
"几巴",
"几芭",
"刚度",
"包皮",
"卖比",
"卖淫",
"卵子",
"口交",
"口肯",
"叫床",
"吃屎",
"后庭",
"吹箫",
"处女",
"外阴",
"奶子",
"奸你",
"妈比",
"妈的",
"妈逼",
"妓女",
"妓院",
"姘头",
"姣西",
"娘的",
"婊子",
"嫖娼",
"嫖客",
"密洞",
"射你",
"射精",
"屁眼",
"屁股",
"巨乳",
"干你",
"强奸",
"性交",
"性器",
"性爱",
"情色",
"懒八",
"懒叫",
"懒教",
"成人",
"扒光",
"打炮",
"抽插",
"招妓",
"插你",
"撒尿",
"操你",
"操妳",
"操比",
"操逼",
"放荡",
"日你",
"日批",
"月经",
"机八",
"机巴",
"杂种",
"浪叫",
"淫乱",
"淫妇",
"淫棍",
"淫水",
"淫秽",
"淫荡",
"淫西",
"激情",
"烂货",
"烂逼",
"狗屁",
"狗日",
"玉杵",
"瓜批",
"瘪三",
"白烂",
"白痴",
"白癡",
"祖宗",
"私服",
"笨蛋",
"精子",
"老二",
"老味",
"老母",
"肉壁",
"肉棒",
"肉缝",
"肛交",
"肥西",
"色情",
"花柳",
"荡妇",
"贝肉",
"贱人",
"贱货",
"轮奸",
"迷药",
"逼样",
"野鸡",
"阳具",
"阳萎",
"阴唇",
"阴户",
"阴核",
"阴毛",
"阴茎",
"阴道",
"阴部",
"雞巴",
"靠北",
"靠母",
"靠爸",
"靠背",
"靠腰",
"骚比",
"骚货",
"骚逼",
"鬼公",
"鸡八",
"鸡叭",
"鸡吧",
"鸡奸",
"鸡巴",
"鸡芭",
"鸡鸡",
"龟头",
"妈个B",
"妈的B",
"干死CS",
"干死GM",
"三级片",
"下三烂",
"他奶奶",
"他妈地",
"他妈的",
"他马的",
"你全家",
"你妈的",
"你娘咧",
"你是鸡",
"你是鸭",
"你马的",
"刚瘪三",
"十三点",
"塞你公",
"塞你娘",
"塞你母",
"塞你爸",
"大卵子",
"大卵泡",
"大鸡巴",
"她妈地",
"她妈的",
"她马的",
"妈个比",
"妈妈的",
"妳妈的",
"妳娘的",
"妳马的",
"娘个比",
"它妈地",
"它妈的",
"小乳头",
"小卵子",
"小卵泡",
"小瘪三",
"小肉粒",
"小骚比",
"小骚货",
"小鸡巴",
"小鸡鸡",
"干七八",
"干你妈",
"干你娘",
"干你良",
"干妳妈",
"干妳娘",
"干妳马",
"干您娘",
"干机掰",
"干死你",
"强奸你",
"性无能",
"想上你",
"懆您妈",
"懆您娘",
"打飞机",
"插死你",
"操你妈",
"操你娘",
"操妳妈",
"操妳娘",
"操机掰",
"日他娘",
"日你妈",
"灨你娘",
"王八蛋",
"瓜娃子",
"瓜婆娘",
"老瘪三",
"老骚比",
"老骚货",
"肉棍子",
"贼你妈",
"赣您娘",
"驶你公",
"驶你娘",
"驶你母",
"驶你爸",
"龟儿子",
"个老子的",
"乳波臀浪",
"他奶奶的",
"他奶娘的",
"你个傻比",
"你他马的",
"你奶奶的",
"你她马的",
"你娘卡好",
"你它妈的",
"你它马的",
"双峰微颤",
"塞你老师",
"塞你老母",
"奶奶的熊",
"妈个老比",
"妳她妈的",
"妳老母的",
"婊子养的",
"干你老母",
"干妳老母",
"干死客服",
"操你全家",
"操你奶奶",
"操你祖宗",
"操你老妈",
"操你老母",
"操妳全家",
"操妳祖宗",
"日你老娘",
"日你老母",
"机机歪歪",
"狗狼养的",
"赛你老母",
"赛妳阿母",
"驶你老师",
"驶你老母",
"湿透的内裤",
"他妈ㄉ王八蛋",
"我操你祖宗十八代"
]
}
