{"file_hashes":[{"block_hashes":["UAMKspvvz1MatOTcxJaqxuuP7E2wkfTut7bAKs8jpD0=","jANToN6lDW2DXvrFUETMyMRV/Vimc4RehHDjs9cbofo=","ewXxSjEDWh5kGwWSSE3RZXMM4erdXkjWzl1GjbbCP3M=","wKwgxwMuEOlIH1wuD2FREeSs0dWVxo6eUuQF2emoo3E=","wLE2g6laYMzVMNXf4Lm4PP086mjQDUjUf7qWZtQL8fc=","d8YuWlB5TdMWSqAosD0BsQwh2ztKQM48mmoVztIO8Ck=","YMgPo3LggVI5AZxnEqqs89x/A64F3RyxA8gXK96COkg=","b+q9dGZ60L7phV0iefC4gARHI19EQs4XTN0oo6F53mk="],"block_size":4096,"path":"128x128.png"},{"block_hashes":["W9j9uZ5LAIiEkSEzzYAHU8hrlOdxHJguNZJIBND3YJo="],"block_size":4096,"path":"_locales/de/messages.json"},{"block_hashes":["9F2Fl3PnGSB+dPZpI8D5FpIDFrR7I7Wsh4hsv/SD3kg="],"block_size":4096,"path":"_locales/en/messages.json"},{"block_hashes":["Ox94viTGqoHyDYPlobIl7/ZjiKB7AwBa4mlQ6b01WBI="],"block_size":4096,"path":"_locales/es/messages.json"},{"block_hashes":["tnXHv7Wc9JxANq1t+x1SOrcr6NID0IzvQUnblxR7W30="],"block_size":4096,"path":"_locales/fr/messages.json"},{"block_hashes":["6nBOrIuL9c6j+dimbGGkrCzMn7ZjsghuXN7BQHEZPYE="],"block_size":4096,"path":"_locales/it/messages.json"},{"block_hashes":["Zlfj3QiDI0Kiv4NRKx+2OiIuuA5+msMnYzK7Wp7pKw0="],"block_size":4096,"path":"_locales/ja/messages.json"},{"block_hashes":["3WHYtGEqBG2VRI0+Td2YHd1JOp2sRrhJ0gYdpBGhr6I="],"block_size":4096,"path":"_locales/ko/messages.json"},{"block_hashes":["WdvimoJIJoGvzK3gmhGE7ro1cgeGhaOJDTw+Rmz3e04="],"block_size":4096,"path":"_locales/nl/messages.json"},{"block_hashes":["iZEz73BNEYCvZmhsxyE7WReummOg08Rd6lY6KdkXzBo="],"block_size":4096,"path":"_locales/pl/messages.json"},{"block_hashes":["SStarUakwMQI+BViGVXpX3nt68F5WF5+cs9Q0XZORww="],"block_size":4096,"path":"_locales/pt_BR/messages.json"},{"block_hashes":["ExG5TTZBibi+ipFPL4ZeTGhpiTCfll/jZ2SZRQ83BQY="],"block_size":4096,"path":"_locales/ru/messages.json"},{"block_hashes":["VhEn283PuT8scNuT95qj21QPS0wVNq5oCWLhLf4bh2g="],"block_size":4096,"path":"_locales/sv/messages.json"},{"block_hashes":["A6BcrPzr5yi01I7Mz1G73Ty7DzprieN2fSGdAz+Jydg="],"block_size":4096,"path":"_locales/th/messages.json"},{"block_hashes":["s3Z1tSmqpjM2z/JubV/wtxbvWzBt+J1YpZOPTuR1+Es="],"block_size":4096,"path":"_locales/zh_CN/messages.json"},{"block_hashes":["s3Z1tSmqpjM2z/JubV/wtxbvWzBt+J1YpZOPTuR1+Es="],"block_size":4096,"path":"_locales/zh_TW/messages.json"},{"block_hashes":["mrB2Iq7hyz9YsUX2DPo3NmBVLR11/98D5VdGeZn0tS0="],"block_size":4096,"path":"app.html"},{"block_hashes":["xj1n090wQV6LSDYuF/DKlueLqCXI71SZ3iQ7QPqCxzQ="],"block_size":4096,"path":"css/app.css"},{"block_hashes":["1W4PyTIpkq12hUQGIjr0ndJxBR9OUzSp4MftRw97BmA="],"block_size":4096,"path":"js/analytics.js"},{"block_hashes":["Fus62QdMAvVIpYBbfXgeRWcLPQ6L4nTzDo9zSmnikB0=","1u2HA/GjMbs9/8WoErt1xvKmvQd6BQabApCV8cxGmWw="],"block_size":4096,"path":"js/background.js"}],"version":2}