{"file_hashes":[{"block_hashes":["Qcq6J+fknGlIELaBtEHi2O0B6zbWLiqaTF0Fcy+/lmM="],"block_size":4096,"path":"_locales/iw/messages.json"},{"block_hashes":["/sKUAIy8qoYE3UfhXJl3D/dGdZqqg/pwcuIDzTwALBY=","fQvqBfMX1Np4A9lbFReu914FpdG8h8fOSEpBWPZfvWE=","/cvB6wJVbEcSffgCuJL/IsuLbA1nogzux62kB8V5g6U=","8r4QliCCVx9wybpCF4LVlj6Q+jhiHSXM50ad1J/IjqI=","/3YtlehNHhIXbYeU4NfG3+dyIDC6NpCPvC28WDv9zoA=","u1IrJRlo+XB7cbzHoNfoelKheL95vHRD1Zv5N71YjdY=","UtPc4OT9HB39sWRFyV8ZbTopw17JMPv9MPXFaMrHOrY=","zcabgjyfI/X/sD6H+o9xc9e1zgL6tAXK2rUPDSzvtac=","/lQwh8ibz2nYkgPHX5l0rVdHrjWnzRaLlruLEuslUKc=","pMr+luK84lOv0DNnfqrEHp8mAqsvZyVsE80sgwY5djY=","u33/v9QvgAlVzxL48TbVExdUlGAJeiOvdm9YZjhMGKw=","oHZ1v193CqILAa129MAaP/u/oJTD8fBXOThA7aTkzp0=","BGvNQXfjokgyYxOuwpxGn8p7cYulpu0YGWKK8BoYCBY=","rMfmkCuoCfncCBXXO1JC4wEjLPq3dMnv+0ffeYx6TRk=","RaU/GMOfxGQDhDDGMtAxCka2lDfPF24odAURtYsSov8=","T5wmhG3OssgwNw0/FrrsmyD2nFStzL0pc9kO9fuWAX8=","BpyNfMNrLJAmawJId4WZIX2jbap7++GV+iDkBKQ/ZgQ=","+0tmVovAyfqcUBQ/ICb/6l7hPoOvK7so3/wb2Y6SpfE=","+0Xk4Soil5BLOTYpECu9Zdyraoi1tzPG1Zp0DOhy4bg=","yqVqFPnFX3tGrDbwQsBN3UaPu1xaihChKYt1j6jIo4k=","4nAiV5WnjO6ot/cLLhp6TTumu+H52+L8NTnhM993ztI=","/8W7HeFdcMfyDYTtwyKvQITFUcrAzCpk7TPDl3XJKDY=","+4obB7MzrTukK5JNRSjl5nJP4afUhkE6rxfrZuSPMKQ=","5itVtGvKqm8fqQAJvokeUDbAvG5KXqHof0+X8PmkYv8="],"block_size":4096,"path":"noise.png"},{"block_hashes":["Djm9klin5JRSi4/Mmmn+EPJEvCIGdSWkcI89FBlLo1k=","1OEz397USwWOU3YBV4e2A4GWrsygSfe62o5soACbwT8=","qpq+mEeMM+YtW+VsDFYF2MulrieXyI9pNWSCmeJhE+8=","+UQrJIP5NB4s4r8pokQ1QEToHCAgPKGQCA9HiWL8moA=","v1gCUI6mL/GyIdoajtGbtvg1IgBVUXvIXAK5lBh5VPo="],"block_size":4096,"path":"side-panel.css"},{"block_hashes":["o/h+iFG4UcBO4yu6PvU3G/dDq1mifLLsEJexsphpuEI=","Kt7MnoTfko7aQTOvx8Acz1rdFCFqvpfYBr8TQJufGL8="],"block_size":4096,"path":"src/background.js"},{"block_hashes":["LS5l2XPV1C/LmPRzkgwRFgIGhVd9dKtRwiW2JIJHmsY=","746ItgNgFbf3jrgA50YSExJUX5RgXfmmzEcVJR4kQG4=","eOGnPyWsXI/rpc2fNM9jyYpwFidgR320dBuCo2xwpek=","sDHhFm+Z/n1eb83h9G9eu+c8x7g3obLLS6yrKnT3xa0=","gzufxnHN4vJ+rzbn/4g6a/yEq/0t193pcIGmzvKBDGE=","/a4C6HiVwASIqkh4yTUDkhzkG+lh78iOtj8NC4XLsCQ=","qylmmpYpEOLafRKPor2xxcQdRYlVV3a4hvM+Pfv+5kc=","Nxxv/esH3eQk10w6Jlx/Iu2dGfD3gyWQlC3IGa5VCT0=","arkxLSLL/4Y7bZCUkmHLaNaMdz92ZX7yAFl5eJVT6AI=","Eksii4geu0edkh/CFa1F5RK7HJJXUK2YbrC9P9SLpFs=","MnseY4rF2ejRAiZE4amv0iDGMryVv3YtIwMRUqnZ1W8=","kcj8bMGb1OvAhS3yIDM7aIe4TViYZXcH9THopuYCIBA=","ueWg+GD0VZkvD0AK5JpZxTl0GuqovUvcoiYL3KMAvdw=","WHsxqYWxHWrrJKYVEenWUokgSN0VG+JYWJGzsBPh/yY=","uWrW+WSao18ACoE1lJxL4OilG86biiOX67WCaHsW7qU=","pJr5iNhAsLjAmJqDtf29c3lUanaUauUmOUlVdC5sKtI=","iatOD9kTp2qbkjLZN1XemVqBfFduKXSBSPFljZaUK4M=","T4XEmZG9XmHDY1Y7rqwvt2vQn3DI3kP7JlvUSzBp3jo=","wYHJ7maa5AKZE6WiPLLVnxQ58yvV2mIAAHlQ/mP/BbM=","ybu/mpX6Kx7/PEkg+QYXHHeBRkBTiS6gkmUJbj6MYho=","gOyqKVe7XuZUXBKRZ74MEbTikWxCyDuooHICyGbalzo=","Ezx5cOFGMki3mjRQyEAGZIM1O5ozEd6cMtAaOCjFhEE=","3EyJFL3QbSXTD9rTxUICAFRx1C/CJl4stHvtUhjdPCs=","uv/0PN6ZMJH7FhPt+tNJqOEFN5zNF6M4R2TYK7Fs+M4=","mEfUMK6D8uJ61fVWc3Hjgph37HRNEWFrjD7QQ90iQww=","yxDdrWsx+YkfNv3VbQd6crleT39v19nrQaQ+cY5n6hw=","jO/Bre0JZA7D6kBK8rmhTtbSpx68o2qvSdJDyKMSDXo=","s5JYiqiCKN30G1jTPvc5N742Oxp3Z1Ik6aFWahw8+ug=","BSqSc+oqpICSi1jk65gs8K0oPfpsbVPqWDHGqGVj16c=","Mx3FNuf8HRVNk2nLm15Z5GH+I2S8Ju6ji74Ql+sod9g=","Jt5ooDj66yhh1+4xwaPwPoXavSCUlsPx93uiGGkhrBM=","19dp3pLyT+mLJ9axV+PWuYK0El74dNIbFPS/Kp7/kMw=","XuVTh3vtXfkpLynePqFPhmlJUGHWERD1re0Dg9+VxvQ=","vdct++dwV4fcwJmJrvhpxqAmV3Y42zVIEAs8Ij4kpyw=","HBIJVV67WLVKxSOAlJgBq1ITePS2HY+prOMHb7N1lko=","W7786kXBEeyI9Dm5XgRiTopTWqK7pEleFgLgqrnDrCY=","c0dFUJSTF9185CZJH5Qtp4Js8RS9JrIqyt/tsCK1N9M=","c6h4kUuToaQe8vgNSe6tHm6Y0DgTA2MEC8+yGeScHcw=","6xCTlFEAGdWyvieo1WiZmAvdqvKo2zYYNCO8Rb1d5p0=","QkWxX1jg2LAIUruzrBXGknh9ypzOK92zuaLiR0aiAnU=","2m/q2/9eaWRSsCPmpLtVER3XfFr4D6pdlw022pLEA+0=","+xpdU6/QhRY4Qg9iqOHrwQKy+l9UGMm7/2WhfMe48d0=","S4Fy3VqieVuaeaqD3FMUAxQ1W+6dFQLy+I1nxhOvCVQ=","LTGAg1tx/p7/9SaWH3ESff9jUEF7jhpmukRdtXkf5VM=","VLl3oTwa9omjMYDfCOjOlRAo/uST4PcZOo3Wzfn0v7w=","jNqHseSroukAleO1pZb5Fw55IrcYAzlcQmyY9QQZvbI=","aL1WwrXCshBtSUU6nNc3Nv9r/7qSZH/1gbzjlr/cOhI=","C+Bg+oMJtJAu9qqZpgq6vxONsrcw2QAy1E4onRvCSiE=","SvCL4lYsk7fqA2vuFK5ZwnTt9aWSrLHBgZaBgN5o3FU=","R2/QJdUWo89Doa/azaEMpb3rem3xcC/ePsSDClDABxM=","F6h3JwTjSPH6F9rO8wbK7nQIcYafamO5ikg3bx6eYbE=","ZEc75x68NuqE6q6+DoyEgXACyvSjufrfjEadjOC2zrc=","UlgX9ue0oz/mVrXBTrUT5ImjPKORqQtJxlAZr1/jndk=","wZPJvEMD+2f5ZYKYyRfzRcomS3GWAYRf52QakLFEUJQ=","8msCvuP0aahdozFvg2b59rLovySgN69SvciFarKAvqo=","1tseedtWjVzzoAZphqyaXY88JdCjLRTESqzYb0LlDQI=","o6PPtMkYbcRWgZqQXaU2B9qvjQLqTb37xodrMISPDv8=","wldQBuKHfZSIiv9ZuHp1jeEmsc6eaRyeSm0FYRn1pg8=","loj39iz2VBdC2HM2lA/GkxxTgmT2uS6kwe2VRmMbn/U=","2MGkMLNyt9WxQRPLIKX9hK26XaNGtiJ2xlfkZv9TXFw=","KuWzoO7YIdv8CKz6Yxs8194T3JHHb6/5lrwkAM4CsoI="],"block_size":4096,"path":"src/content.js"},{"block_hashes":["lPKvdWF80MGaO7E7nxcJfVoNF/X19Th8M6txa6W8FIg="],"block_size":4096,"path":"src/side-panel.html"},{"block_hashes":["P2QssSufdJHa0P+/tLpAL4YnjTRMzxzkMaqbSY5Wcsk=","Ezje5V93huGWneAk6xDZIy/HTuKJrSMP5ori7TLH02A=","mrvp3Fsx+cNjZ+ZQx3uZofYINZrvNYGXHuGjqfUdu7E=","ac9Wq4iD6Rszwa4HCLJF7gw9M+3O6cL6iSAMuiMJU5U=","K/5NXPMnpVy8y+pMSP84eU3vZ81XbhRFjJXrrrF/voU=","00i8BKPXhvcoW7o4v1T7T4XMU1Jr/oyPZecs7hsJ7TU=","FF8H0uNucEeTp0rh7dZeTEEtCopIUDqcwDzCcGhghI4=","d0n0XgcCCmVWrdUOIL+RZa7+VAd/S8wqXEUjI3WfQB4=","digZHN8W5BwMyyA2QsXgFWA4VWqYIAKyfTAVtwnP4fM=","l0pSx5pix06UdKoKGtH1pigixjA2CrP2hkp3V4M6Eoo=","tlP7RHipi90Fk0+ilR66+rCs4eYqwPV1+emtIhVXqZ8=","qsb+HXLRyNJEr4SwhbqWyyJmQikuO4BINd0cxWsFYIs=","nTs9NZjS1QviybtzuBiAQfCKQoGexeYBB66K4lKYefo=","TltLCqQ6rgW7GY1jnnVAgdXfzbYCzkCaJGIqSr1Nh9Y=","eRhxHWUVGCyVbUrycCbxEK8oOXnKwQuSreYpVDm0DKQ=","FGjLhgRifg4nb75WStrHshTPHaPsPxSq6he+ZGaIOvI=","CLiA9MzdA0bBrtRho7p/8jUI16/u+2Pf2a+x/PWKedE=","MxN9i03oj7pBPe61Iu2EaZ2Xk9Q7YzkxGoB2qLnj97I=","dAexdTkQvbi+bz+dGGyoy1ytRku75tD6iPmIGQJ5xY4=","R5ouhkOWXDZY1htooeEmuxcz1DRxoqpmSe4Rx0O5SLk=","u/C/tirO6dJPmWafgyIAZ9bwCbL5q9Ll9GCBpLwIuDk=","jw2ON95HymrM7AA/OWJcfmKSbRbgEoaDplrkfUqjUN8=","E7O8WKSi8HoqPvBhKmaVioYqBSRIV0yrI9FaXumvlRg=","Sb9rF+wm2VnmDJ2cO+FC+vRPnThJbEQgSoYTpDVrbHQ=","FJaMOj7gTzbJo0McpcsQYu6NMGXg4eS0icegMZs1cWo=","3X+5yXaQJsHv489RXtvR0UAzi0Hw699U1Ig4KDdJQoo=","dp0LAmtRGAJ2u+wcM+DTLz+pBjdxGliX+1iDRvDWbAk=","1I5v+EwvDUr3Qh+FtQ9ojyOgScMh6TdHwYGTTDPRnH8=","mkZPmObHnr7LrpPSlQyVASbmI2zzABBXBtwnZYs+9mk=","uCllIn9Fw0oaFVh+ld+oyQnCENnpzBwKwBMYFjAviWw=","vCG324vI5vNw0pkl6F1RQcKNIQZPaJHgDxOnTNqOiPI=","EcOES7DdQcLG/WkQBK7P0Jy728bFJpTJxEkJYKKviiM=","XK452zBLBGGnnhVKwHqKW8xyUhRkda+p+Ra7YW3dPto=","njKVJm+DXMKlfXPOkVemsX7AEL5wwyFAugSoOLoGPFE=","6ffAWoU2xaft0W7PJR6/a2ZFJBnlAsRKYUo8uEjyb/Y=","swmnFG/wQ5PDyAXTsRnf+dQHYhXnLCCbniefMfKtluo=","XFcLgqK/AiiSTxuMkwyrpctkcDnUEOj17ZHwnqiUTgQ=","6agoTF5JFEwOTGfUPGUA9BG5xbTh6+oREQe2f2iEYdA=","8WxSO2SXmZU484mJ8M3hCIEhPsd5ZnV73MIDoMmIhys=","IxSisTMxbAqOEG7FhhTCkU+ScQpyCWD9x2oeH9jiQr4=","gd08D8Vczw6EL+NWrlPC2I0cqouhoRj9gYwcaUviVdk=","j9AREH84E+8IbQrmNXo+gakU3hY2Rm9leIiwPtb/d8Q=","F7YJUkWm2s2RFwua89ZkbkZB8qDhlc8JtYQXpgmKaL0=","whLHn55M6iZREtC/0XgBFiCjx4t/LxDCdqIx8DcJ5l8=","LfhvHIfztc/4+AaKCsYbV+vJmjUxGDDOIfVe1kT6iao=","t5OJBkbJRZICs2Jn7uvb6sKC7VUtgDl4u72pdVEbxH8=","vWfrpSf8kO7fR6yR1CClqsm0pW3vOn0P734pOejskZI=","QaIedeJheLY58s8ita9FTd2VgLA8x03hnVTlA1XXB1k=","dMAPnIGVUU/VEdf9EcEelI0ORmQQb1Y48pGcaVx4wjA=","8UPj6SAEqGl1KFZvgDQPW6W6CeB5Wdkon9q4Ig5BIkA=","BFWmAhwMFnhJwAsKtxv2MPbBhAl5VO0/Rxjem0DU5Mw=","Upa/6FdotpvonX/SEp8qpOM8/ifLgwqe6+U58DPro14=","TXUZ5CoXd4QHRANVeqRF/4kLQIXH2cBE2En1yG7CrCQ=","XipT7Z6B9pUM4x+pfWr/K4UdNjWa08RmAMxjFmHoHpA=","Zzd8VwpsjPdd/UvZf6QiixUgnxARFRghMh8eNTuC2yc=","MbaF9pHa+hWkv5AZqKs/ksafBqohbp7JmzByIw3x7y4=","CcLgnuxAiF2voo0VvW2Z9QHJepmh40ffHqztZWoQYPM=","eE8cLw+o5O3/sAkfQu4zuFxQD4m4jdv3QF3GIDeQ+58=","rb5g4Utk+G/WeGQZL7/CQ/HDCp+/MnNAs15EzLF3TR0=","8CmXxh6iuYO1fn/WLhLO4AvWDSvoheVs7W8pXXKjGnI=","bKWHhsC99Y1YqdKPVOgteSZr9cByx/rswZCDpAAibK0=","64A2o9iUuHHv8NP8DPc/06h3twm+V5L1Zgr6yXpahA8=","/7YUeyxo5M590LWeeR69+OPotWQIMOE3+Jvtgl1pL9Y=","gfRhTrgIZp6MkYE9J6rwg1UKJUv2t/mXzt7K+HHuK/A=","OeMFx88K84/bNGWj+ysbGJXzVaTjMZF9eI+PSCfbhvc=","HPHK+V6tm5VN0m4FmKoBXZDhr0LDxaMJxQWgB1xZWy4=","esUJWXqIlw7Bc7jRG+GXMuX2OPJAmmpl4i/x2Rfzmew=","PrpY6TiIjWJx5TXUCWMlpNZsVY2Tr7AoWnzQOc1+2KY=","AlaPLTI3xNBJOPNNxMlzBDwa3JVRMdRTnm6H44fCHM4=","a3LeuBKzETycps5PC9hHSdoHLMdk0Exskrue9Gr8/sc=","dtAIoU6WZccu8uG/1BMR6eKF2VESJXFUZhFlf1pT8Oo=","jRkmHdM/DJMQf64TYj6osOmBMeX+QZDjNdDl2ItehpY=","xi9Pm5sYi5ShP86bSfR0MF48/LTDVlyDWDBrYwaDsGs=","okHh81XFyRpUeb1tjXfDoxjxIRR3TsK3XV3MHlaYJ9Y=","Q8V9txYiB5Ov3rfQ2d/ZRzu1+OJbKbz0M9PO3Wd/kfw=","SFobs5fOuKSckxD1P9UvxKwFJoje9geBJ6uinBT1D9g=","XQyJfs/pM+M4IVkPpwEnlYO5N0Crd2iv82hwkUpw4dU=","qu8SxtE5emLKjJ+T6GW8SklipzLIw+LcgLs8d2ZIaks=","V5iDnYfH0utQoypSrdC6oCOl1PfYWOEgdsD47S2yiIQ=","uaoJ3+toI6OpT5kPJ5qafd7tp/fY50iFWNezf46GMZk=","hkzBMSR3QwfqZsh9/lUagXnf9s836rch2aqtkVvJRdE=","YodGeNfA4MLm4slzFj5iL5e+3NS0rJyRVzJJhZW4yqE=","Wt4widieFLT3KMzQVGBltP6taPlvjMeNGzpczCaqLSk=","eda73a7ir0HnKtZl36S2dPMNmJtK32Pdf5PCAcR3tj4=","EurItb+IUQh6rz7jKAz6XD1fQr84Q9baEKeXgJF9W9s=","GubDk1tSZLK6C5x2VC3fzEij5CjBha5kgW3HNCw08HU=","9Cb7I41q0JwifJaLNZATjAnphgluAp7VbWEmPow/rxg=","Cn5rCjrMWvptSfRt3i0mAr94aaV37QjEOi6r0FYHJfw=","Wc9Jmc8XaUK2fT8GZdCu8+F70SgRelbD3i+xUNsNVEE=","aNJLiO8fusSAaPDWaKDsCoDcUqofgCR9QrQKuY2j/1c=","+p+SCjXXfCRMxVhyg6rOboz3Kdgc1sGHrfv63YxZR9E=","7m1YUTEDgdDx7dM3Oy+8M4RsnopjGAdipo9c5C4zSUE=","Iz8Ud0TsSIHzmJIU3ov+PjrDsqSQyi/G5NcaTqJWssw=","PvXkbamUp+D5jS4CfOSgnuur/81ult+zNEof6HFvyWc=","Og4DJC4U8EhgfXUV4ffrZAPHLabNxzyNKw4nu5ZGbJo=","R30p7Z9efLY2wYseL3btP2BcDtx29i8thx544gDwwDk=","89IRVg67oCjvDBdTulyMxWZmUkFAxTgoeKhIQrAyVUY=","x11fcOudCJSgPQItioPti9Vo6L/fKbiZoC8ge9P3Juw=","jndIp9uTXnrMfGah/2wSSxsv+zTU55J1cl06g1Po2tU=","vUxUqbFDXwigIyMEuKhua6l+QzHV5WrI6OVVgH6dVBE=","4OSR2/SxBPsSeukTYVo88NM5i1G/Cmjbh8qGuu87ZM4=","6QQsfwvo46TGNiya/u+8ge6aV5rVAWdUnYFqGlFnQNM=","QjF3IJic2g9zWJ1FWGPyM5J2QSBLz5fkxYzztGX5uDY=","H6h+ijZp5MnWZEAJTPHiwohsPwgridAW6uSjMiZWkKQ=","VpDMOWHt8wp5+PPxTJfyeOpPyb5P5Kr2tbuHs/nZKQ8=","kakKE+ZrgzJWZIcaqIU0RzGREmpe/UsUO+uIXxVH3h4=","Ew/ReHNH2k8kzTda5ZR+8JdoxLmOvz+6ROjwUcqBTjY=","+YijGBWrt8OEex2j4cdppQRo1xqF06QJzBSDgNiNXGg=","XEO3brgUeBHNxPX7LdikOIcro1G6X+gvkRaXyfhwzIA=","RH9UnYvF9iFLlbXHBwQ2996Rd9CpgoCttBAhVM0ecSg=","hLAilCRsHZiRI0bVsZjDSL0uQsTxTOncRMn1UCnpU4o=","JRcAcmGydigUGsimnCtw5bPe9+Ju5KXnVXHvJL3uaWo=","XzvroTGKOpPA3AxpA5Ic5EDbQF93vjGMsjAu6RLIZCU=","v7qkaCj74r2zC0QpG5wD6jpPg3L+rh6B0LLOncqywuA=","Xs7JZHN/EPsYuCdbbg16yTW6rRnWBfkBm2kNzAQxd1g=","khvIgCMNu6QtOLTOgmB3KJAex9JC21DqlpFfvOffGXI=","w0JGmAB3yvP0xd1Au/vPRmLsJ6bM9w3UpI1hpKUR9Jc=","ujO9DbCgf7PH+snremHD6EFfCwNIoe4LRtZgf5ZV/iA=","mRMUsU1rtLKLZIP8RvPRWq34qgTm9fGs/VQ2bVEEfec=","zF0lPL9a9jjLzyxvz/rEXOAg7/MCWCZUYniWrzIq1JI=","T2seq4lgMhMkUw9NQWHV+IOCQQFGUU+b8xzbm1yjxm8=","PZ21dKNKqeukobH5UBkgTz3iItv5UtKvpB1GqxNEpoI=","uCMpaDwy8VKLpKxHVGwmWWsZR/OFIeJoItrLMPNsK2U=","TyBZIMT8M3Zo8nFFNtA5ahqoWlI9Fdx7jx2VIliZ7rw=","ZHqmO9renbLaXhc6kOjZXTisR2ETu8BEVHHN/yYvCNk=","vtdT1rdngktR83eoS65dJRDP9k8RTcLv6zFfUj0kGGE=","y4oEpshB5pVdh0bi4A0rOr8A1vks1Uc6O31bsaJixJU=","iXyBGD6QP1UxwdtRkyiaWFzagbbFQZHhIwYMQnXUbzM=","MYvYig731JF5x5hJ5BBMnKG/DvaVM1MKCDyW6XT8YH8=","bMHNbDK2mb/2GVlD4IWp/FNC4cb6YgQFYS9RX1Qr5oU=","U0LgXiMzxtFFSHSo7gi1JgjmeWcfPbCAdkJhTeYqX+I=","RyNhx9LVB3SlZqvs3QwSYuHg02NCpE+27FRt+z8jm6Y=","0/NVOmODUNH89T6rF7ghz9JObqSborCbJP8EfDtSF9s=","MYLqE9RmO9Hc2KTk9dfCMocCeX/Ogw555sqoUizWP/0=","hACFIDC5fj09cMnv6Ap2fwSSoLJMGYXfVmzkeRgf/Zo="],"block_size":4096,"path":"src/side-panel.js"}],"version":2}