{"file_hashes":[{"block_hashes":["cSna5CcEUmRUFnL95h6kzujJGYL8l8Q7wPHfgivkxB8=","/cd/n/bj+i/KuV3+2ZiOtdck5ovv9jwBzciXHHbJvko="],"block_size":4096,"path":"background.js"},{"block_hashes":["k6eU6KoAJIXmMejpJ2KCYTKNHL+WBWzDpkLSmhd5NaA=","MLEVhBMXXBfecGdBS6makbxm6UQWFHVSKGV0ODixTug=","8eAyBwfpEq8Q86Ru1ICrN8uDLxM4NDQWNURGhmqNBSY=","2+LBj74bNJEKK57t2wc1CMuCDNBPuqUCuAnM5NtVdE4=","Tf+Hf6uTJOsRUfYzFjEuJmFYOkhb8htXzFnFYhwYs/4=","LLajgr5xpplr6iPCOrSeugwBRwnXdV8b5Jvh+JeLIDo=","qm680bziAD58fBtQ0pO4s+HEbEtV9ltwRmQdhlnxxHY=","GHpJtoLH7RotPbtPmTmnUaHcSf9ap74LDC018mAFw+U=","AJtOzVHMtQ4KZ8kNVxEyrnbbkjqG484ZzOD7VwC0G3Q=","jbGR6es4Zsci4Vr33FDaR/ScPydr8DvzaEyuAWlhShI=","D9O5eyZ1hceFGbzH66JthsIc6tOq+vxyIqbJqiGPpI8=","1chLOcfAaJbNwd+m542xgQY79dGq5wDBZCgr6PbvfYQ=","8lC3r3C8tqOXTgT6fo0pjFYC+0R89tGdzalFzRt13xg=","A2TeTbh0GreFSZ98LZC2HXLsLXsLwXR78cpoTC03pnA=","Ln3OV3WtrmqWqlGLxPXka85G/Tf0xlu9wbPIjae3Ffk=","R9OBBA1z608vpgjia20vnB2SQ7gBLc8BAB3d0JpYL2M=","aCK8IERUKdZVDfBr/TTNtDv2tMWrjezCAcOxW7gq3XM=","P9LjWhEtIAUIlTwGXlEkWTHN420ZuLWcF3G3+DqgtJM=","bKZiX/hss3rzI7HFM0Pn9Qbgs55kgDX8KMwNE8ZfqZE=","3UeGOpnxqY2/AQcEA1tdm390o6HeXa53Xc6AW0tMzrE=","IdS2pro5Z7SmGb7iisI/J/w36Xmyn70GOSpwTHsdjY4=","BzRI3Fhpq20wepLCLW9/A+awMb2om4zci20obrVzKR0=","a0CaRWYEPnKvdm1wJKuJhDDpWz0KwLftJNupqCGKCsA=","7FjHJ+z9VeI/3i01nML6OL9OVU2EdX9iw00/hMpfzZU=","oGInG+9XOIhLnaLFhEgOLTLUmLCzty4U06YuCyBopSQ=","ovQHhYJFV5P+/RqQKSlI8FmBBYMai22qXOLyXkg8aq0=","af5+FOpm5tDZaK79G5+JeWY+QVoftSc+h3IC7/HG3RQ=","O2poFTMzqPmcNhRRBpL74aPaoiNqLGuvfVjMEn40djw=","2q1B/9HIruwFlLRmAVUiu/NToKwuCWauAL2kYVD+9Y4="],"block_size":4096,"path":"images/background.png"},{"block_hashes":["XmKlvi2+01wbVG/951NhOxWzSEeoB/j4CXAa7eHco8M=","Us/u7yxq2wcPfcvjF4Gk5Ep6gWk4SV6grIO/sqHcd/o=","b26cWYdASJrncvpvmsTZfHfbS/irl1wjkTWzt7Z6e7k=","L9PorljJK0ZVGNpo+KI0qkhhKUUF91sGniETCU6E7gM="],"block_size":4096,"path":"images/linkclump.png"},{"block_hashes":["VtbwOHF8PGDRB1Lpz08d2KcG/YZZdT16UaRXhwyV05E="],"block_size":4096,"path":"libs/colorpicker/jquery.colorpicker.css"},{"block_hashes":["Deh46yjTYj6T3EWf6nD8BPr0O7PpwT4aXrnOscoMgZ4=","XBwiJM29Jt0DrS5xULBg6/Mhp1/XXrEUzErUK7hUl3k="],"block_size":4096,"path":"libs/colorpicker/jquery.colorpicker.js"},{"block_hashes":["5fvrhas956RlkK42iiioLE4jITUGvch4hmfw8IpeFRI=","N9FeZZZjCJJ2eBAvWmfF4hT5gkDsgbrjKoMG+riEIQ8=","aDtKpzDZd3blMWUTXrCQ6qCyTSuh1LyupshC8CDpE9c=","UG+z/pTscOqyOjEnAVgFVnyMTcieRT/sRgSMmHGYtFc=","8w2KIzAfeTkUfKg0L1OxVUlHwZuHMn+Gc5hd+f0dZ/o=","kUm3rC2ra4EgTPknBJp5FHQ8Db11dTm4bcS+A/9gUcY=","Rei2f6SkHpiRw/rZdO1GaNPbJ+dWFP7Styo7vIRJgfQ=","GW2mTT3jsq1ggKIRQiu4gKJaSfpDdS+zMQqEmse9fes=","Bpf9+KJr1mQdb4fTFtlswfpTfXsH4gm1+AM4DgkRZ3s=","iHXpEsajvZPQQq+iuS0kz3ZFvTqf+wQKh5AO9Nr0n/w=","aToUinoQcGHXS3ZJIcGK5SQpsJ8JiswQyyq9RQibplU=","/8e17sR8wrYflqeKVl2QCl6QUIEfZM157dEw/9S3RwY=","JjvdywkHYE8qy29x3TjO57foxIszXwBokzNymMsrQcY=","kHJndVuw39WEY+XrAmMCPSl3tH/9QWcuXK8AsVHCYo0=","MfPTHZvF8CpsRjacm9MdMRp1uiCKnJD1o6youFWr1OQ=","UtN2z+GQXsxxksP6MRBi2TYe3FTU6K/aSeM8hFmUFDQ=","62UxXXJ1D8dytuu18PRY4qGoe/rjzqKjjJrmYR3QYg8=","CN75lE08QJk9AY/PiWiEGxvp4cmhFaVkbA8HALuxKo4=","MPpUsvu9jP999nOgmvh+az8b2lwBd8WVqVji1S70Z2A=","rO1uYypM1AfTMqJOVSx0GNfwCZHDi2xWzZDHR4oV7VQ=","VblyXuE2VQGY/Uf0u7V6iWuhUD+SWLNjiUqxz0F47tg=","s2TSLmQ6hA6paivsbV6NRTZmkEbKEwJdHeicbVRutZ8=","wqihu6eHnIbQ71w4YjKBbME0929Nf4d/2Wh7gYBMtZw="],"block_size":4096,"path":"libs/jquery-1.8.2.min.js"},{"block_hashes":["am4VNxZTe1YZnpdowNZATTHIMcTIKQFIAggutZAqn8s=","RVIALJmJ0o+2AP6QFlHwiV7S+YmHptqeuXhH62ZLDk4=","sgwqvVHOEXcv/z9Si2eZcDONx0BngQQmZumJ6H4v0N4=","Slxx+DZ8k7JB5QcTaJ6w2AxlFyi4W+rcvYN9eJAn0+0="],"block_size":4096,"path":"linkclump.js"},{"block_hashes":["tDPyui+CHmFpFGCtNoH4kQmpqvePvgBk7rhZmfjgqdk=","aDj8fKJTPrT55vGp+Vzq5yYOp89idJ0eXBp1Iu1h1rg="],"block_size":4096,"path":"pages/options.html"},{"block_hashes":["oE8jQzPBcm7qa6A+NqsFplTRejdwha9iHl9zBl+dkN8=","ZpnY/iB6deU2BR4yj3APtr+JZNzuOVVTEBpD4vcvgCg=","wVJK3cr3AARrqdwGH+2pRBTXMLuXyd0+GDlTE2DPCeA=","QcXjAFeiizl9BQiZOySi6DnAqEdvKlUG+rh8Rhd/qyA="],"block_size":4096,"path":"pages/options.js"},{"block_hashes":["gkS9mCiNFWdn5MvermI4BCR3ieot4LuDTZauhX4HqFE="],"block_size":4096,"path":"pages/style.css"},{"block_hashes":["ea6djAx8BUFvvp8aofEI2/8vo/cLrWmJC39u39ymDAs="],"block_size":4096,"path":"pages/test.css"},{"block_hashes":["m7HeGvoDQHq9v1gQ1Qpeq7u7QO1tK/d4Xwjo+WENC0g="],"block_size":4096,"path":"pages/test_area.html"},{"block_hashes":["BkRdIusTyY0H0vd77IO4MkNXApl3aRzDv9YxgKyMcjk="],"block_size":4096,"path":"settings_manager.js"}],"version":2}