{"file_hashes":[{"block_hashes":["l458eqnd8daAfoRbQc141TQcWfmuykixEs5ZfM09diI=","eChvfw6fQLglC/jTNgKO+bHjyX42iAgd/cD2CT2BW0A=","2YEqx+YAnJjCCuOFw511zPJ0m8zTVjVfgShEtSL7sWQ=","KqgjEA0X8UNHhzPv9C+MG5ZvsExnFKKeA8u/+hkjDPE=","kUUvfIjRHdTE9LLNSsspyzmCILODkxaMStS9sswW3Fk=","Z/Bm8/MUJW1xo2XIhWTP63csG+qHUNrCl+GRnSFe4FY=","VHmDGNkkEGu2CTt/3P8wdZS8u6dh3jLileuNps7/GXY=","lvNs2edZeIeYJxbEBrdaYxoLhjuj8N5cN8aFe81dgy4="],"block_size":4096,"path":"_locales/no/messages.json"},{"block_hashes":["BiOvEAxDXhYZBlj3evO7CAeLuRiyBHLTgJJ5fSct7u8=","kQCp6g04Hn8vKlDefC4uWsZ/ns0ryRcSgbyM+Z3kvZY=","Yv4IjIE18lbHs82dz5MhUllssjyack1ewnk+jwbHTmY="],"block_size":4096,"path":"ATTRIBUTION"},{"block_hashes":["/urCrzXaOq2gOyb8H+3mJf6z3nzyoeiQHrj9ttZyJAE="],"block_size":4096,"path":"audio/0a0ec499.mp3"},{"block_hashes":["QU1ObwHxVw7d6FtoR3ad6ErsVh4W9whFMb+ZCHmAbAg=","3oz4foco0CvmE1oo36r8eHiPZzAnpg4oXbPlgQ4V2wk=","xgzLAvdNIVHFjKO7/OVJsSusWQJruyvnBeyl7TMOBik=","OXUs33fwAMMJXqOozZErAp4BT5UTk1Zdy3wQ46zsHJQ=","0Lpa6QSZ80k70w6q+4/uUyJ9jwTTLeQGlNdmYTho3/E=","ugClBstnIQ/NseC3j7DP6PV6kszzWJe2X/5IiDR1f4s=","/ypqgg6+SD6At6Tc6QGORx1eSfsvLThIs9f08JK4W+E=","D0RIVaArPs2EdUt9OMaLB2H8rE8gMNg+KXlliFY1unA=","GIllaPpH8T7ukO+cmg3c7MnPsA4P3OyjBm6nXFZetDs=","N5kr7gJhgdYaV1tP5fAY79y+/MB8uEEoJk6Bo97k5FE=","h5T6qT58mcDhjUXy4SHR4qFb4OTnle1n6IDvV5PqnXI=","MSDYNkb6J/6I3sQZnH9DqHz+Y9QwCxVvvUrINi48ljI=","FVueXytv63tYw/SazlVMZwz0CpYKJf/+mgfLeTDqnw4=","Nd6NQIQC1IULf8w2641zJAjhFFfxyIuXSAN12/ZUChQ=","z+3B/fHJkBPgobxVaCqJ2gu9oUwTJ87PYGJueE+AFUI=","2KcwlDeQzdZsqDTz4vQBf9g/eum54hjcWKgh9qW9DCE=","W7iMWwNc17dxuOOPlxSz5uTh7gBFBVc9MhHJpd6/lqA=","5ysoeXmGfHDcOBERvYA7SLt1BMkeby5nBy8mr1Z8nUg=","nd/RMIkGb4sZ2jiJ1Tg+RcoXhUszAZl6CUymyveAbRs="],"block_size":4096,"path":"audio/0f034826.mp3"},{"block_hashes":["MTK36jTVwG68i7AuptWnoGkY3qDLoAhE3ne/xmGqnPU=","YhqrQRzBVSO/SEdt9+x2iN7sXBve/EdyQhB9DRZPpXY=","DUv7hxgwXZNqLKVDcXC2DpIq+2ICtUeP1/cugQAUe38=","SYQowtuZzwUrW7vj5oCCav7ZFAZ60I5B4fIp7NiTl3s=","thBy68mvg5KZeCQ5UjotNTl+2rT2meeyvO4rf2Zm+xc=","J3yuqCtDV3kT1R8L2C5rklqHjyzWFhseRoTGR6hq3ro=","7A9haiXd6bAH05VC0dUGe1o2cgjLgwIaD30OuZJvH28=","R/i6441wpzZcZLR9aFKNFyYT8Sgn5ael+/Z7KYVIpIQ=","IT43S/A7tpA0Yi3wi3whtCcYpuRQXEoirn3f36nImrI=","0GiUQW08xsZgR2smY42p0PhQS3hhX1F+Z85FtWoIUuc=","3zH+a9djSiYI/bBUlkBNQvwKx76U0EVCLoewn11X2x0="],"block_size":4096,"path":"audio/1a5066bd.mp3"},{"block_hashes":["y+m74eGpvIrQcwnbZFVitnYZPYzWid8xLU//C9mRcrI=","lVVgrNGZLEqgdozA77z1yxuhBtP0LKOSrcYEfXeQmgY="],"block_size":4096,"path":"audio/2122d2a4.mp3"},{"block_hashes":["FUdHgDcvkL+5cTytYlOd5fBcfdRkhr8WJZO50o50RDk=","g22VQ3ommuoGyXLXOfKZPS0Pj5F4KSVglPUcJK7D6Pk=","6aZK6EikYnUC6WEi0PnhqhkSpqtv8DXYlmFi3RmjvJM=","BWIYO1Je+e4VqecRXFyrBRVFTAtmn5tdwYCccewYcgg=","GaNDfwNtCJGDizwBg+h0w1+zokVNW5GwOdT3kWMSuO0=","rOw20SkzR4issQQFdZV1JaZqI7R3GhEpLiHPSGfqA+0=","S+aLAQ+Htte9XavNtcDA9PwXe5Us/HZQ7nBp1JYUeDo="],"block_size":4096,"path":"audio/28d6b5be.mp3"},{"block_hashes":["OCHutBEPsaVwumfFRiQAvhXOsIXhXpR5ijg8oUZDxkw=","Zo8OS6O8pdIfDzt/mtwtJq7K+znmF+4BcwgAqAt7rNs=","PhHo+NRvKS1BBnwBeTzcGSwmW8lxDvhLdSeb/rZBX8k=","64eO0AsXLmirw6fntM04y0MZWnfcQmE2QJDw1Yv9oss=","vWFhVlDgTy573b3QRYc5tye5dftpXNxyZ3isRXtoAbE="],"block_size":4096,"path":"audio/2e13802a.mp3"},{"block_hashes":["DQgoFVg/ZA6JBIdOSU5enBjFnQ5d+1U5NGlH8bdzxyI=","YiXV8Hj6Ks9w4xJw1afIn2J6spuOdIB5xGU85cxauog=","n3p71VJxjiLdVGDP85iXWsnsUcCZ6iNI5oWT/VM7mx8=","IRTiowfZfCyvnh+0qu1TuxALBJnqpW600Gm/kxg/Fwc=","7Vo5fLPnNMOb0Jgq0TgJ1njd2yVLOzbx/yS+7uEaVTg=","+vAsMn4AUPTLWoZjqNeZvE1gMG7JLXwq1LV8wiIyVFY=","g9pwMxizXO0HiLwjriF69lFDl/MGPC445hwH6KkZABk=","e2hHeU+LxJlWgSt+ixkrvAEEDTmUlQHaUAykzTUrHQc="],"block_size":4096,"path":"audio/2ed9509e.mp3"},{"block_hashes":["yczv6kAD6D4nE/oDdfvtPzSKbPAVsg91wMfVnWp+N7Q=","pmW9Kd9csxrWgs7xY51WWs6dpEDgbJMLAcgTJZ1Sbto="],"block_size":4096,"path":"audio/36e93c27.mp3"},{"block_hashes":["pSofnx9xo6gCRrQdOnnbcOfLRvRbCDi3eJMZbTir8R0="],"block_size":4096,"path":"audio/4cf03078.mp3"},{"block_hashes":["ypelzL9qTSQuUcqRQsLEmtvYFzR5f2W7U0I2YgQpAEI=","/eFvK3sV1C33D5ZfS9KVZJFGeooW2ugCouavdzM1VYg=","GQ7ohb0nycm5Vx0enI6kFAPIMMCCQzitPOLkfumaeIs=","D01aIb+lLXIyS7lOrlDJ+0NDgYe9QeYbDiclgzttdxQ=","T/RYsEbHT/+tGkulIGP77k2j4Mp2vBYjRevEV+zQ+Ck=","nvbZjSnAciNES7I3O/lW/XhqYsybqx6qIR/VnjOiJ3M=","CbwVHjEikbhZoyMhd0j2pahrUaNztSjLejN2GutUetc=","WdYPspkf74oydn52O5dBUfHIP0VEbGeIkqS9N352HbY=","V6KOeIVFUC1qB7trEpNEg1INQ95kjktzka87vH6d3UY=","mBhF+IWtsGA216aenV+8bf70dsRdf3lrC6vxwbRAylE=","rllcBZj+vyeH/wkcL5b8vy1VD6WGw7h6G4nX3I5bCj0=","wu4xDvdy/h5KXA7gANozznsczavlnVThJUVBdVTFpYw=","9wlZD800nEpqLTr22yTePXQ4a7nddDPG3XPDppj1cUU=","6LaMekvVNFD1Btoj/kYOBmccoBpdWHJiX+AsxhIatAQ=","HmolystLxNNmxWyORXT15tL5pJ3T0TAViRWjK7nT6Rs=","WjuziMlN5LNvyTf3rkt3uHpMaNrbETuWFhxER+DxLoQ=","0r2Z/PJHNfA9TuukqW89z5Nz0F1aDGf65FO7ngn0Lu8=","EPS7c8BwYg5O1bWcGmS9Qo9Z85jP8OiM7eSK7d9elcw=","6Q1/3dAZ9qCYRwoHKJ86D5HBTDsivx3+0zZGc2gftSY=","SDFjjBb51MOqOjs7dB8i9Dh2qJL6iUvw1mPttfdCYws=","yH5NpTOfVMZJtYHrGg2pK17lyap3UtQHVyML5C/pFzI="],"block_size":4096,"path":"audio/54b867f9.mp3"},{"block_hashes":["oCpIh9btUPl/yS9QAXoEBMKvtN3Pz6uqd2LLOdnvQNk=","FZahTpcoLjPOEi0IRkxqH2ZNNHQnDigkjAbt/Ww92/A=","Z17ly10ZcMPrDbkek7v1/e44Zga8jn5Ynu8SGbLJ5RI=","Z33l+H2CgQcBHfNpDNIGvsFDyzCQ0Unk6akjpwAIgUY=","szZCjJSsDEJxP30O6uyc00mVZJZfBWp8A8PexGkBKrA=","TGxeJPaUoaIUMQQViSyepAcalaXMywT7xHpbz/qYxIQ=","si4an3VU037uZULLl2/BkTlYYmTXXbedLwHF2UiUsVM=","SHnTzRh6SIuXsPn2334qn/Keu/E/8nz8kFvU7PmhdgM=","nwkt5uswWIN3pQlrX/6zPLNQCmHv17gu4jF8wIaFtbw=","nhk1PvV1NfC3HafOH21WaKfF6ucjOByu3T1mz8soBTU=","cKUMdW2Ik7pbYC/fJ/LdR5lY11o5vEVVGcvs9c2Xclc=","9XG/zLLuVTSbx3LDmk5bHFsbImVSfMr0OXIyiIFZiqg=","1849MImXJCcP9s/9phsg7Hbmvd+/lfqk+P3gveTbefY=","Lh5Y/F0RluZHG0tIkrjmG5YTHnveh1nVTGwqmV5Wsaw=","w1Kmm9OVROK6MSfSDzaIW5NFTDMtakVPKNF2rbk4OXo=","1UZ/OMJwJFKsZia3YCI8qVGXjbR1KjIHaUu9MGI7TjI="],"block_size":4096,"path":"audio/5cf807ce.mp3"},{"block_hashes":["lsbtfX8DiCJuKgKLujM0+B4gXpuyPBTQ5Au0/T2/EVw=","N0/8fIYlVK0K3/592B8UWxfi3ejZ9pWcrzy1knusP20=","X5Ct36QoNL29zo98cM8lgoXf0tZbE25E3J/h+HnZNBI=","Inf5z4miNFQz0XU5Sv6+y1KGOfQNRi2RKR3TFubKPoU=","RqX/ZgZDd5lQUl8ZmVsWJCDBHGkaR6KZpWPQ5IpYuGE=","HS2+ApRDP8nvWgC+fpw2FCnrPFRQgUVFHwBt7fCezdQ=","3f8aRzwY+mzFowRu5Q49QQ/iUKWKWlDEQ+LtqTsx0VY=","SXb0gevjh7rk8mGiJZKwWxexFfRw902auzWmzR2kzVU=","WKmtGSHN20r1EVwuPuYGcZN4QfqT8XkqcOGpASEM3YY=","7arvRQjhnR/jQjEu19ADGWRia+fwfEzXahwlo5ZzXbY=","Xzl/Tn/FHfSqsOqo5F+4SQMpJPTkv7iL27H2fIXtDvY=","7jXJ01KgvkGB9jUtBUzCCVUHpybQHxOmb9mLsCVbZpw=","Ndv8JT/Hqt9Ug0zEWLnW2umbensWP5Hp694fhlnbTr8=","2K3bz6UC6XBqgnZyjMdoXEIjv3ayJ4FEga5/zYEy/Fw=","HCG2LEOw3equGCqtAJ4o30CYNOjYB1+c7F5r9zW9j1o=","OC91Y5raiog4SBZG9lZwwzDaRnfd4LvyfoqssS7130Y=","apfJfjCDSwVFL+d34vMNbQ9HbpCD73GHItrwvhS3Rfk=","9EtEQuxuuALGTrKdUXC+iPciT1odXm2IFWX6ux9EOt4="],"block_size":4096,"path":"audio/5e122cee.mp3"},{"block_hashes":["7Wjyqp5Ti+t74E36/ZZla6aCAUCbhQC2avxYAd2886M=","QaC9F9cjJSvHLJSfz6fOAQNYrPhMyh6dKvjCO9Ji85w="],"block_size":4096,"path":"audio/6103cd58.mp3"},{"block_hashes":["NF2SsWZJN2Q988l0u8gnjC/UHG2XgJ+y52IUXXg6FoM=","JutZAmJow02GMh3rL5NaFddEHAofAZ5vbEpR+FHH6Cg=","qK4m99lfaB6ST9aWFBWP1u1ZosFm1jtj+vzbq21FDVQ=","sUv3JTyKs+WjdJgDKX2H5yqOzo00Th8FqNutoOAOUMw=","tmvzn6MgmCm8I/DGah1OA4EMB0Cft0cRWt3Kv3e6Wos=","yEOs0HQjVV3z+B0ujZt0S+2VHCGUF9Zv+6k2GlNMCLQ=","NA1Vkp8GkMGUeUN+HoiNIlLai6vy0m1VkEBqZlTM6Hc=","KCLFgUOIlNbu8zmg9xUyoVJityj7YT8RgBwOAVyuqQ4=","6MTlBT6g91x7pQj/StDNddEIK/kDg0hFaDvb3ktuIr8=","Hzq0S9Vrx7O926/sYwXv/fFAkHGQ132zM36lmb0bOKQ=","7z4zvGUdNNmaZJ5pAqMpZH9dCFNzFrrZMb24D6TzGM4=","KQkzNCpuhlLq0499ks7jp5h4Ex0/BcrQMB4cPGUcztg=","3PokQxLWL3KSBC9ybITEfPjBVRnNtvLYAZadL1XAM9Q=","c6AkwN0Gf3CGTqqOUmBf3kRjdbUz+tgzWb+aG9KXmtg=","ITLlSOpynzaCl3ahRueGnxtieUKa7eMhkvWDXOU605c="],"block_size":4096,"path":"audio/6a215611.mp3"},{"block_hashes":["FtAoe3k5AOxC4tp5FMY3ppt54n2j4ZwVKm8K6RKVY1I="],"block_size":4096,"path":"audio/6a981bfc.mp3"},{"block_hashes":["7HbYiF68hmVo7+G4yI0zmUKl39UB9vj0lbZkIXgbaus=","pT4xuE4hS+EyjZ8sLceAVFoFTl1K8WEhixxa2MecRA0=","Od+9QPrjSAd0OaK7zaq0/1ibgSP9ARbx0EmdhBaGMo0=","ik/Zzj1CIajaP6hZhQwZKW8Dq2Bi1CgGQh4uJsuov+k=","3H7gvnYWupsELAosn77+Q9rXrvj7FB6v36OLFF2agFc=","rI5przniuco99zPuqUFHz5h9gRP/N+xznuG3mjOTbsg=","347+rNF5AyCMCT50rJfCovptlZtVpgdrLl4Ks3IzmB4="],"block_size":4096,"path":"audio/72312dd3.mp3"},{"block_hashes":["9ie7DVvOoVkZ+dqDqmU1ZigPGdyQpNrp5m0sBIi9mfE=","15gWe5XscUIK+/mr50BOHs05kp/DzvWCLO6fpu+SfX0=","3TEz7jyhQVzM5mzgBaTWfkp94BJqNiLFMm3TBs147h4="],"block_size":4096,"path":"audio/72cb1b7f.mp3"},{"block_hashes":["+NDpao6d/rAiqoN5q5xQkyKINPoFf/CWk2yD2QPqLaI="],"block_size":4096,"path":"audio/831a5549.mp3"},{"block_hashes":["hz+ZDJaUMkLK/GPMz8S2a0awAqbM6jXKbG5ah76l8sc=","+JSjXxVSNwAruVkNwoJR5g2vQ0XE3ZOpkhV9ZftoaeU=","pN22t0CQayhgV767gSy78BmcjtaAXyOZb0uPAVvE5EQ=","SWOYhQOZqmhYPm9KXpWZWyKRcawNr5GbhZCVTgibbN8=","QQX9xHTnCK+rOvGZG08c3D9hnzsnY9q59iymYcLWjhI=","lbLpE4EyJyBpU3Fu8LCToyaWD4N89gJpYBnkpgLAWoE=","XIs9IBvA7HExGgfkehtYBIt2Fk2rRgBq07+dU9WJeIs=","4cxP6Pu7jKyuvCu39p/wUsx2w/0JxbsJgciOJ3TAFUM=","DkTEmSyhU4lTdkwo1Bmlkq/xjVl1CwWkjF8a5OvYwLs=","ylURGyZNwxVsYmSxhBkn+izcaF4cPhxHvnJ5V/rroZo=","kY8CaMfHEfcdzU3Ne5mDSoBoV5bo1UqmJAH1Jccdofs=","25TNmFh7la60t24flMDy2cNIz0W6DG+mRrJrizmbGHk=","HQJctzKFFC7Q8lSl0rZzBVhEm8n6AeENkUjWHo8hNAg=","kf+GRo+huXfAGbflDKplgfos+CNmK9jCMjN7LxLTAa8=","fhMjR1gq8/rrxYzULwg/gNrU+Wcu0TTsG//kKqch5vw=","qg5v6OizsoeAE90Ioi16+FVqXa1X8bjeC/aI8Cer1ds=","RyUsfGcC6r+mop4uPT3Rciivi/tPcHJju1QTpOuPKYM=","nnjCA0G0/q68420qvZpi71iblspP80Qfozn/EEMelhU="],"block_size":4096,"path":"audio/85cab25d.mp3"},{"block_hashes":["dK+OajRG/ktfCFr/aH78zIeMShUFgv7Mlmd3aRW76DY="],"block_size":4096,"path":"audio/875326f9.mp3"},{"block_hashes":["mKX82Hr/aZx6XDFv3E4QlTxfPw9yhE2iBcHBQSt+Fzk=","XrlGas8tEWk7eoGjuvnKZ2/EB7QZuJAj6Qsa8TzRRAM=","jEspAGWRsDV/Z+Bw/Jt8vtxRUDyjhU+N2k6DL31S8sY=","E3Gx47gBCL9SnhZm3NVYQmnV8DS+c7jGtia5vTuwQMQ=","0tV6xiL3QJ8EjQZLGfNLHE1gFxa32mSniXufQHLrlrc=","IZIlhfGgX5fLdAH4/+swQQajFor5Md5OC5ea7ul/fNA=","q3kCd3JN+RjIdzWF2t/pL1skI9g1yN08f1kiKiNexIU=","zpMBfYT7V9pW9U1OePKduFN/z9dhGbi2oEh2IuPvltM=","3eLVimQplNU+dQd2ShUpXJj58QszfQPzztg2xah/EhQ=","dgB2a5sGWlX1yvYkzQ8NbMesCowCMuumUIQTJZ1IUSA=","beSZjDKBb3wS4kWb4czk7JdtGfFUs2XhPaii4Coktvs=","Bb+z0hONhZ3xJgNiE6JE7N0tRT09mJ7n86tJK9kPK6w=","lpLBJghh+feT9f3FZBu904YLRolDZhVV/ClubbFz4c0=","p9j+SBHoHmXIWh/1XtyPAD2LfuEWXV1UvxCkzMh5Hdc=","ahkPZSIoW3TMJ3I0pSs2Nh5XJpp3BXiLBeuPG4FmkHY=","v5nh6uLWPcUYEfNSawIn343Hlkmpw6y+ado/cxYEYHk=","gE/NFeMInhwNS79pRxX5/UIs/DXK1QBTn1pFUXjKpRE=","oJn86wy0fYoBfD+iGckScEJNYzEGh6wqPrT1D3JYZ0I=","HMT8VNflQMTIl8l2Kxxz4op8kPC6NGhvow0KXQ2BOrM="],"block_size":4096,"path":"audio/88736c22.mp3"},{"block_hashes":["WFH/DH5M7Y4+d5OWCJzjprgI9DpZMRWZwD9KL/xjiHo=","0oU93QyELu8q/Fd8AaTaCM1Zo/UWvW6zSm2QBUSkSRg="],"block_size":4096,"path":"audio/89dafd3e.mp3"},{"block_hashes":["rjRnkus7mzNzzkaQKVYZF59+cKgd0Q1Ea3KoBNO9IAA=","NsIkjtBLsCYdC3sVkm7Ffv5XnLV2/FV46ncsJHwetGA=","eHBJeE3PohwrtRFcZJ6R+l7tkCLQCXZVLg+xQRevxtI=","Q2yKmqhtjYXs4/cnOqfwcVB0dS5tUDf34bYq3tPJ1W4=","V1avD1mi2ke0kZlsvjzLZ6Q5uOa50Zzamg1eH9OkgNU=","sf4TkzeDz/PvEvM2pYjrLvSvF/rKPo325gg7Tol3+YY=","QrWdrtHM/bZoGA+HYT6oF9qnNet9mAsqXSmQ3dQSdEo=","64HhRyz9aW6BWBQWaB1d4TFPbqdLxEhL9IGrjS26aws=","XZ4edfJSE3O1QbvCBmR9o4rWhNIqrnB0REAwoFiK5Dc=","lhUKZk4BAj1zVo9nAokAWrhFYGpNp3Llx1Uy1wrDqY0=","6fWUDeu3YM32NcGlstnao1zswOP4yYsKhQSk6DxAMJA=","8GqlK52zdxoAoY1j9HfwwDpJ1iEvCm0pB+kv0O8IhtE=","xy38lPSKS+mpiYZ828tPGUbpCi5mZEIJBbahhjb3hGI=","wOt6MaPhAdaYEchqyH74k8Xux59UGhj0ZLDVdQk9FG4=","SkX9Cnp1duVvVk3GTcaqn0djyE8iv1IWqJmKXVI0qH4=","+V12z9lKew4IxasY/oOXpv2O5GkovvVRzJsqff779k8=","tqK/i56ttRalTDzazaXXGiHacPa72JuKQgU1P4n0pu4=","oyUtatp/W+0E2UYsOPRlVpD5mAsQxqV0OW6WYM7zDx8=","l8WojXd99RnyawrqUEr2EAD0AGmRMU3aWQAgvHnLkQo="],"block_size":4096,"path":"audio/8bce59b5.mp3"},{"block_hashes":["HOmd41kqft2J+uJCIEjnbflEP8P5MBeUwyxqLsXc+Mw="],"block_size":4096,"path":"audio/8dc834f8.mp3"},{"block_hashes":["P2Yna/zStSKLsk/8SfZ5mHfvLzLm8GwU3SIstetR9TE=","Nq0RLY6z/mOVOKguWoFG5ckCkj1fqOqjikhSEO2DrMw=","qMGq+/iSd2ALQ+0YTfa99I8Q6c55+6JQEdY2yQ3bAFA=","rrxXtdPK3Vt8z00RZ+y+Ox8pmryHQp2cziUptrrGZPQ=","217ueJ4nmT54l39W6d8nkFLmMOeVK+kpVhi/v6yYuTc=","C0AWzK/qW7sXbZJkRXY6NTUduUZZdmmp7wyvJnPB5Ww=","b7P51FGWUTH3xxXyUXvdSMASjYO4xN45FrJf0aZY+zQ=","O1/NANQDQxCxej6fsU/3nWmyaeTmzzmJG7qQj1vf6eI=","9hHnhbh82vddBQ8HC+diSqjP9fckk8SSxayTr/OEmAM="],"block_size":4096,"path":"audio/92ff2a8a.mp3"},{"block_hashes":["eKlGu9lPKVD2Rag+y5akpUKr0FBLSRHGjb4Zutgtpj4=","JOHK1NfKnr9j7uX5dBSAe3a5cO7rpt/IyszxKCVGpEQ=","smbk33//XlwKHg5mXq5N9qon+FlBW+j2FKoDdCDZKFI=","s8SouX3/LxUu9s7eUbxKx6AEeBlpEWoy5TYkQlk+1fw=","05vYmyOX+jAFbxdjklGvUkKV54ukMwmLb8DNNBPjsxg=","dT2PvomXq3RXaQzhbKdsl8n3qPn8bhkNyHlm+DkbAxw=","uZgTeEp4yhGTxWXCH/oKWJkk/OwutDkF75spJ9sINms=","+SMra9rN8kTos8Cqxoouuq5CCrzcNSMzL5F4qj+YK2U=","0moEPnifyoSsS9BY6NhfN1Gz68V0ZUsAYL5JUpR0qrU=","D1fNxK8f2bnXIN0Z/CjfQVQwD1QUMneHmo01kV5gm68="],"block_size":4096,"path":"audio/9404f598.mp3"},{"block_hashes":["2r88uGYPUKwpILeVzmMJZ5b/AMJRSMHfa4w/f0Ncz1Q="],"block_size":4096,"path":"audio/9bd67f7e.mp3"},{"block_hashes":["xTHmLht5JCi+ac7lIu+a1C9nJ2/hKwpESRfbPnr5dik=","QZ4QwYmaN/I1K8jkNUkZDHdRJySrvdRWjFuuGMkuLAY=","R7E0QrJ5i9bjozC3FNY0Vrv87UYUmmzguNUJJhCZTU8=","IINCrfuGZ1hF4CUw7mE5E0Jz6kgkV8DB5wwrbVS46Eo=","iENQkv3RC+tjNbDbbMcT4HxAE9NyxU04pT4pIpskjQs=","7faA9ea0paNjrN3Ph9FekUVhVBPeNeW9mgOG+w++nnw=","ZK7u3g4yQDqXY0mj8FXucysIdFjZw1+max9yxTzwGNo=","4EdV5JrxWWLSRp9aRguya+zg4zQVUr+9NgPQPRlJ2SI=","qUmG2qEvSMPM0KNAtynjMy/vmKyxMLBk0KQFPy1N9zU=","123Qbk/3YNabddE4SmEHAe91XjOIbyLq6B6rGjHvAV4=","627ahVPhaakpSE5HREL2S1k2QP9wEHFsdbG3j4hVGgs=","EwbZEs8UOYWbT/CE8Nmps5eGBdhQDguPwfwhVRhlZgY=","O8HbVl773dQ2J8tA6Ip9acEPXte29PUXKu1UsssVa8w="],"block_size":4096,"path":"audio/a258e906.mp3"},{"block_hashes":["XyRixeNXH04Zsx4N4y1KG3wPCU2nlI0TGyH2/wsldGA="],"block_size":4096,"path":"audio/a273ba0c.mp3"},{"block_hashes":["y8lh3MM103PJoIlUs9gMKUzx7a4CwPkZvJ25mlYBhD8=","eHn9mcHsAdz/3tY2xCPXQXmrtGe2FtNpjPcvk1BiSIw=","ma4IbohfAqOg5vTyQvfkXOnSRq+g6sH5VkI+I6EbGwE="],"block_size":4096,"path":"audio/ad6eac9e.mp3"},{"block_hashes":["b6yeGlSlUtgBlq4HY7dvF9CQobrZWwQO9Nl1oi7C5gA="],"block_size":4096,"path":"audio/af607ff1.mp3"},{"block_hashes":["z0wdSy4A1+fcqh5Bz/WpIVDitCs6K+3EoSJafiZPeqA=","1B9kZyTTYa3zZhOECrBEeDgP+etGxdZrhxilwi3G2f8=","WjTInz4LmT2Y7EH9Zexesg3gy5TTc7QNvgDt+W+HPqM=","IhNO5F7IKaXWndbcuJx6Z0hA6XVvOiNCz0e/Xg+5sH8=","kAX88WVC5Sq0g6emn6vdNg4ymgtJHYNfZzQJkQCGHVQ=","4fUHdUcEht5EEHNRUU8fluMp/ZrwsXLSXycgsIPK01g=","jdgiWmw3DQQIX+I/fLNTRaFh55f+k6VtO+8i5gJYix8="],"block_size":4096,"path":"audio/b10d75f2.mp3"},{"block_hashes":["sJZNGk55iFIpy/t7P5gSA5uhkMkn303trcz+7Lxf9hE=","K3JFiBZruAVXBB8pxClnL7aTbs1hxAM60RkeOFt3afw=","QZeot9VEHLJGYWalWaIp8sCz9ZFqHm+BG7XLr/ey1BE=","HAt/aB7f4dCmHgtUbu0mEcvkVgvv8TcH3khhnvlN95I=","ZxXWJSQ4KQzea4LYTA76TTrj0W7B8t0eLB9yOgCIp+U=","RnNsRVkItb2Ss8OD+J/7so/tYPH1WOYMVaUgrrMsC9A=","HgxaoxTo+sR8gte0Va4DpIFdkQxvnikdtY9KmhOZ8Dw=","A1YVdQuXvGq/30Uc9s64M1vw1Up5jfbsJjbMUZoeag4="],"block_size":4096,"path":"audio/b38e515f.mp3"},{"block_hashes":["fKI2ZQM5fhclSPx5HP31LifbCiS8mL2v0OVaCUpJcho="],"block_size":4096,"path":"audio/bc4e3db2.mp3"},{"block_hashes":["RyebKcQN2YNS3IRTW2VfHlURpFDFaz+D838kHgKeLOU="],"block_size":4096,"path":"audio/bced7c21.mp3"},{"block_hashes":["O4quZLkEJL4mfL/SGqrPSOqIbTQsMDV6aLpGhn+AKDY=","FNSMCTq7elpzXE2aioc6d8WGf3u//+z5SMeYbqo6kXg=","2miMmd0fmgcErWBhDHJVQ3U/CgE+fBQGOhrNHrTzdP8="],"block_size":4096,"path":"audio/bd50add0.mp3"},{"block_hashes":["trfwOSwWnZh7RxOSx9HWx1Noi7SbaaHjwtSYvn7G2wY=","166SdoarKD2cUFLKQwpOd3z6PWpxTSfZbzJxr1MSw/0=","kzvQWAGPIDZh/wvg+t9jwJzI9TjcEbp0ruIb1NKnhIE=","Nv9Tjf4uPp40CsAE2yMb2btKv66ndiUYWWIN/mdxG+c=","QS0SJ/Ix0G0+MOTjV6p+qSCR8TWid37ow4UXzgwo5BA=","rI5przniuco99zPuqUFHz5h9gRP/N+xznuG3mjOTbsg=","2BWxy3F66Muk9JbW+lQGKIL061gIKJvfdJLQZu/MYCk=","MXNl/flP/+BaTY7QQkFN//qLJmIjppolPro4M7tX9vI=","6MTlBT6g91x7pQj/StDNddEIK/kDg0hFaDvb3ktuIr8=","/rTksWll2lBUSse0URju8Ur/A2Mq/wFmVb9DWPyvyro=","TQ35blzaizccm/s/HPeJv5jLboLD67Z9pjpdy6L2LDQ=","KQkzNCpuhlLq0499ks7jp5h4Ex0/BcrQMB4cPGUcztg=","0Nb4+2RPfnYCCj2AIPAoftEosG6PdU3gi1qIOHvsE6g="],"block_size":4096,"path":"audio/be75f155.mp3"},{"block_hashes":["AxFpP4Bo7IdkDmpyiqElfjpT/Gym5cM0fztSTbMRbCs=","RipcOMZ9b3Q3+pZYVSWmsbSA45aunUF0r3/9TARXWCw="],"block_size":4096,"path":"audio/cad167ea.mp3"},{"block_hashes":["akq4vtGXvVbsZSlgtrFe7zqs/t7XPkszXCQ2Ir2yvL8="],"block_size":4096,"path":"audio/cba5f173.mp3"},{"block_hashes":["YK7ubiTe0QUyUwqjIhwH8OfwhrOqXxIMFTSpnXQQ7gc=","t1CT1rcKI2A5gyikvNvziD1E8yci/nYsn8o34lQ56fI=","7Ct26qdrG++6yaQkqiyKEt2q7B706C9hpbhDFacRdAE=","Ca9KDnZ0/M2T1qmp1TX/RXv9jtZFS0P3YBi7Q21WR4M=","t7SYnDg29zWj1S8x4pugSifhtoKILOHCmuMwCocFyow=","hklHOmEVMNSnYkRZdBIYtYZ8eiImKuOzeQhdb6aAZ00=","Zq5jtgC6CJzWnZTg3AhQL9ALxxIZUGT1iFr/Ars9eTc="],"block_size":4096,"path":"audio/ebe7deb8.mp3"},{"block_hashes":["xSfI+Ig3cE5eAyvAqmhjeEfEIZ8g+XtYDxSGn0N+td8="],"block_size":4096,"path":"audio/edab7b0d.mp3"},{"block_hashes":["JQtmYc2WmGIjeKx6gRmdJyFyIZNdy5mkFq2gQo6jb30=","3jxkvO1nEY+O3oQ6MDoDGXrBzl1FqBDKr4o958pwkIU=","9X1B48PUDCNmhH4HITpNuL55H9mHDP6xBOm+U8ttWcw=","flnGgzwwh4gRb6PFuT0pFP6t5kaYU2vOVuaBSvyQwhs=","kdUMWWx8m9dQRsvGdPVVFL9B7nGrahCx/g2wYeHbdho=","2OT0JFxPxgUhlVnrqby3tYcNpgaIgQB2gXxztXwNla4="],"block_size":4096,"path":"audio/f62b45bc.mp3"},{"block_hashes":["DgdVUOrQNk5qzHkxHUswKx+34t/sLVWEgezEjP/gQ4s="],"block_size":4096,"path":"audio/f9efd11b.mp3"},{"block_hashes":["Tk30WtK5hl0ydiG+CnUm/zAHW6tuShXdzkUSpf+Tiys="],"block_size":4096,"path":"audio/fd23aaf3.mp3"},{"block_hashes":["a+omgJWkxZDV6x1D2Dn0YDGt9X/TQibbSF1cF0ekFN8="],"block_size":4096,"path":"audio/fd64de98.mp3"},{"block_hashes":["WjvMJuPKVb9Sg/REUXndmqxstctJUJJ6h+Tjjvm31zI="],"block_size":4096,"path":"audio/fe5d2a62.mp3"},{"block_hashes":["5VdldCOW3lWRJKY7g4iT6c0FqJwduVDukhc5DSUNadM=","Aq/lz/nd7CbjNSKcau1+vtqZ7+7uLMapb5HSxDG3l5Y=","QpMf8OZX74nZcDy8V2cG37h95cIoDrwqtNTV/yx6sRo=","Su5yavOrKDK2yOs4Et3zg2fHbtmQ+AYj0H8GR99yqM8=","Go8LPHidHa9D6tNm3O16Qop6ncnMv0zAx2/g1GDwXW8=","Mmgq6uzJVqyhkDFd25lESI/bJAUm08aJb+qxsKi4vVA=","erSIawNMZ/d2DnSU8vM6hK8/WOW7FgHwH8hG3QtV4gA=","j3Jc/mFowc+Jcbroo9ilawnCG+Evv6/J3f5fWnCEkto="],"block_size":4096,"path":"audio/fee369b7.mp3"},{"block_hashes":["l65Ndu/XxmibzTLM3ZE9yepjIwFmgXedJs9Oii+hLcY=","DYivGRcZOWSXqqTV2OXcWnVr3LBGf8z2jdqaKeel/XU=","CrWuqLY6F5ZhwlmFdfGzwrqZGpgAg6+42uM08Ns1Vlk=","ZaQdZOjQeZdg6rte3YrhX35wF+usFZ0jieLHsb7kIFg=","5FRD6VkDC/hT1BJ2NL+KBy+/adEi9lZ+BZP9fPKepNU=","in3Fqj+djsy7DXEwBA+mYHfnX9lMZynoBriKAByS2Es=","ZLyjSIeu3TmTeiLZ6iIyDbNq3YLTXyPkrjrQntkUFP4=","OJDQV3bZhhs1Bq1u7tqhrMfWRRVB+GtvxDhR3urGcVI=","OWZmOvXjT+SlEJVCqLNy8Ndta5xAMWqGLCI+MJ9ZbQU=","5WD4TBlDdMBLI3XOodeiF8LBkVyhz4BgnXSyY2b16Fs=","AB5oHAWGKVUZZTDRSCEbwly1807DFkgI/TLwGWnKt9A=","2NGKCU6ZX9BgY0qNsH7Zniq5E9TUvRCXRCSyP64SRmk=","lM2PFVHE1Vge4s79yWlEsHSdjMyH1kOe8CehA2oCr1g=","SzUmzzzkc8o9MK781pMW1ObJ+5ND7VKSJaizn6KkiE8=","NQb/APzS3vx5ig88IcZQqNw4zz5GBNP1HTJLBGqT7Vs=","S6h6NLeEt7TnRL3rf8Lmm3vt7LS+0w1RI7aOSki7nBU=","ob2R6O/ZWLMZadoFMPVSDmwWVj6QATYr9sLHmYwEMQs=","NpDJEnM2OjVlel0QVvdWpHaJQZ43p/2Ei02wb2p8pG4=","cFmqi23SxxgBVjvzaN9kpsPQHHu6RQNMES6YzQvu35A=","avCS1ek3axr3h1oNHot3oziQirD01vvX5A2ZY/XFBWg=","GUKj4+z/ZiK/smvcaCZFpNtnLt0ZjVojb6LQs14PHq4=","NfLpdVsI7LDftqB8oSMHwD5I7uvgfnrwxF+nz9+qdqo=","0Wxh7B3eOH+5LxNA/rqsTnueq0B5U0zRUo9owotLs+Y=","Cr9Lg8u4mdv+Wmjhy7Mz8ju1rCDrQb/h9qoN6+o5upU=","N+mhVaDNsFvTPj5brS4qDXLay5rG0vm46QUYplHPC6c=","WUit6tIj4ijeHfp8rJ/MT5gm7tkiixTS2IDcA2w1IKE=","tfXOvT/abXDsRManV1YKwVpLkKrWjZC5uy9yxqQ+Jbw=","/YCSjuIgBIGGNLrxlrWWJyz7Wd8M2RRxADP+3yqg4Dg=","9mpYDaaTUTTo2W0h8oRzXo1mq3uRJtvd9sTBxb+hMqs=","IK7letfQLAlq8nufbzobcGmSZ6usECoshPOHTJaFBXg=","nWwl92oZgCQ5DejcHFiTNaPl4QSzghW9322uq5f9jyA=","T1edm4864Tt2yvQIymtZuc+7jWV1FCTdXImlhKcE49k=","KGALLoJ3rKhqYoIOpa/eewJ0xugODi1LHRvw/yN2RV4=","Ci2dAwR45hi8FDC+7TdRHgmfa7jDmDv1jjR3vhBRuBE=","fMD0aWJjEgdk4Jbel9E3YEWlXZnxkHbyf/GGDbJxe10=","hDW8+0mYyvwtdL3ABBwqjLjvRh1vkPJ+LwTp3OV9pxs=","BZjklG/EeECTMVyJps7ZASRpsE/64HhF56isB4JB/Zc=","bL1Fur1mlUbgUkBDmKkkCF2gImDzAoofxMy1CW/EAXk=","R1QhM8dXNGwzh+Ie6dtknppm5/uofzbAHlnLAQmRgsA=","5GXoFN0ojDWR0Q+Pes/wcI/bxUYcnOZlNMfP/o20HfQ=","1C6bBa47oXPjDVFLvM9TCuMPDBvdc1tnvXFW4oBgFd0=","55IVYAddmxoMO8UUQ4tx4y6EO/E3Crgj/U1jPP/d3Ts=","57d7gySHBkpMjstYmWufES3ywNHWEPGrfQ9+3Ac3HpU=","abdZncP4p7AXvVU3QXzqa88RInQlxhGWg9lvYgw6LKs=","2Io0p3yc5d8sh8TS6p25Uua5243G2vIppiIh16u+SiA=","7wYZCaK921V3LhHpE/Qw8HjxBwHnApbL1ZgL1tsg0cQ=","sm5vlEQ7WVU7ttJlIQZPuY90eefO0IIhf6p38iDIodM=","egK0msTZ9Kowbj4ohvRJXs7QCxm2QDgKWlC8prK1Pvc=","1JQcGW+ovflsYSv2c7iwRPoYNe1ScugHx9oVh+D2MvM=","eOJb5IVB1wIK2+s0iB71Wupjtp/HUvS2WnRLgYh+yGM=","xoL7Koo5PdHMCqzwdocny8vieUvOnQ1VcxIVZsK4rdI=","RYTaZU0wuYB0Bld7VmFA+ctZ8cwpRnePILDtaDTV1Is=","8QHvBOindm7crPumrl2xgPLnF89Fcw6eYTXeBOljDLY=","79OhWI76td/yRrbfggh4HzdcZctlQ2V41LNhF3VNqZ8=","b1mi+3gCo0pG6HPHHn7SAJC1timqqeE5LxqlEZWw5Jw=","t0xJbO3rf8Q63tdJ2cvMwEs0ns+mfoXoh+X97Yt7lSU=","eoAoXaQVk6HA/bMD9Q/i71oYmAkl/jUpOE+i170vR4w=","cseRHFH3UfmCgFIBklX3tiIyZjR56ug7J5N4H2aqEpU=","9/Bi9NZvyOuQQ9IZNclA6cz2RVADPxptfmEQHv/88Es=","8B3QyAc51BQD+54cqhFQAuOdBfvOZhzQ7mtFhdf3Gzc=","uZFzw1qbLGCbwEz2JgaZotle+LAT9QlS2N6bW7ml9QU=","BcUVfffN5rTc9uZFI00Z04xnGKWev0sMIi5uIALFUqw=","AV0FZPWA81JByA42L4Q6tWElli+qb5/6ieh+Btch1f8=","YwPphKI3rc98ppeLGX+g29dg4mhiiZOTVDe633Uj1dE=","tbh/rBctpL0UzzzHIcBOjcbMFAm5qv6JYVu9BjuyFvo=","SURUzc0fwz7EfuVhbTSlf531QlcxOG1Td8AKQOpDZ68=","GPFH/hx/O5d8bBdh+OyJ5mHj/RK7tk/cTJqiPC4FOb0=","RMQ4twmRW2nFokhJgNmj04FuDjEoS/DhXZkyaI4jlKg=","9SpB9J/3v5SN2JLkGkTcC5p1YmABfvjytC3Rs/3iep8=","D/baCH0CyNizOkGpzqrtM5JwZB9nxQ9WBq0xGMTCDqQ=","SCx+8tYQ+kmL4zlpXfhLNb9xZr29aUbFISWGSPFKda8=","Nu4xDSAAEpdbrv2dPIkN7T681CYKZX0DWvSBTmRUvoU="],"block_size":4096,"path":"fonts/SourceSansPro-Regular.ttf"},{"block_hashes":["oJA+5LY6MdrtqXKAn4ED5mo4CRQ6c41hX+R7g3vHiKc=","lTLaxhgFFqgepmcqy2KvjJZnFFN2LBilFp2Z6JH3ijI=","zXVH/9fFEEdWZXpLgNwzZ3H5FRv9WCNg/7fEyerULak=","ZaQdZOjQeZdg6rte3YrhX35wF+usFZ0jieLHsb7kIFg=","5FRD6VkDC/hT1BJ2NL+KBy+/adEi9lZ+BZP9fPKepNU=","eyQ1ng/ge9JSQXkZ1qY78Mbwx1hOdMPuV4Dl1s5vkgM=","EMN7rclP28Zhf5pW4yOJOkhHPCK8m30ykRtso6144XY=","T3GJ9tSELL5s4WhVjhQ+Qcoz6mXzeuXmyqrmEoR3nkw=","1ISAn04adh9i8wr7c1J680aD+IOElH6n5e9vqKHgJxM=","eXIfE1F3SymQtd2lpd000JipECwUfvsvz/RWk8ojtZk=","iFqR/b2ytOZeanxf3ti2PMAL/EXx2DGQIqeYOp/Hd2c=","Gd1o52llcUC2Vbxx/NRNliK9R3Yvb9Jl5dvKm4xA3pY=","rt9W8C6184uzFZcGg3l2r2GJv4mdwPEoANF2LupxtzU=","ZDGG+F65cgODAxwzygIrCLAGWaDkLo+6ARuc26hXxmQ=","cuv0uZRxv3guXy8hUxKZllhfZx1hnJtMRoVIeaIpUt8=","j4zWUbVcgB8IcEeB6SJhy5ZSPsXZO3Wud4VfzqdkrNA=","WYDM6O9AgJMyDcrkRQHdEc9lFpySxHnP0kA4HzLbPwg=","mvHJwAZkROcmoqQ0mEt5fAnMZX7TkMLodVHmiBTBwB4=","jqzIsSNnHcgRTmfP3Zqgi5d27loSPJ7/LmnkNl3SaFw=","7As/vBk/Lo3uhWS1YSRrPsckRwB46Z6yx/cVkndRLgE=","iFvxsydEWR9o7sg1quGtiiRiHKMm6pejr23Ywryzfns=","/NuvjcAJQPnlIH/3DlyHXMr+NPHn1/IiBnskS6TWrhc=","e/rErBu6R+Oogz7OnMJjCXYOj7HqBavHr4rXcTD6BVk=","0alKo2t6syRScd0B/yYHjZXbW+PracdTE+ftnl0M6EM=","Dx3WVkUL4tXPS3tCbKYztAOkUemttlHmnh8W7W0bq/s=","W/pw7u51sLHEy+R+daE0rY3tawUrJQ3WeRURWV861eA=","uKK6q9+hO/EZxDBMlnLUBh1/SnbzJa00G9L6MYT7104=","fb5QvTL7XQ4F+c01JZmF1ITHAgDDaoTgxJLURtXysao=","wovvZbfg55mFCjX+xq3m/EiydF3/8qPRaVvFyVrO/GU=","1Uu5fLd3SsWr9RNip0HkI5Wu/T5qk2h2HENMjdDfcAg=","t2W+LxY478OfwKcQkDByockkomouT5JBuKyy61GiZ0U=","z7AaMhbV5JxTRBvyBZByxnHRBXFxvcXcYR53B+RzNis=","Fzaglt3/f7mOuXqr3Ql3oQ16EerFJiq4s++wFj0Ajeo=","gPHQYY9NdFvOKSpkJNa0Zm4NFwCO8paSxNHJp+90378=","Y9pBpCsArvnUvCFaai3MP/pVALn8clq0MnKDZR7h/zo=","h6wu3yXp5QkU3ne4GorNyVmt+UzZqBwBA8QTHyZGKk4=","kFcBgg3KVFy0BHX7EOOpcthU2BUMw9vYnxMeyBgGV1w=","T/QSLA2cAUZzDlpn0i5KJbOU1Jk97kYb5Els9e0luqU=","6fzlZZpnTPz9XnBp9e+YUw+ycbZvgmprPZOUUjbi6RA=","6vrkyTwg8M8GXPa2n0a8BlwG+vHX8pXWSSoZcghuVsE=","UNYRZl/7jBBONBNwHFs8pfZm43inUsCIwrw3+C9NSqk=","sBK9Wzp+K50lnQ7c6bsCxNy4oUzIoLCjtu9GEMNjIDA=","f9/9nbfmBSaHFQ9b/NnP+e5RZCxc6Mmy+GgjtGKADRM=","TXlzzGDN+GKYkiOqdFOS/c0Rpw4BmdFT/LFkjpRupv4=","HB3Hy1/wyG9cdA3pj197oKBba9KMowqEBGzjYQ1Td98=","EfLJ7/8iTFmNH9SIGHVG7nRLCvYLEuGbyRiuLZanfes=","0BRwlPUIufEs3GSrDI8qZXl+BTYV3zs9+VJbEA2HqtU=","e9K85TJA9/58zW3Izc2mO6JEhBEA1aWWpoMK1kqCslU=","mwMQgYwvsr73HviQKYXbcF4ZjaH5D86c9E8FJMrStDo=","pbyfwAOkJLqZQMXMj4teYbeQUDrDX29jvbwq9wxKvqE=","lJ6ea7QvW2MtoHleC00m4z6pVPw57K2ms3MTvRT/qoI=","+xzQuV+1drphrK5DZsZ/Sm9W1rNgK3QSjjx2BhDnM3M=","K0bEKCIQVUw3zp3fU2hOG4QGVgTjqrWfqX5O0IYU/a4=","rFmWbi1lny2pchVM5s+DK2QAYYm79kLrHlKzlgIeSSw=","IuEgGMPAvovC7/P8Lial9nRMtlT3nQsknBL7wN0nYsk=","8CP2SivzKybW2oUin6l8mwum1l0mc4S1AOBY2/Zd1NI=","E1WsRSbqEWlcchCYXxioVqlkhRPwQvLHZ/k4l4HVdyM=","BJjTETUXD/siVTYCpt9mNpGQfjhfGtQNEd5PhwOEKxM=","Mv/EDO7Qe7bpGXy+BnCbJiacEHCp/mPHhMJkSGzUvFM=","FSEY9uWm9PMrP4A+8Zoh/cSeWJkWxd+9RAYo5JxOEmM=","pey1UyTCf7UqgWuaSgZYIKqtlMsgWB0poq6XO4iGhOU=","6gkb7yC0p5ZVqnUecmuQ0jND2MHrGE+BfZ1sXyYGML4=","OOrftWcZQ5jbGDhs3fMmN96qNTBS1V4K6+z1S+5yLGk=","9dBNFk0Y8X9sFcUceAk8P9/So2PlFV3lTU4AqcyUkAU=","+qcG3LC9LMS7WuXUT9U78dreNtGWlOF71LBHvM1X8/4=","Bx95vVyv1nNWHd0crwfGyeJRKj7vla09bNV4VGz4/gQ=","y9b6gMfCxp5WibVdpk1oWy+LErQpV17RdMEq2Rpudns=","6XS4Fh0t9D9rnvBGhrUSWQM6i8e9/2j4HnZorT6pp1o=","xAol1UanI+Txe+rrbZsJuf2/c+9KaXwGpaGGmx7EAzU=","d8L836LvCo8SuaTCi4PJ0hSlBWLTUgQ4RxeprkhyiiY=","67o9UrOy5E8k3t+7LmPeX9U0eXyZbiW4N/+Z3ZlKVJw=","qYGXXFioIzmui6S4/n6Gp74SBCknL0uBa4rx8lSke24="],"block_size":4096,"path":"fonts/SourceSansPro-SemiBold.ttf"},{"block_hashes":["PjCOSTWM4d3AqlnMTfa18xjOKaOkqnxwSbAySfWu9W4="],"block_size":4096,"path":"images/check.svg"},{"block_hashes":["pnJrWwJfiupkr3DJ4YBAggznLSPS3FUhKL99klw5sVE=","1emA4uqxyYDaDma135Vy8sHugyeJUbNP5gSZVx1LICc=","IwaN6gzrGYlX5Rli4YnYc4UQphO55H2Cr4DmxNQ+FsY=","b8hoKpmpvcOPuGXBwTc9Q5XZOZBzDDY3LxG3OcTfUZU=","5I9P80XvLTgbCF1hSnBJ3VpXykrd0z6oRRCNIQAMI9s=","tqpV3NMrzH4ExdHKfZh4mJLGHWM8SwFhr2z4yaKoHPk=","2r6f2hCXAVvlmo9tZoyL+b/R3bqnPAtx4a3Zels6EPk=","rf0WmIgj8HRkfLRd43nt/34ykVKq5YD+FGfVpZnc9FI=","ZQzrFNQHIWCufw6TR+yfddHEp+bmfioELfBKC3R5Ht4=","FALZH7gL/05wckJdYTx+6/1Y8Da9FOBKqYpzi8offQo=","vwvojuLzXT8ENoEAc3WAADPfDr0S0Rv6jb69WAOhFRw=","GXzuHsVuveT0XKSXKZnwIpfdiIkcWt5cNHOJAcPL0OQ=","wFzCUQtOBkurZckmYLHDmkwzmz7oiTBIXIbUJ06y+B4=","+u06EktRO4SzInnFMwoi3MrYdTE7z6SsWKHWY2y2VXo=","Vp8+gUVH2Qqz18oc+Kt56+2wH8MVbyIAChXUsj+zEm0=","riADwMygQq6SVKgqFQnWep47Pdg2sAY+JOJnLSXXYeA=","yg+xQz04CvqJJq7unoUBFRQeJuwaaLq6YNvHVx0UDi0=","nc65RuhSuv/kCIeD5rO+w1CPuEFcE9Am8Zy+gSiAd18=","uUNu+3qOOHW2I2+zv4YljitqT7hBLRdAna310BYa76A=","rdta11iY55rDGBcSFJHHGyTAwoPxkVLgrokPZ6bVnD8=","Bos3kvsBc1crEo+qEszuo7Dv9uhC4c3+TYG9H1tAShQ=","DuowU2yBjOm013tJwT7OVovEpx16KPHM+gikmCiov8c=","/HFsId51SmybW6K73XEGb48WbsnOWUuAwwg4Xmb9FXQ=","QaFV4qr2gZQ9HZL2hWl5aJGrqTrd33OsHy/gBVfRnGs="],"block_size":4096,"path":"images/full.png"},{"block_hashes":["0320tGM0yYbQ7iqOLiSQNh+Bx38eVzb2Ic+3PBfyWr0="],"block_size":4096,"path":"images/history.svg"},{"block_hashes":["2wD8f1WdBc/jmVG0KT4UPg+zU1s3ulcsEl+EuldrjXE="],"block_size":4096,"path":"images/pause.svg"},{"block_hashes":["lmNT79fGd44Asgk/yyK/VOR8i8FW0aOE8ie7Ao4x0zc="],"block_size":4096,"path":"images/play.svg"},{"block_hashes":["YuwKlrW1dm2Jin+2R0frNcUDOiGAC+eGIc9VCQhlK6g="],"block_size":4096,"path":"images/restart.svg"},{"block_hashes":["oGRXSaQnoTAyyyDJSuGTE5sQmJ1p+E7Ri1cjArfxaOw=","CvYolVo80j9yqJX9VyGP6IQcrHpU/9S1rj1EkZ62vb4="],"block_size":4096,"path":"images/settings.svg"},{"block_hashes":["QabB3F7XMJ1JJuNreHL0lkbG3ttgrpHOFekJdpxzQA4="],"block_size":4096,"path":"images/spinner.svg"},{"block_hashes":["n3MopL02NmEVNiFoAC5lZ6xoiVquztllF9YtCSjYZ10=","gg9vJ4V87V3AoHlViitmiQ13ojLLDKdiRdPSNLJSEYg=","h5P22+VBZRy5wU6ADpqJGnLChBEOxF7qZjtVKfvMa9Q="],"block_size":4096,"path":"images/start.png"},{"block_hashes":["A4pJbn5+gpiRUJCre34JqagKvbh8ZkqmDShTw+fjUEI="],"block_size":4096,"path":"LICENSE"},{"block_hashes":["/N60N5xx5xv2Yq9Z+Fy7zZ1ApX8R8kY9OYpEuwBgmr4=","Lkxt8tD/YovtekEVukE5fZmFesOZSFUGOGrHgTAHdVE=","RX22jNoPuP3rJ0hRVBo3F4wUlwe5e3Ua+EFzYeXTMEc=","QJ7+eCycIRrBqbQMKMejczCG6QJuyqmb16ApLu9qYyQ=","e4IkhfxsjkwMYzYZDl5ano/bz9DccC2QdAGHuFMpve8=","54PTZi09Rdq9A12+eARrQ0zyeqdzLW1nEJQppaljL7w=","EXrGDMkG5gz13gL3SM0aH8aPggYzrQv5hOiB4AcgPpQ="],"block_size":4096,"path":"modules/background.js"},{"block_hashes":["CC3RFfDAJ7pz+czUMSflcsqKBGkKVHyzca6DJYJuYP0=","VeegXG+DaoRkZyPPMLxBYcMEY0Zy+0rPmq5x+6pAvlE=","bi03cLE9wWb0f/ouKVS5l+1o0eAukMToI5O9FJqXG8w=","TR0X++MPdm3G3nXhlA07T+lp5jBpEKr/WRjgNyQxMbg=","fWNE7rgEFtyxKSOg5YbruOxuYsZLcmrB07nziqARsok=","uu5ezzcM4lINUBnEzcUiQWKb3D9BN84qbB+C/Au54us=","8jP7kMC8OjUOINsLc0a6sJIJlqiehfsrUs/kBGhi4Bo=","+6X1YQd2hyinvLZXrlboRqKvhfY8s7N0Rki2L0HMIrQ=","Jd5fskmUXkFlGfwckShDe3nS0zq4e00OdkA+NKeiLEQ=","awyQ0rPQqGPHMGaXle9630ehL92bwaotge9Xcqe6EN0=","lIVFQ8kVJhVSaHpUm7RkzFIphxCucUuXggVGT3VTKjQ=","l8NUqRCkBIO+pAc8bh6qLcTr8q+WPeYa1h2ueNLxGKQ=","ehxqZncdRdrHDjkdUOLxPWKULeDuegE4Dic6VMUqijY="],"block_size":4096,"path":"modules/chunk-common.js"},{"block_hashes":["CiUhI2V/klaWKDRlps7Xf6PERxBHYnvKpEpSFFO1+sQ=","F/KXA1n1oUesqwChHdktf4aRH/zpe710Iu8j7ALXT4g=","lBJTak27LarKq7yNm1XRb8uL/a8LYd/PueYZE1L3jN0=","loHceL1iGml5MYnLcA17VrFUUhcOGUR3ZTAohaIe3/0=","4EjzCWxZzWXIT7oUgGXfNyjUJ0ISVZ0n+bHhWRSGAxo=","KebWMZPgfPiHAFk8K1s/xRgnpmBGU37cEufHJ+3+9cQ=","KW2lmGFSMZTlKlI0dlxudhHeoHcQmMP/lk3fuu69AVs=","pCN7rZlLG2iEor6teGlSew4youvtplYq7W+34AMZrqw=","QM7+vbFAuOE7mSn3CBJ6Vy2GqzagyblfsPl8W9xQmqs=","+XkzF/YbycJiCYvWcVgo1DcLu2rD714EjU+4eRfZW5E=","UaFantp24QcBZlJeuimjayXRAw68prGbUocF6cTZdyo=","BlKzRyUoDY6cClc2piA1jf/4Dsj4IfGKFbH1JeZFfwA=","Ibl8WVz7sdYoijYu+7jakwh4yPnbxzo9jEOB0OcYfVs=","Sq61qyvCm1Ok4lp0IkjMZ4ITW7tthQPGZkNq7aZvLIY=","w1Zh+6orq8w/uD/08pKmDX4WFV1gOUFoOs0lCTziGcQ=","um0R8HBVD8xb3FmtiL2SMIdi6Ni5OX7aEcpjfjwQwqA=","8C6QvvF3gf/Jf3dOqijIh6B18Udsyfc9lBjs8sCyDe8=","K6xlp8i8TD1qVhYNjXH2lzraxbJBa5Wmc8bbKBsu/Oo=","4dvE7Ctx8CqbSoi+1hpObgwiivoLuDIdubtDyVxZkvg=","+Qfi1P0nkWseHNrU4U4VQQFrYydrjMBMXhk0UOwFCbA=","1Du9ULacSjBekRD/KXyUB6Id4OTcSKvDVwwP+3J3NME=","JdRKk/ZGDvbFluIqScd65EPnxRuRqOkOvIlpQt2/zIM=","VUE9JaKiDdWcgJK0R/EYBGlh7Sr1vYbqaypX5QCTxAI=","xFNq6Is+7NRc+syMBosm1B/JXvwpIAw6GvIKz3BmfPA=","DgKoquj5eoK6xftFWb0rN1hwKjYEUQQq3T+j9mBH3iE=","EbyVc21eHbhGcgm7XFRr7nrkZRqS4ZvXpB0zlRymUkU=","v/kh9pzklIiA0xxmIGd/hz5FcCRB3k/kLbj3AwCcWiU=","jcY5KmgakhA6YFX8qroThg05KymLgowtmVMS+BEhvcU=","JwKhyE0WzFUBXwTH2+/I6BHbiyoxS//tFwMbj1rYV8I=","ShTKLPG1EwQ2+hSZi5SMsHH40B7a+tjziQWkR+uOiGM=","10x1aliW2icMOh4aO7EQM+zQz+v/L0CDHBlUalwwaaw=","hzs5PDhnW/ocW1tyDClRd2LDyFK00/B0BuMZrMHftdU=","v1aIs+JvRNqO6DgIVX3M4SYcjhbV3PLjWCLfX7ROIEE=","C82SJ3wpDRJ17WVp80KZdsvOA407KZPLX6NdVmhY/pQ=","faA5Cz7kWFLvpFkqbFMOe69hDgJec6J5CAqPCzTeG4M=","MzM9kNnbkAMTOka95jMiFrTv84BDxR+440T204d6CTY=","w3U8fD7tyJ9WD1HyFWmsDijt1I1M9lxgtuFEtW5NxhU=","nJhPVVUu6N+gAnBKNECWAgJMWP6wsCSdEH77QjE5CWw=","ds/k1A1bLGnsAn1cB3L/h94Jov45TuGyZYVGBTVAX38=","domAMnDwoVcvkEovezZLGYeMs+1ohe6U105aaa8Ob4U=","LQvU2RYvdncOoK599fDNg0BhkCnqa+JV4zMtQx8oTy4=","6AJaXcRjC13ZOA0wYx1SpXEMQ1FZs+QqA/XWeNkTVuA=","lJAs9ElNr4YQWdy+VVHKA7u0faujZOPgrKiW2f52xbc=","t5IrYumqiQmDqw9VzYl8Q8Iw9y9ONgLXDH5/Y37yc+I=","JODkJtRjYAmaqt4CnopJTf6fuJ8k57N9KDNvav/h5rw=","eeGG5pD9xp15QmvHwP5SiodtJzDJ/yM9wi+WqUa1zHU=","l3AEb4diwtzWRsm4977h2NUODy11uhpQNebl7Puka04=","TONlUHhoFtUtC2sb8j1Hq+Atb7EKHGv53wxkLEglnBA=","TlpsT5gxztkfHXbRSVTTNkTjpdinK7yVVZ2gPLIMKO8=","E8WxqxQokgZeiwXmiHMXca63vSWUP0jCoohM7+8y4W8=","tdPPCKekf/Fvwbf2/fxDTE/XvAqROxY0aV/u1Bl2rG0=","RJGuCMOEeJWfmBcgMyRlGAPfUjnh4mBBfnPi2AZLfAk=","3mPRyyE1fZRhpJzIwe5JZHZ72VU+k0E3UqNe31fZIKM=","+0jqAnOaGUvp7zHPB7qg3BGOyGaDCl+sXYEfwCHyrQ0=","/Sq8d3ZkfKKse8Z96xFLhqkxb/vQoRAeLbo8diIkTSM=","7r2fboiuOsZIYqUaSRhJtS7fRech29M0LqdiVyNKZEg=","XQPsjRWWP/ycLKepmHVkNxf2EE9/k3c9my2JSAZEYsA=","0TekYx6tgbywlsO508i16Y9QdMJ22sIJXj7rRRuim/I=","IBPUr7JgMxRz9hrtggbcR2eIfKHNPRZsjnKxG/XjkmU=","nZ61dFGRQmaxVbfQj2eN5MoegXtvn7Cuy9NmYTEBZUE=","NOiaq4UjPNqkn/ajHCycB+wQPXHkDOq9pBcYcFunpEo=","uFQ6eLvMn7wZ7CgQM+6F4GZHr+wMNkdHndcaiigGcus=","0+e+JnorbezUnekjoZBzVkA0d+nGlmnOQiNjC5X7VOI=","AsbmFy35SLtPukzpiWqt+LycZLgaz41df7pqiJXr0RM=","kZJrbfXHSO/cFNePsvMfaEW+/4LqAMoaj6NGDqJBPZM=","QHNKi3zoTJKPYOgULxD1bWSAV009EY4JEEKM0GDt200=","0qPVQ8ibRImGWbtzU6F27soWWQJt3iHex1uq0/Imnb0=","TVcueLq7GAtNauNkRo0M2FQAZo1CYjQCwd37Sz3SrRE=","2v3OFkmllAZQnORfM1fEp2Hu2OuzUyWUTMjeSFBgrrU=","+PjQhF/IpYg4ZZERhrpLYWoCe/FGCP77+dkcNer2Nbg=","9N/zIad4El5XeI9+Fs16IK7gfvHHG0pozVqyMhDtl5Y=","+Z5xgSwd7fo7sLIxhPeBnw2bRdX2UmFKj3KcCEXjiI8=","IYoWD3ITxdT0spypkOdsaazhoWu668j0Jn9LvDuAPWc=","IMJi7jhfmYteuLh1QnuXi+Rj1Qykzq51jRylqxouI0g=","NHfCORQKtJDTUaWC6ZIo/XOyBIt83C+zEKj0SW8ve9c=","zZXs0mL0/yHPUo5nqbRZ96nL7era0V5tdgqjWxqWolg=","DU+yIo5xuXtjoqVSAVVmiw20RKa0ltsJYwXTuXzLlxI=","SyzWMwi7GkDZ5WWWE7TR4vdHYtFY7F/m7hF93myg5PE=","qYUQE9uZ04YiGGWxGSvJYeAMxlnWIjKdMw/OBLTKeWw=","JnCSX5qWPprBdkzb8uRWPw+61v4zF8thxXVHO66A1SI=","KE1Gn0iZKBoO6srRGcNlYC+Lo16oHVJkKvxVoW5i0ms=","OmlByVwObeRkgXyAY+5iWjG9CtYWilrAzRNXdY4NtQs=","G7pKBAhNHZ6N9cw5QYghp7BKTbF05aSjq2SK8woUWsQ=","3UfWpDPmYoYjo8Ao31QyNdlc5eODaxC8Z2TLOzsKxK8=","9Bze0cwM+wm3sUvUZI7OX3iZNfMON+OXjFdvF2HThGQ=","2AjkVxiGxLqIekto1jJrOd6Nt9imVRNPWx3WXBiomzk=","jHP0fLWoxXSXCEr33LvuPE8RUh5XPi3nCZis9VHm4TM=","tTNKmWGg72mFL2wGh7gj1VCZg8jiQZDp+HrkvxqnLz8=","Deurf57sYEnVEwTMV284F6ea62pz8wzUL1m66inEiN0=","cC0jUHnR4KEy/CxNv0YrHMHC35SJn0icwDai6cYQC4Q=","XzJwSTIdKYCZaEsdXizz1wtGHHCKIaNKteJkkIVyPBE=","Q6nDf9vI+cGx2oA1X8GUHNCooN8NLW20Iual97Oz99E=","IcpKLSs63gro6UunvJr23HTtTc0d8GHP+82nwaznpYk=","5mdKvuVP7wwtulNbEKWMCJdaFvLT358xPyq5BLx3+uM=","kwwXm0Hg68cxAUXlzNZrLQ5thkIrzIh+QxyDN92hK2A=","7XJu+2Mni7ss5SBkoaArsRPwfB8E+eQ4XWLK/XFevfU=","BaSvOon9gIcFNhSTtmBxF/osM9W/UusSPcXN6yWI3YU=","i1z2J1cjNNpd1SAsab1yV0G6fxoeAds4oRYp8pxE6qM=","cCTYIt/RUCvmqnYNZRFtpXDomCIHpUonPNWH4N+l6DQ=","e0ctgunGpMplfyxLWulZOLcEoHWsl0XNDoJyZYvmKYI=","pWzMy+DPhwuTVYfAN9BCYDNkQIZXWU2+AsussWi0W7M=","KXzgcQiJFm4sTHJWAIGfzJGhHfVgT/NbsjEpoiroWac=","0AdcT/6IHEyWa6FZjZJYkUwfpC4tNprcFud2gXtanxY=","5zQv3xem2Io1+DjcJgppCkJcXGNY+j+jLNKmTvNLihs=","/RVJPdsMx/L3X67hdmXZ1Yj37HPKa6hTFB2M6eHBNIM=","FzDXamoUMPY0GcfE19O/DPxMVQ8RzP9vkPd5olephpM=","jeGmIY0MsUR9DW75EYPLVbtcLirxp0S09nGZ4oshhfI=","ylumiOHokik+NzblY7vDPF62MavIkkY9HMqg6Ir22DA=","MS0CpDVt6EaNytNz0By47zGW00uUjCdRnt+YrRGUizw=","LggZA/ETH3PuGGqC70Jq304DAdiWnkda98IIb7KZwrc=","B21qN47uKcF34DvTsqQPAiVFYRDv/5ne53Q9YFs4uqU=","Elg5FN+zmzNkqXo/GHxC6xVGR/bcbiwSceO9yk/kU3M=","M8+pu5cYyJUkQycmaFD/qev4Y1yaEVZ/dIIDBIengOo=","xExpGR2nhDJoXZ8ZMc9NFp9pjZj8YnISNAbYvvPDG8U=","Nj7wid9wD0ze4bGW2/RQDVvLbgQNiP+gb3F5JysmVY4=","QaomvdypLD0nVahq9jdY0F8G8v7jJUibhAC5kVYxYzc=","c2681sdcDyaShY4KywRfTkEppOKJUeMdMjY99YC9hHI=","zgpZj+Ljv80xvKNSiZzAMD3Ny0Yz9CD4BPNipey8MyE=","JVqDxjgA3YhS6pYlpxvOSImSUMVDyMEJmJxQeCM+C2M=","7zQFLHCcwFW8DUZN6REI2DcS26i0W4phxVn5fswj7DM=","Jq2rUGsHMNK6r1SFo0fGtZqcucLUvTlKelW4gW4ngdc=","5NntNtrXkHGUMVOyR62pk75U/b68157mPBrMhBi76Dw=","NcEUzKmfGqao1Igse8n2H60CRZNLOuSECxtyPF7zQAs=","KY1ACsgXbDiQtelypOH7OZBo87Z6q0I0cJowNpwiifY=","2FxUEJoClIu/GuCjajhk2BFILidU12p4n7t1zuE89Iw=","oU5ob5S2JqqeOqPODcXnRW9wwi+RKlabm04NV/BmqXw=","dZ3N1EY/43nYLD3Q25QDXLniyOCDfel2Vlg7DcIDxSs=","QHVrLhc8+p2ro7SXNX8hTZcaq4Y0/khJO582FWerXKg=","+WcrshTapeuDmFY5SEvdihq8TJBY/+if6teFGP/vsKo=","4z++XG9csQinJt87OE9qSiYZV0p7msSEdnPsq8u2uI0=","DfDasoVKdwodE0UyUoxKCSFP8bqh8j9x/IQfVHOFTP0=","0t5kXkW4Uepxq7jkCWx3V2LeritaqcfEffiCL7/GYB8=","KRnWKdSiXcPbQgvgND1ud2GqqrswhZH4ojepfW4y7Z4=","dkO4oEx7grHBlwMHPttgVDv2pTGi6xGNbubpvGBBv/A=","koQTKmbcyPgHIi5J8zQWQH6KL9WkFXVkhyblJi1XNPw=","fu3Ez2QcgaJ2Vz0RSoy0i7MRQrQIEDyaRDS88fFQLfQ=","7zmqHHa8QM7Vt7uMPQryGNBEZXhM5Zf1hWIsfxSi7kI=","sAhOWVCXA8EWT16ZT6OcuMxCnl4Y46xCopoEx+ZMlfs=","4S3K9uwJFbMDJ8woT37LNWNrLmJIJ/0Jcx1htvX3Jpc=","/fLdQkPfOEGU8rv7UT2X7l/8mUeK789avzsjklqTCrI=","XYVkcJqv9AsgRp2QWOBEzQRHRMQ4Gs5vf6XZVJ8TISs=","qzOYZgAxZbU5DV13pw3k/gIDX4DY9ZouHb+IVacyO44=","k7Km5ADAKxO2L7Yjv4M7NbVd7YYVfTXA/a6FEOD96D4=","dKkvF4Rr4M0MdDuVwL9xQCb/omOAUnTj3K5R92qRhTU="],"block_size":4096,"path":"modules/chunk-vendors.js"},{"block_hashes":["BzRqgVv70g35uCAHTFTYvdMeYd0FzRYeyGljk0TE2oY="],"block_size":4096,"path":"modules/countdown.html"},{"block_hashes":["Z0e8k98YnWuJRQ783/AGaQg2E3yBVsWxOg5H33mF1+c=","1JVLauv/LU9+ecdK/rUPNow0Ur824c8FKIU9Z71DKi0=","XYgvNaUXCUxyknFxAG+GyHSAAvbLmQne6aebgHW1cYE="],"block_size":4096,"path":"modules/countdown.js"},{"block_hashes":["KuLVMLEGXnLm2aYo9Tv5/Plu4sCKUJtXyOYf/WGdOBY="],"block_size":4096,"path":"modules/expire.html"},{"block_hashes":["Z1IRXsFxnWe2fzjbmm9GHx5w9bvdte+/mkAEoZUNUPo=","u+5zwL41nRQ2sDyS8YjDb+CuulHgiuU/R6UpZGUQFzc="],"block_size":4096,"path":"modules/expire.js"},{"block_hashes":["7Jqmz3ZUmA73MzXMGPHCUZUCO9J8Z1158U3gQ79B3Lg="],"block_size":4096,"path":"modules/options.html"},{"block_hashes":["s+imcoYOiIzCQNMznjetxrrUXOfOnvUNGPogWIZp0mE=","+VGQFM85/1GRxcpAa3v6IKnaCoDoJv+IkCNSlccqiTM=","sn4k6q7dOIJWCf8XWk+GcST3pFmnr+AitddM8VwlGvI=","IkVZ09Ej2ReNls9PAuKcThxeee/Si/Qsnz5gwoI7MNo=","Hco2rBMpn51lJKSt11+jf2xQ0x+kE3BOvzjb6yCdNVk=","JFqwKdacaghxSxnRiZ6+wiihwIUEDbeMcHv5ahxD/ok=","Qx0FygKakWtfe9iSflvMgVgsYyXDu892T2h1bPIVxpY=","8/Z9r0kWcDDRzdo+NXgPSmmO5rTICZ65h1cKgZLfaZY=","k4o8P2k1U75KPd8XAbbHUgk6tPr5qfkeKgAxX9+sOLw=","HwAZNehKHKzjV29hmXlzVueWP8JBcNeAgBKa1f5AI/Q=","R0e8YSmhe/AHzR6WMnIaph21WH2XAe+859NAJsgbD8I=","ORRaExhzWvpL3d2oZ5e87XYNxyMXRSv2C0oOegZ9uCk="],"block_size":4096,"path":"modules/options.js"}],"version":2}