{"file_hashes":[{"block_hashes":["jH6Ny79Wa2vt7EKGQvw7CHsca//9mpeNtifNDVGVLB0="],"block_size":4096,"path":"_locales/en/messages.json"},{"block_hashes":["78TTQMX6BkYuvM3oHuya0h/qvP3Oujzg/qMO9tbyhO4="],"block_size":4096,"path":"_locales/zh_CN/messages.json"},{"block_hashes":["jsjLmPkjZ+oDsWj8PXpWy6Ycm9XfJHlEsMcuTrgoGL4="],"block_size":4096,"path":"background.js"},{"block_hashes":["Ezq7HF7seIJAzUTQoCNx0j6yzkgaWt8T8VLwl4l9nd4=","Oc06ERk8knAvbzpfv/iPrIEJV/NqW6z2/omyc859z7w="],"block_size":4096,"path":"common.js"},{"block_hashes":["S9TsDIg36PGQqyTgKI7DzrgYlMhh2R3NFV2Z+q19k4c="],"block_size":4096,"path":"db.js"},{"block_hashes":["wenwsP0dbSOkaN5Lf+TUPSu7pHB4LSaHWJcfmTgDNYU=","QAgXK0ni5EjyNuHpW/4Xt1ot9iSNfWz65OCZA+GBgSk="],"block_size":4096,"path":"exifviewer.js"},{"block_hashes":["fC4VlTjJMQwvkqaxRM3ERxAgnvLVgpUcuIfvrn9P0nA="],"block_size":4096,"path":"exifviewerconfig.js"},{"block_hashes":["et7sF1PBKQxzoLrv4Jy6w6jmCZbxxccH2132OmJwVeA="],"block_size":4096,"path":"exifviewerui.css"},{"block_hashes":["kXjOBhHBleRyhAS5bDN8fe7LQwQ/mlN2X8JZOCWm3rs=","lyJzuWATh17iQnutKwaVeYxKoPgzH+vlRssCpI5fCxQ="],"block_size":4096,"path":"exifviewerui.js"},{"block_hashes":["LpWAKUBAtkZ8E0iwoa8U6klta1jMHogGzNDkrp5RoYY="],"block_size":4096,"path":"exifviewerutil.js"},{"block_hashes":["ifKh9kVqWKPubbtusYmeCy1JEwkKHEPdE7HKsXKTCcI=","GsCki46ETyft1rn61bR6HgTnquob5SN4c7f4uCX0+nY=","XxIIyaXspYxAh+wRTww0n/tqrSLrbLzbEiy4JC/f1LM=","xzoATNeJnRio4xiIzQJY94OXKdxlWBkwHVfH1SliQDg=","B7lN86ixkwl5A/M1qFI3zBXfR7x/ef91KTUM72NGM/I=","Jxu1I0sCC6UEO51VadNTHKJkCYnS2bBpFR5ZM/ygilU=","UFMAlVkPnRWGs3mNp7Iw8ouLCQZcIgbv0iQVEckvv00=","kKtDrTZGJaDer32nKXX5N9jA0eoroHwTuy57vaFiCyM=","QKEHRRO96yTLs8MYE4Wd6cqtOLtKwIT7I1kXP6euHDQ=","XYHe/i6vwP7dukt7BeEMsyJlIeSOMmBmVVvC8EE0W+k=","XE0TgAw4nSeuVj0+WsTBgxbaYFFG+Lhc7IQbluth4xo=","Ct4nzOcsjdDzXUUHZFk1LOLytBV9+z7sHdPt6StaLac=","U6Rs+gac2gVsCkhQmRZD8yPiGQM3IUbxeHxJB4T1FZc=","4y7ETORZ0QPMvFBq25D3Q5NazOw1qYtTKRKSbFf7qVo=","jK2MCkdbEXj4p1vW2DId65cjiRK3+qtqVU+WZLHZMf0=","54Gxqpm3SSfYUi/kfDp5Iadv39A+03MyNT4q/igoc5U=","2mdrRiB+YoxCGxqlfoy2YrB6vBOH+oFq2CvH7yV+LZ8=","Wm2VcBU50kIXPYf2P9pgG/rhg52nKKi+F8d3O3YaFnU=","xwVVI8euHp/L5HnaSTi4ygOpMECuwR595D+0nwNBxDM=","SbChrBZ2dnB31zI60rQFP6VmK7ZYcy85j+tDT4Q1zzU=","Xiz5Gg2BMEJWTsMbUVbV8PUNeFDurm/BPinFviTu0+c=","uGlOKOOqxM7bmgE3E0kw3XzyHUueqOvGW5D4g5QuBe4=","mQHMPhbnDwETkXrLJqNMCHyXEFTS7nNLHUyifYBnQfE=","ufRFELnmMpYUPcC3Cc6d2/fpk8Tqm5etKNnK2OKIpUw=","IpJISiJL3CkdemfBH7Vpy0XiaiyxVZAYJ4sOsqUNlvI=","tXkAggbQ+lnvM0KLJJmWlxEPTEzf83aSHik2LhFy/mU=","+muIkJhQ6bckHQbrD2I0gqvdRRo00/cN5PpGesxnPLQ=","WvXasC76nTyfMwCvEIhxfP/oo7v7isivOwBJKMu+fAI=","RQvEo/952Nx1KgRwYr0XyAHYXkNgnU0y8Mwz7+FfLIw=","51cM3bnZFUl5R8zwtFUcFjgAxD3HWYPK+Dv72B6Hsp8=","+YWhwUMWt+ju03DlK1jdFEMczWIOGqitHkRYPHttO9Q=","vidZaBlRBRtlcbSNxO1ez7yDUwwONllhEliz3ksG7xg=","A8on7l8uBadJBiRqrgfEg5jl3pYnzkRh+S7ptdDSfuY=","x5DeKJ+Ui7+PVfudcQpXPlcQ5zzi9Zl5+wOJPKZOg98=","18prMwi7wrfFn0p6hkVIIe4UVmKv2ghGC2iX4nFyKXU=","45juKbkCIyDugG+AuBPXTwhONdJRcJZd7p1pTwO3KPA=","gSrllrIBBFQCUYXy8uFj0cHBRf5NoN2ffQJp7uhdgIs=","P+HpUF+KtaL3NnWtGOG8+bGoougwF6bnCVS/iZbfjS0=","TXOVQr2O7lH2AW3mCEgaLkv6kLfWS2KZ69bfv6wiPdc=","KRMT4EqLYrKY44eaQ5utHcLoSWywxHiemZ05MQLXoKY=","a0P7VXDPf4A1Brnswi77WQWhDIEolbPj5hgwFkxsRcE=","ppRVmmcLd644AupPkWLGiufLNwiylCLAbWqreZR5B7w=","hQZpDnXE4omlxGgRBzCRC1RZ37ddMlyRQ34U/TyYnpg=","F3Zh1H6PVrbKqZQXwW67CruVjGyluh95f7RMahBIv3M=","ndSFu6r/35dTJ/GfOuTBoTnp55lxEEvZbUQAzKDv91I=","40nCS9ynEm31/KIOammWZjOaI5TjX8mvMH23WbYkoE8=","1DTI2onrRunMUHbxiTim/42T3foM25NgBP26W64hcBM=","cG4kdrbJitND7t2WpuB/u1X7A3KwfH3/kA/8qFc5aJ4=","XRSuC9Se6eIAklk6YEdTCqbEHWrHHFE7n/kWV/nhDm8=","8+Hh5oJHOTmedjTGXiG0AkrwomrbRQlysKZUiBtiuAg=","JSyqaxJ7S0Sq6LXkLPtwGkSzJa8Pj//ra4++vFF1uzM=","QUqbr54rRS/LATpnCPNbMwXaBn4zs6DaiZXJnDhnyHI=","4QW0vIyVT5y1JeS9CCb8/LCWt+Bdp6v1vcbSgeL7MOw=","R4lJNCp6qbhK0Sq0OR6GdHAn/b3kANnjPyYFGf/zeDM=","Jqgt1C0GK6LJBE2ru+9e6zYVZFxtzcbsDv0X9CmBcGQ=","DmVytDxnJ/+sDzLsSAdd6oVpc1BkUx8IoMPipR2cbE4=","gAUP/wb+9nGe/SXXWVTEaQSaQGe0ipZLd8cm7kLKFlg=","/0YJQz7NbAzAAgHPv8zJE/r3ZyHh08fa6h4LWal8gQo=","EgVYP6N+yMc1l/6fMu37RdnF+0Z4ojzL4OBVBn7VDSw=","MliIx62cRxyUOhDR7LM7KYBFCiLAAf0uNez6wLBNhlE=","l3RZRvH8Vz+sveDHxsZp76Wl1k6jY6E57o/Vor6lVg8=","0UKRFwXw2biArrLx8YIKKkVmivAbn9T7TQgyXSE+JTc=","V2kXMZe+qdK53V1bsdAT1RL/+YdrducB739aCuGBEU4=","ape00wHJZ00UCRB65QMHJxMpERelTGpxoRYA3OHb61I=","q2pht+QBSUmGcyBpGZy2jWsLRANayW+VJTStQGw5654=","M/hsNHU0L7XKAGiF5BTOSwNO0M6l4AEeRbluaHJM1fw="],"block_size":4096,"path":"jquery-1.9.1.js"},{"block_hashes":["R71/RaTgLraCDDZSlTtptsHoNariSa1hrRW3kiC3Wj0=","84whWgUt4mDxq2sl+0T6shzI/qhvRc/j6RsaBMpXiAs="],"block_size":4096,"path":"notif.js"},{"block_hashes":["0n0FWuPC7C/IwGytnpIt51ccDtmF0qZfznF+cgZ2qj0="],"block_size":4096,"path":"notifNative.js"},{"block_hashes":["Kyq0HtW7d+oI/OqiURN0StVHAjaOpvb6+pZaAnVK75I=","NbRGb3pwBQ0ZY8Rzk695/DBPv30CyzhXi/6xo9OpfBo=","/oVpQYviKlikGdH2Er19WYZCxmjnYlCY7x4AeTNPpAQ=","PquPKLhjlGeke3QloyFfO64FaiE1H94QEE2XCSZyK8w=","M8MXvLuH8iK5YtNQsbss1fj3VOcCCzo69Z4MNpOP428="],"block_size":4096,"path":"options.html"},{"block_hashes":["M5Wpn7jPjZurZ8LmvDQTA3Z8FYLfO7ZA9/4cnAjl/88="],"block_size":4096,"path":"options.js"},{"block_hashes":["/nSpUNli8rznLpmBBy11m5Arnxu/snMMZHS8rrtXb1c=","P+p7UAY9mjjnzYUWDnAT5CRGANTRu6OTzUuQH3ZqhvY=","JGpmm2oZs4DocYAAf5Q2sFY+OpatmG7hBvahM7d15kc=","8f+nw/mnyCg6+LRqFT4nYqWKZ+UrtrmJF9S58+djJuM="],"block_size":4096,"path":"optionsasset/donate.gif"},{"block_hashes":["moSSpYC/hdPpiuiGH71FVn5aH4Pur8+VdNoDmdX2Aqs="],"block_size":4096,"path":"optionsasset/images/ui-bg_flat_0_aaaaaa_40x100.png"},{"block_hashes":["Oat8zZ9Ogledp4qSQSZd8ojY62XbvXz0iu0tASmIffU="],"block_size":4096,"path":"optionsasset/images/ui-bg_flat_75_ffffff_40x100.png"},{"block_hashes":["aRWX6KQKiR6pTTWJl27Pwz5hRcSUIkQ7AKwrWgAilkw="],"block_size":4096,"path":"optionsasset/images/ui-bg_glass_55_fbf9ee_1x400.png"},{"block_hashes":["8ObNkbg31cVkTQJuX/7M2QeVMxfNXA9omQFzOv2iYLI="],"block_size":4096,"path":"optionsasset/images/ui-bg_glass_65_ffffff_1x400.png"},{"block_hashes":["wQj1y/LdnsB6JlMGld3ZXhZkWXzmwFauRMFizC4ozsQ="],"block_size":4096,"path":"optionsasset/images/ui-bg_glass_75_dadada_1x400.png"},{"block_hashes":["48JfH7KrBDqLAmw5+R4RCSdnb2sxV11dfcySbFUUyRw="],"block_size":4096,"path":"optionsasset/images/ui-bg_glass_75_e6e6e6_1x400.png"},{"block_hashes":["9vHBvt8aDzfP74HRL18BKGnR7nyYR3WlaYJ6F4TTT1w="],"block_size":4096,"path":"optionsasset/images/ui-bg_glass_95_fef1ec_1x400.png"},{"block_hashes":["VCcGVt8HnE2lGCYpoID8YztvhLh5hesBbSWlYOLDjUo="],"block_size":4096,"path":"optionsasset/images/ui-bg_highlight-soft_75_cccccc_1x100.png"},{"block_hashes":["I4s85ycLRZwP3v65+vFqHms5cLRX/5xkJk5CP7H4C/M=","Xmam/fmjrRvZ/4plhH1grke1kVKWo9frGnmP4VfBLFI="],"block_size":4096,"path":"optionsasset/images/ui-icons_222222_256x240.png"},{"block_hashes":["7wY7UHfshlKVQgJkyZeEL185urUmsEsgk9aYGsK6uSc=","Xmam/fmjrRvZ/4plhH1grke1kVKWo9frGnmP4VfBLFI="],"block_size":4096,"path":"optionsasset/images/ui-icons_2e83ff_256x240.png"},{"block_hashes":["aZ7lQalzJaN029jgADJIt+O362fo2PepecfioiJdCRg=","Xmam/fmjrRvZ/4plhH1grke1kVKWo9frGnmP4VfBLFI="],"block_size":4096,"path":"optionsasset/images/ui-icons_454545_256x240.png"},{"block_hashes":["I5w8W5NBKgC3yMH0RJFALCKZs0nnaQqIiETWT1RzoJQ=","Xmam/fmjrRvZ/4plhH1grke1kVKWo9frGnmP4VfBLFI="],"block_size":4096,"path":"optionsasset/images/ui-icons_888888_256x240.png"},{"block_hashes":["r2m7RemVe4lVHEDuQHK5q3oXtC3sKjTJ1MOICs8+D9M=","Xmam/fmjrRvZ/4plhH1grke1kVKWo9frGnmP4VfBLFI="],"block_size":4096,"path":"optionsasset/images/ui-icons_cd0a0a_256x240.png"},{"block_hashes":["cksghCcPMIXHkFfjetUC/jYprACtPBV5wu9nWvJWwEU="],"block_size":4096,"path":"optionsasset/jQuery UI Custom Builder.webloc"},{"block_hashes":["ynRoHlzRZZBg8Vym/LNhZF9k+SOQstH+WVJzH25HdLQ=","hiMjKQhsCiZfgt6tL4FAgdJgU7zmXZ36QwbZHjfawGk=","+IuikdH8CFWEc6KTWPXZDvjsvEhWT8s3Qa78RAZihnU=","4Mh0CN3gsJ+CtBvUAE1IVM8jj8BTDpcAjBU3csRr4ug=","iAXoskM7rF4UVYBJhkpOaBsJweltfLMrDo7NQDY4vks="],"block_size":4096,"path":"optionsasset/jquery-ui-1.9.2.custom.css"},{"block_hashes":["8o3q5+lvFKgjOjolMl9fyBQGzF71/aXIG2Sgomo5IwM=","b0xPwOMmth2XhsC8WW9DWFvifMZnFA/WRI+BPofMfRU=","Wa12h8Z+Qy0fK50E4lYcTSTVf1av+o7mSA211DY4RCA=","HkzASyCmmni/dZoKWP0G+s/hvd/C0HWTjPkyyHIXFx0=","JAVp5paANOQY5iKxpxUcV87QdDOaCWOsKRQIeJrLcjU=","ria+E43RsAwK+Vv/fF53TETdi1FI8kJjd5BHL8wOYtg=","BXStfxKok7OeNCpu+lZ39hyGGPPn0WIPD8UJYwt5rOY=","TSlGQ7OlWlj+d3/7EbuRa7TdAXlUHco4BjdiV63Kp4Q=","2MrUpNfvhmYNThP86BWfRaayJTu9k3y7172UkN77wj0=","EQPAyQ8iLRKx1fB/6mOd5gVNeRnRB5kDUfJSKXGK2AY=","6PgPNN+VqzsOmRktTK6xQznJICCyBsxnERNjfcGoK1Y=","jAn6KTxq+JtZr/AwFo/j3HPlRedwFYTDNBVPkoxR11g=","k+UaDwmA7+CjZ5SJxiS63tbYMgH6ptxZdEUotMtUUFY=","VPxSSbBCxoembNtwWWE8TYg90O1jdm7ger5hAPnDBak=","wPLnNOXQ62hmoU+wIsd+g/wqMqmgl4IQ7HLrKtT/tPA="],"block_size":4096,"path":"optionsasset/jquery-ui-1.9.2.custom.js"},{"block_hashes":["uays9n7A8YsA6PtqHYMaCWFEnFVxnLWYfj+UVXG2x38="],"block_size":4096,"path":"service.html"},{"block_hashes":["xjt4bXXEhj5Gpzoq4/L3bZyCV4PsCn3p8GXK+VOjA8g="],"block_size":4096,"path":"serviceasset/background.js"},{"block_hashes":["Iip3l7tEHzmrTgmZ8uSdRV9n0KR1BF6+ktx3KYLO9Go="],"block_size":4096,"path":"serviceasset/binaryajax.js"},{"block_hashes":["fYEkrzxLrz9587WG4zQd+qts92A4gqLO0RmUrFCddiM=","MX4wBhXbd2Vx6ttwcTcFL2fYi1s4dd/+ss5b0EaHEnM=","3q9VOMRDr9uBMXLLUidqgdpvW5MYaDFUeBXjXZyC0r4=","o/4KyQ24Ny5uJMfpg9bHq2fpomm6V3dpaZCm8bulap4="],"block_size":4096,"path":"serviceasset/exif.js"},{"block_hashes":["eO1af5DEqh8/hVndPrd4dSCSA1LB/nfLO9kxUG4l770="],"block_size":4096,"path":"serviceasset/exifcache.js"},{"block_hashes":["7Cp8jpB68LRPAmNIY/k2RMAFSxXP02XUKD6S3DI3/ec="],"block_size":4096,"path":"serviceasset/exifviewermanifest.js"},{"block_hashes":["eOOIwWMYD3VAjW6MXO3B52pnEbgi8MHzWMj7B7ak1TY="],"block_size":4096,"path":"serviceasset/file.js"},{"block_hashes":["VlBl3nPEkWScwaem1tHLck92Rno0HNnwV0tVRsR0pQE="],"block_size":4096,"path":"serviceasset/flickrexif.js"},{"block_hashes":["1j1NAFpo4pqM0Tvxbc2J6Z1hMh6Tpd4+7NsRuIqMsOc=","tLlShrAiIlxnWlJaGmt0UyagJDnpmGx0r5sLiH6UmlM=","gvpHBzFfFRH5BsQfuIB012dMCSj0GGx2in29mIHuvAE=","1cRmqo/9nTxhLICCg857EDXUWHBV3rhqZG9yG5QNZio=","WhPcciNXCmAl+s++mLVz9Th8W1T4gwS30jjdYKiQqwc=","gNEDZqpEUY+PSr7radUFKJfdowKzb2hypgBRwJeyrY0=","FMr15UwdxDDsCKkU8HkuC3cwtBo8YKGOLfJwt6Fmvyo=","ofDMYJrF2mPz9+VzOsx9S/dHr83A8UnhEfLBOWv0EMI=","eSxtVpYsoMgUh8Jc+BgdqMD9PNC1ENKRlHVAn47yeSM=","5mZn9KtnykyK4mAtyTwHYaWwQqMy0y42ToiwE6X7avY=","SAfUUdFYxqYvYouDegrSAifzTjwDddGW8J0yhitfB0s=","PpBmS+/zeeguT4m6qk7wgnDaRjY3QQVPBx7cOHbJ6eI=","Iu29s62dkPInb11XzZ5jNGGKd5aIOc9LHhy+SU86Gg0=","9pPh3+GvnSL8JuAmQ0damFKYlEs+5h1ZMG8ELzhrbUo=","esafdQZaXWosz65z2kUtpBUgIasHEbJNoYGukFJ7d3I="],"block_size":4096,"path":"serviceasset/ga.js"},{"block_hashes":["oRH82DuYFq4zQrSIqX7xEv/XBLelKByq5zQe0Lb1QDo="],"block_size":4096,"path":"serviceasset/garelated.js"},{"block_hashes":["Gn6tvQXWlqfl0+FEu+VSa61OXUNVnpxE4W6Rul9CvaU="],"block_size":4096,"path":"tracking.js"}],"version":2}