{"file_hashes":[{"block_hashes":["bfRebxt62Y5xR6PcxibWDt0gAMFD05wdBxl9RfSRKKY="],"block_size":4096,"path":"_locales/no/messages.json"},{"block_hashes":["lO+zpI4U2KPqo4oCwW1nM/YlNzNk6789nJxGWe4+D94="],"block_size":4096,"path":"background.html"},{"block_hashes":["sesN3J+tp7+JvFRfQT6axDI3wg7HNP0N7mNiOZlyLVM=","XQZJOze7EhlJciMpYbEFty3p45Xg+iJSK6DGettWC5Y=","EWBEftvoRm1XT8ESSJ9pPMbhw4La+9olMYsUALdyHRQ=","EbvdfMK5sRoMNsIz1veQGBKEYNJU6E6eHH3dhhuRuFs=","Q8hUz/850Q55nP0+vfkuKWCHEO4iAGZ8mLQ9NN45LGo=","IqAx5DO/PaAEktJVM6fmTtCFVHRZwoZfUsrpJMJu89I=","4BTET/GDJ0b3iUOcvDo5kVgVeYU/JyPV3wpJj/0XfTo=","ucyfkgYWPoiktOsLBs0d4xhpkv5LZNY0JTVme0c+1FI=","cQGPLrVtl6at6Cjt43y9V3vZrpHPXNV6lFkfi062Mv4=","tqDMInjenNlyRzcXil/Fu+36tXM49fToKl4Evlbqiwo=","4k4ize775P+MGHSzeIyLNdHYzOpf2A0Yv5TM6BffRAI=","9YQmZO5ZUY1NeN+8MK/c7dxq/lUSqZoiQQCQc7ORYYE=","K35ssVpWX35bCF9+7jWL9ExV8T11g+/wioRuq7m7SYQ=","7RWX/Xwwq8D+bv91Apyq8hVpIInBYdbGLN+r+iA3trI=","3gAtqXoGUEXIu1pS/J5MIsVss6BelJ57BvI7HWOjgX4=","xC7AAHMgzhBAQrOdJeZTyfJyFM4XNccVK6XHVxY0wPI=","zmQdPDxhHDnoMWL2KSI75hTxjKcUbLCFecN+vYP56Eo=","/PrZ4NPYF3WBgwRv7BRlAjFd2Qixedn9dSHt91GITVU=","pCktJcSEVN1XSHt4ustFZ+VVo2f+8hAnOgoAdqsgL+U=","BJ2PujDp13I5KXyHNjxJpTSBmdRltTdzymLqSYIh5qo=","H3Te+VteIsd98NO1J85xiOW4XyNRfauqHUDyvZfddHk=","nSk9TJYhL9XyKd+0WrxqIfK3R1ck+TtVX8NyvtbcYbk=","mZx0cM7WD5WWcP+lZedvG6yKPiMRd8uTVWo+TMy570k="],"block_size":4096,"path":"CHANGELOG.txt"},{"block_hashes":["1RZdncABAMG4zZkvxpzz1lpSAe0PMV6Q8+fy9cd2TZU=","PdHOMTFG64hqmEfJtvEPkgCtm6MUbkhlghO+gt1DTr8="],"block_size":4096,"path":"CREDITS.txt"},{"block_hashes":["B7D88zAzgmlMhEH1OaCCUus53tQrobQN69M69o0gWY4="],"block_size":4096,"path":"firefox-bookmarks.html"},{"block_hashes":["F3nSxFOmyogTZxqvW0NeCkh87GpTlALtZB6fIK0KQ0U=","tN95dCGF/fpYG+TEg7KNRcPkN5o6NKWJ3X9Kl9w3w88=","YBL9Hybh63QUrmh/PO6BOV/oWCaSwMH6LYK9FqGOT4o=","S5FUe0IfTLll06WafFxIob7TG6PcQJbxZI7yijxnmqg=","1zZr1//NaQCKRnPVLBGRAlQRr7FJ9hOuCzhRKUjHbgo=","rUjq5ov8NT/uKJQpzwWj5ylKvewEUO/MSh/rjTHa54w="],"block_size":4096,"path":"help.html"},{"block_hashes":["brGCNCNDUpl01h+D5YEvLI/987R0WQmYQ+AU3cStdbk="],"block_size":4096,"path":"images/add-feed-32.png"},{"block_hashes":["GGAAOdSIkAGxlnTynVH3NOIn6AANQyaZSpx18AuYLDE="],"block_size":4096,"path":"images/add-feed.png"},{"block_hashes":["fwH0tMaQetJw/wz8RiLcoNbaWCLixiX4O0lzMVq6t28="],"block_size":4096,"path":"images/add-folder-32.png"},{"block_hashes":["aYkDczjoKGhMLaONrgyJkQIvRTq1KzyHu48ty3lObVA="],"block_size":4096,"path":"images/add-folder.png"},{"block_hashes":["yIYeM+1S5xNyMEk+OKhhjfqsr5l7hkFd/2aj7Bbsmi4="],"block_size":4096,"path":"images/allitems.png"},{"block_hashes":["ozYII+YUKfycIMe0qMZfogwoAWU0pfg+PN1xd8Fs4lE="],"block_size":4096,"path":"images/arrowdown.png"},{"block_hashes":["uXAzv9wR/akv+2X4BIoNYkA/0mrIXL4HCf42gyaBalA="],"block_size":4096,"path":"images/arrowdown2.png"},{"block_hashes":["hxtlEJMuriaqQryAcToeBcO+Sml2/JwCDRDAf3xPwuk="],"block_size":4096,"path":"images/arrowup.png"},{"block_hashes":["jpVZuf6BzUJW/oAXBofBkFiILZbJ5SRGOTTlmwIOZ7I="],"block_size":4096,"path":"images/arrowup2.png"},{"block_hashes":["01UUq4rY8Si7ePKcBGS/iOKCyanciiqwrrPa4YJeXPA="],"block_size":4096,"path":"images/caret.png"},{"block_hashes":["OwYBflsgUxt8hiezfBJsHtb89LEUzr7sJO32TpfPCmE="],"block_size":4096,"path":"images/closeicon.png"},{"block_hashes":["U1DZJmMyEodzepNmZYTdGAI58u8PNagUVOMahViK2Bw="],"block_size":4096,"path":"images/email.png"},{"block_hashes":["LS9gRyNfLEVsDIguB2Fk5l2X4PEfJ/swj0Vv5CNJ56E=","dWLjNCAVtZZfZ/j0g40nSnpAfV0zzcRP3eogvTs1R8s="],"block_size":4096,"path":"images/ext/buffer-favicon.ico"},{"block_hashes":["/5RiaIs0RH4miGwqrUOGSFo9/6Vni85MxMNqnOV7QHE="],"block_size":4096,"path":"images/ext/delicious-favicon.ico"},{"block_hashes":["KFYMADjPkoxs5BvXJ0zINyQzvXr2qUZuQKtOTWO6iOw="],"block_size":4096,"path":"images/ext/digg-favicon.ico"},{"block_hashes":["2xwL7eRB/xX1CvYi+q+JkpCu6iuCgS1fMzNptjWQVxw=","KoNHiWfs8yVjQWvgBuc7HQ7RSFHqBonKuKuYmHQmn/Q="],"block_size":4096,"path":"images/ext/evernote-favicon.ico"},{"block_hashes":["Vnjuah9gXWraYjAAOo2cGChp4fQNAtQUs2jMggyal7g="],"block_size":4096,"path":"images/ext/facebook-favicon.ico"},{"block_hashes":["jxY10opjTu6v6BvPDO2mTPOO4MGR/5osASxq3yww/xk=","upsACteDlbdESa791M6+SZOHJCLbZ4CmHViSVNoBLYg=","3x4FboK4EgbFGi7difa+ojk1vGfnktJe0x/uYK823Oc="],"block_size":4096,"path":"images/ext/flipboard-favicon.png"},{"block_hashes":["JzUt6ZMcwq/q1Rm5TTqPncDEdH+C1LlIj4st8kIZqco="],"block_size":4096,"path":"images/ext/friendfeed-favicon.ico"},{"block_hashes":["sxOD2jf264DvhNPjrxDm4jZx+pigGS/J1R6o1Rbh5JA="],"block_size":4096,"path":"images/ext/gmail-favicon.ico"},{"block_hashes":["WRas0jCpJJR9fUvhjeP4z2VobEoylZJ0gWArNfIO/QA="],"block_size":4096,"path":"images/ext/googleplus-favicon.ico"},{"block_hashes":["KsAb4K5nMrtkH9ZMYSMTNob918ehNsrY36xQ7wQ+V+A=","41OBWjwWFR+2HcrJNHiZsy6Ih53zusmo4vdcCtz8khA=","4bDNH673hh/fGG8JYqv/zQCwlLgPMvuuhrgdlJwb6LI=","Y64D1vLHm5CAYqZWTp2AZZVS9VPdg0+SrVJir9SqGHs=","vEPVeX991TkZIaO9/qHMXwsNCPwM+Hc8JblaPsPNxWE=","tWnlvRS1DT0SHzTnV9eQlT2Iff/JhiSGkzHMIAjeuY8=","rX+sslhvxulmwATX0dFrAk9YBf98tHx6hdq9i0iJLKc=","rX+sslhvxulmwATX0dFrAk9YBf98tHx6hdq9i0iJLKc=","rJq3/vSaxDLx5Lm0PT34nKBt1TwkRnb6XUeocl3MXrk="],"block_size":4096,"path":"images/ext/gtranslate-favicon.ico"},{"block_hashes":["SIFgpOJYNT91sEuuRCQZFrf0X2I4JHeg+Gii7t5F3vk=","ooc59Rx9P7WiJ9+shZffEa6j6pVM0zDRADAuTd/F708=","vjLHe/zoA4yUqX5MbvP6o7wC+nQ+XALTrcWZKAwLumY=","L6kWUAWrT+FI/8npElr/6iw8fzpE14c5RIlf1Tlf91U=","Uk9EMTk+pb1ulJImWRjGywuAW4f59j5S2fSKUtB87Q0=","WnlsrZBeI8hKQZE1p+tDp7xEyTwGxQ29XRF7WblohXs=","vo+B5nLU44K63+F2Ooz7M45UW1dZNH4eC4ilFPzVjHw=","Yl6zpKkp/8vRAOY98s+aNhuxT40DsDfzy7AshvS6AFA=","5WF7YmaypxhhNgY75ITzE5WznNZJMAlb12f1KN5DQRU=","Ug2zhERyqpFNaR+vF+00r4WuRvluw2nFOwBcN+uoO/I=","Mp7qUNgMY2zqffqE0cbG0mcjs7ggviozvaC98UfDhps=","PCi9luI3JyEh0EO73y7ci2tX89mYc/slYjUpvu9GnS0=","rPt/H46GPtrk/b8RDehdwpKrincMkS80xRQlNOINX8c=","DTt8KQ+txLplanb2BKJ0Qmbv4U703atxDZGGSkEG6bM=","ixpbD5vOroOPpAh6OmEipN6vx1damqoRY3Cfzf71Hwo=","P5VLNu//GdI9+Catr/6qUqW+4wBN/FLiDbAnprCTNGU=","u6UwZJ+SZfrLltym0hl7FpGMSSrfkvISa2208xH2oDY="],"block_size":4096,"path":"images/ext/hootsuite-favicon.ico"},{"block_hashes":["EnOFTyuK1hL21P+IdMKRuD1yY1A5iSWDvjbm8fbu2TQ="],"block_size":4096,"path":"images/ext/instapaper-favicon.ico"},{"block_hashes":["auxF7J7UOUGkbrpbcTApdIYyvggQO7zvdPjrXcHX5Ys="],"block_size":4096,"path":"images/ext/linkedin-favicon.ico"},{"block_hashes":["G2KUOjtruRSzw2493CEUaos5biPB31jXxn5HwPCW1GU=","xdEDJw4188a5w5Y+kdYKGWl0FRjDQV6FZQL62KOfawc="],"block_size":4096,"path":"images/ext/pocket-favicon.ico"},{"block_hashes":["RVqryVNtZ7Z+X+v1eHNljDByD3jh+TgEHaqiALcbA1g="],"block_size":4096,"path":"images/ext/readability-favicon.png"},{"block_hashes":["XjHwxJc24PMuYtTNz8mUi5ZtoShasRQIeeFNxkE/x6Y="],"block_size":4096,"path":"images/ext/reddit-favicon.ico"},{"block_hashes":["NSrohXiMtvmpFHPEps2tk8mNXM2IqCFHrdII+Q38fyg="],"block_size":4096,"path":"images/ext/slashdot-favicon.ico"},{"block_hashes":["Hbx8bbJa4CzHfrRViuv4vQAWTPyslZn2aTpGNmp/eTY="],"block_size":4096,"path":"images/ext/stumbleupon-favicon.ico"},{"block_hashes":["jGaz13rWusda4vGGLSYgv4Vyj0QOR9ZsBGYoavsjh94=","jikHM+jSZ+Ktn+tMq+tegaWRTlEEGymOIanQxwRaf4Q="],"block_size":4096,"path":"images/ext/tumblr-favicon.ico"},{"block_hashes":["u85xNFgoonxVcmN9voij3R4GUmYGZgDIqEGYVYi/KQI="],"block_size":4096,"path":"images/ext/twitter-favicon.ico"},{"block_hashes":["ZzCJxd+5186uVdo7uwE9VbpU2MZSOIUdaSnKoCPna38=","CzRfqSXI4T3FzUZ3mMsvD/21spnzBPrl+7N562K5fbg="],"block_size":4096,"path":"images/ext/vk-favicon.png"},{"block_hashes":["ciGC1h+Y011POajLmM0+PrqsUP3407G1XzXDRjqPvi8=","k1SiodCjlfDk4E9ZpFDkh/AABzeHtzhms7Zu0pA9YQI="],"block_size":4096,"path":"images/ext/yammer-favicon.ico"},{"block_hashes":["G9Eu/gfZ9832CLG6oDK6fqnEFM6vPFPVfNzquQD06dw="],"block_size":4096,"path":"images/eye.png"},{"block_hashes":["yy19JTN4AoUqyFhpreMHWXzIePhzzON8wn3PIr77U+k=","09KLEwIKLRpNe99wf4n24dvGgSqlYwOz+uwULqMebFU=","A29ySfQ8AQIS6jD5fN0tbiDeGTIVF/IWOrUkK2oB2V4=","yM3llgxNzKtvIfYWmFHo631iNrj9UgTvigO1Xo6xUVk="],"block_size":4096,"path":"images/facebook128.png"},{"block_hashes":["PHgARjhLTi5cfJPMAbwO1ALSMTmTvLwbQFFfBgwlAQI="],"block_size":4096,"path":"images/feed-icon-bw.png"},{"block_hashes":["yI2tv27rw9wU0iMr4DMFogo6w5y8E3rjqoxzQfttCs4="],"block_size":4096,"path":"images/feed-icon-red.png"},{"block_hashes":["dAVw4RcwnKFP8BFYufhyNlZSVrfWL4vXlCJI70isaWY="],"block_size":4096,"path":"images/feed-icon.png"},{"block_hashes":["JAyi7RtlBMqSpwhNonIKJWtrXyrnllb2ZTZww1c00G8="],"block_size":4096,"path":"images/filter-icon.png"},{"block_hashes":["hLIcQB0iHFb/QqdhT3LMIhWgsaX6zsqFzxEJR0EhN5g="],"block_size":4096,"path":"images/folder-icon.png"},{"block_hashes":["jP2FwW9h2iE+WKGsqCyjhIHuIyM1f5nZfT/HTMMVkLw="],"block_size":4096,"path":"images/folder-icon.svg"},{"block_hashes":["UdeXm3g17XTkEqUNP13QGWdqxG4mrIHmvG7i6TeZ57I="],"block_size":4096,"path":"images/heart.png"},{"block_hashes":["v9ror9wiOLuQK2enKm/zyrR/dSVyLM3naMvjfsq92s0="],"block_size":4096,"path":"images/help-icon.png"},{"block_hashes":["QTwSoYmzbW53JLi4P6K0E/kQAaYSxUys6K3AhSwdrPs="],"block_size":4096,"path":"images/help.png"},{"block_hashes":["BOWYzeMLj3wuV/Ahoaur8lctHyitr4+WXjK3Q7UZpMs="],"block_size":4096,"path":"images/icon-close.png"},{"block_hashes":["AR+XmtJ1NcbjHr4lznty281mK0h7xyFsS4K11VJNEe4="],"block_size":4096,"path":"images/icon-plus.png"},{"block_hashes":["o6uK16txV4oRZ3hqDzsDlnxm7Emw5tyzzr/y2sJo0GE="],"block_size":4096,"path":"images/icon-read.png"},{"block_hashes":["3EDcDKGAbAMZEAIlkR7fVkOB6uSGBZbIUFu2I5Ez6wE="],"block_size":4096,"path":"images/icon-retweet.png"},{"block_hashes":["jVo2/cNFr79TzckItHIfM6QqLuNLx2xNhx9+sYwsQ2E="],"block_size":4096,"path":"images/icon-unread.png"},{"block_hashes":["/lj/BijRceJM9mwfoO8QjLXkq2kyo5/d2748YstH6C0="],"block_size":4096,"path":"images/link-icon.png"},{"block_hashes":["zTybWZl1Aa2kO6G7M6HijZD/ArfKrurXdu0JIFARwdM="],"block_size":4096,"path":"images/liveclick-backbutton.png"},{"block_hashes":["miaD6vrCRd+oSMvGJnVC8UGwmKynNDzZd6JmsJW2dBw="],"block_size":4096,"path":"images/markread.png"},{"block_hashes":["PJhu3Pua6/c7hTGS8f8WBB61qN0iBNK7iCIroSZYPgU=","vWXtqOkEUCPpEo9CdKPo5/cSz5Ybuhg326LyUBVwRaI=","ZxVVTNXMxpiFhgXFX0aVr2LHOSOAO++sl0f0Xj+3fAk=","H7KtBbt9CCQhkIlpmZRCMVR6KrFpr+hpZGHkFR1givo=","J6vrdpmlTsL5HmJ658+b5oIlPW0vir0UXIBfp51vcdo=","OqnfVNrL+yoZRPqE5XlSw+BoMUhbQ934sCGvJs56XX8=","g4tgC69jHHn1OT8mox7BjM0sUvT6i1QdKdxYSprL+0k=","fuK4oQRcrWA1MeapAk3twK6i1OpU/9UG7puGNH6EhV4=","8L5vJd+04xNhmN9ExHBfwNKVFF92Nte7Hg5B1eJOmeA="],"block_size":4096,"path":"images/opml-icon-32.png"},{"block_hashes":["yWL/LPTzQvUFMKOYRA5e/6h3OPZsS2b8pSqGIoUxHa4=","DbWesoaaeIUndrk6Yi7wDxBsxCPcdMQPWFv3T+0uzp8=","ODSF7BFCenlXR/QTQM+E64HTLIZH88UgIFoCVkitKqI=","IF+tj5LopVG672aFukG/DKIZ/xGDXrScp03L6WBTuK0=","9w99m/AUaPQNAcMerOkOVbcmlN6CEuqBWraN78a4jj4=","KxspK/BTZoeiAMKcBa9Uhp82tqFcQf2HMD1ot0dHnKw=","n4lutNUX/sGqi2HSkBYdICe0MOZIqIaPp4ZpSi9ARZM=","g8TACOjcf+YNLWuyVkMV8CtDieKX81e9kab6cQg0iaE=","JW1mMwNpkuCiujqsxtSEN55AnlDGH7AZLu9uGkVomGQ=","22RTFtx/DkhGHAaZYXVJQbEUy3oWEZJhJuOCfokYaWU=","7F5o9Kj0qudto1kKF0QclMcLP3sUySQ1rQNhVbJm1CE="],"block_size":4096,"path":"images/preview-icon.png"},{"block_hashes":["m8sESLlfSAbGP5s6X55v0F+8vms4MPHVg5+FUpfci6w="],"block_size":4096,"path":"images/reload-icon.png"},{"block_hashes":["dYdrBVTQBG26p7WShlgDnIpFwYsNFs7qhe6j0/LJ8Uo="],"block_size":4096,"path":"images/reload-icon2.png"},{"block_hashes":["xzE78/Knut8YhpFCDs7CZIUkanLc8NN95HtjizzEc6c="],"block_size":4096,"path":"images/reload.png"},{"block_hashes":["nMx0z9IWRquCrIDsC5vN6JcBXzGflqLwmsK7F/jc12Q="],"block_size":4096,"path":"images/remove.png"},{"block_hashes":["JLAklRIIvSWqDzOYocyAtMhw/1wC3IDHK4UoQVmPfOc=","iy33//pHDWab7cezQppSqB0Q230zAA/BLp+r/8NN4e4="],"block_size":4096,"path":"images/rss-icon-48.png"},{"block_hashes":["2//px5D80V2vdp1zmCdM/77jA6rWXMhIlZjyTSZ4HVs="],"block_size":4096,"path":"images/rss.ico"},{"block_hashes":["2p02PxOa4u8clF8MUYB/CxWWecok00CG70Yd56C9dd8="],"block_size":4096,"path":"images/rss.png"},{"block_hashes":["+u1mi04M6IUI3SpsdUzvRw2oW6+qyWObCtLzEjvaYwA="],"block_size":4096,"path":"images/rule-icon.png"},{"block_hashes":["3QaLymSngL+3QezmSCJbpbUeznFqtO6++fFwpKPXqJw="],"block_size":4096,"path":"images/scrollbar-arrow-down.png"},{"block_hashes":["4XWWXXd5FgszvmxO6gCPAloO4IO4/25FCvxYRTdGXeU="],"block_size":4096,"path":"images/scrollbar-arrow-up.png"},{"block_hashes":["ZBhSPqbV9kGa9bemyuK8l0RJ3xNUGvqSg3udWDIYF9Q="],"block_size":4096,"path":"images/settings-32.png"},{"block_hashes":["4ngbZsI7HY5ZjBnGlsSlIoFPU1XCQ+aB+HG0de1A/xQ="],"block_size":4096,"path":"images/settings.png"},{"block_hashes":["8rYLPZZZpZM0Dc2GMEX5xZaZlGmVDCCOIQkLZTlafqQ="],"block_size":4096,"path":"images/star-grey.png"},{"block_hashes":["k1Qok0y/DaLDLQ84TG3e1mXXMrCf6nwMKLjoj5efK1Y="],"block_size":4096,"path":"images/star-yellow.png"},{"block_hashes":["rL8HGHA87Fi3LaPlDv1gASgj0Bu+ROenGunI2Vs/2Fg="],"block_size":4096,"path":"images/statistics.png"},{"block_hashes":["NT7d90upaMrLSmj9/nNrwZl6pIPHOF09ii60+DPWTBM="],"block_size":4096,"path":"images/tagicon.png"},{"block_hashes":["pgdAdHCT4pC2GFWeOKOD/kdPkrZw46jV8koHoG7laQQ="],"block_size":4096,"path":"images/togglepanel.png"},{"block_hashes":["Rck4ShhWEvYZ8TPfi0DF89miJzDmvHI9+E5mW4JbINA="],"block_size":4096,"path":"images/trash.png"},{"block_hashes":["snylRu1VnowZb9zDUk+/eoAWgOi82yJy4jmQX1utanY="],"block_size":4096,"path":"images/twitter128.png"},{"block_hashes":["KOhRBCUL9vqzISfiZ3j+iBztJ9mB+mn/tom2Dwe4uSk="],"block_size":4096,"path":"images/unread-icon.png"},{"block_hashes":["KNFLyUmIqj0Kk4ji+VAXUK+R2mxcT2tAcqadXFrPybQ="],"block_size":4096,"path":"images/viewmode-1-icon.png"},{"block_hashes":["irnOBz1rxzKcPzycmxpEJZIpSD5NeGETPtIF4/4NGpk="],"block_size":4096,"path":"images/viewmode-2-icon.png"},{"block_hashes":["6RF1MYj0P0ZFc6RSkjL80y9jSfaf2EYFRBETyU9iujc="],"block_size":4096,"path":"images/viewmode-3-icon.png"},{"block_hashes":["cZbbbJf60Ubo4tRPKdldGgkWeYkdktObyaJjPIoIBHM="],"block_size":4096,"path":"images/viewmode-4-icon.png"},{"block_hashes":["U+T7/c/EoAAU8Aw0Mf6c0ZePmaK6v+HoozkIB6g93HU="],"block_size":4096,"path":"images/viewmode-5-icon.png"},{"block_hashes":["CSVdo3MhP5LUOv5jai1zb6s27KY3NpkOApre8Eg2m6A="],"block_size":4096,"path":"images/viewmode-6-icon.png"},{"block_hashes":["PmcLfjJ142pve8XnkNE8dt6oLEmZvjbL8nFCj8LcFAk="],"block_size":4096,"path":"images/youtube128.png"},{"block_hashes":["fPPPnm2q9zL/KhzI/ni3DaM+hQ2p/nWIo3Ji49cVylo=","bJW07HZtvvqgdQyjGu0gVgBkxM4idroBK5UP9lE4cJQ=","EfORI5TYZA1TPFWqfQnSyjCJWUOlcqSynuYHINBCp6U="],"block_size":4096,"path":"KNOWNISSUES.txt"},{"block_hashes":["HK5gusz2xx6Wurh+hSsw6qg1LO6My0UZxXnP4UuitJ0="],"block_size":4096,"path":"licenses/alertify.LICENSE.txt"},{"block_hashes":["pO9SJPWzhoS7yVUh8EuWMlwkAsA9o+yzXiMtgqmWKC8="],"block_size":4096,"path":"licenses/buttons.LICENSE.txt"},{"block_hashes":["ezRuvnpXDnyXjG81Zyd7C24wf7r0LxUi8SbFbxJkGBo="],"block_size":4096,"path":"licenses/date.format.LICENSE.txt"},{"block_hashes":["J13eRdycj3LJfDFg2x3URP8GL9kA5q82G8tMcHq+x4E="],"block_size":4096,"path":"licenses/intersection-observer.LICENSE.txt"},{"block_hashes":["D4SSxghu+LEigj6C7yd8NNgSpiy4S2d90VwOJsDY+pU="],"block_size":4096,"path":"licenses/jquery.LICENSE.txt"},{"block_hashes":["x8SjCP+s4eCQl8xUkgmtZuaRFSGDZ9cQDVBoNU2r2jQ=","sGZOOxf5zzT70JWvT7mpx8xwpp0RdVd+WPuH4Z2D/lY=","Xw2V2B8f20PMwb/xERgVY7XaoJke2o70oBx/bh6BeZg="],"block_size":4096,"path":"licenses/tree.jquery.LICENSE.txt"},{"block_hashes":["Z6FqytmovXmrnwm9PI9E8fMZTSVIm+Cb8lQJpDk/2Zo=","pNCyzDpDKzq9Neus35YIVI2bRxny0CGzXKlgB0NXQpU=","1LiSnNHbhQyEjTc2NqqWZBdpWadT87GlXHXfsAAW0+w="],"block_size":4096,"path":"licenses/unibabel-js.LICENSE.txt"},{"block_hashes":["1SmYzX6vm6hzncu8z5d5c0ux7M6ZkpYM2u/wvMKIIoM="],"block_size":4096,"path":"mainmenu.html"},{"block_hashes":["l4e/oaGPMN/pcPNq9MVAEJe86nusCkd/sclckn73+lo=","hHDk8JWNOBOcfY4Paidc930bm0MSQBGGqYcDEKkDGuw=","nh0h4Zl8VocWO90hbVbJY5gCGj9ozxoPCNRQSvnv3g0=","keGUMbOijPyyMCBG3FznEAF0eTL8/cT9dRygn+qc02A=","qGz/VF7Rn/HvesXDTiYT2zfcH9A5F2uG7rL6YUy6kps=","yelqhztPImg18POUzoIXsh3NReJZUmI/Iu0uMPKiJ3o=","YkZ5C287bylICQ6k9NL4d4y6FHH2tYgCStbviHQLeFw=","UBI/v/zKJWxVb2+bRcSUCYLXV0PaEE+IsZZ3uPOud7s=","dG2OjyvP0EdJw5TR/jZtJrJxKLJOTuS56JXaNdKQGOU=","/yy1iCNiF4DOMcmDvyt9dfZT5GNGUxr0M0XHDeSH+vw="],"block_size":4096,"path":"options.html"},{"block_hashes":["foUAB5hiUTSBz/OjpuRnMazx1Gp8WcChKaA7EBE+TfM=","drnnZswcSOggiky5NYsQXMgUoUiJ3FP8EysJctlGRQ0=","5b4habZgzrG9l9ZOQjUFrDNnXAI+Fh6o6eofzrkLBlk=","XOOzsiPxJvYVKDzipY7NvRlf9bK/PjPXa2mk3YrqVdM=","RMKGmf74lr1CnficegfnezQoKfL/Pu352h+JI2AvOds=","A3YjCbyyxcd8ePDp4BYfwEypb13NdqWGnZvkRUhPWt0=","fD03b3+KuRHDH9bLH65OgfdbZ1+D5WoH7smfnlVbfXk=","tyWClFbsJk8TcbOId5spjhD6/+SvrNm63DxaBiiPOSY=","VC78kZDJP3RrEvlmdZpnhN3dgev8ZXmQLLlR3oHUty4="],"block_size":4096,"path":"reader.html"},{"block_hashes":["7iTRZp75l4u/NgIeoD0rKX8rsZXwA2iR3d/DfSFHgKA=","UvW4Wfu7j91HWEs/9XAhNk6Y0JuAiUi2KQdBVjrFP0g=","AdE1PixWawDvEmqyXP3+fzIeNeT1FpDEUBLfEpzmBKk=","IkdzLtP31ibSPlGZtvU8RoHoH+PnKbGw0A8q+9kd/dY=","fdlyUdyypP5M8GD+GNeN7oWc346kGlDq7NWTU+3vnow=","8axesm5z9ULSxyqczyp03Tql7UAtAInQ3ex4H3UNUcM="],"block_size":4096,"path":"scripts-core/alertify.js"},{"block_hashes":["AKqb8zTyzFbE40heK45PBYbyE8Ls2xAkKB5TLEoalPU="],"block_size":4096,"path":"scripts-core/date.format.js"},{"block_hashes":["JrWlnWXgzsw4tiP/i1hvcrSORVFS5nQPD0dAAXzVCHM=","j3XWKNKhUQ4xdCoNuf1PniJogM+XuPUIvHMk8AnXF2Q=","ETJCXH/Z7BoYliKKoC7LdaPDRt4p4fiJk5FOA3ohQi0=","ok372bLMVqfrgB/00PItCzsba/66XSmWHYoH9J2Fkok=","GCK3D5qWjf8uDb4avI9IzI4Ch2dK4mCXhjIpAI13y2A=","v5MvJCmhAg+PXtiWEwR3giBu8VpZXhbBMq4tPwABdho=","/sdiu8VSKrMA8xifD3WcYQUXWM71q7qRAsAjCn8AMGY=","t7uJjsjCQUewAYMYD4H3TqpH6FFWSM+gtv6DQvYOKp0=","Y4mT159FO+LisxQZsIOaLiOhw8cmYR1Y302I7ZruTlk=","btrWdhXyfXSflFfA9/s/SJW4keZqMkk+l0zPNKB3NGM=","+f+THRt9ijfC2Z4mFqIXWaRybRDDexu08WTSFrtImq4=","12LAwjZgBVhbM++VNk7/UxJsOfhwYWcs+wy1bYciCDo=","YMTf6Eix4pvQzI5qWyu0rJCTKvWZTxbQZP72raVGYDA=","im1cAWBf+rM7UeNrLUL3AW+ysk/rNEGgbMuzIJ2Q8/0=","hLXP7z2c5gjc/4oaygN4PXj4gcgg5LhRnR1dfEprknE=","q11xjQwq7R5xGkLkXCVdifSL/bOBfyxzeETCDN8wxDY=","d7lWfX6A7OJAeL6YSJCESdNAoTh95BaUxkkHdSSSI9Y=","fplzsu+0oTRKrj97N/yFiYLPJMWBWaDdTSWSuIz8BEQ=","oHCER8RCkN+2fLyaZ+osKbYQrdD08VCLMEZvkWiQ3kU=","0UYdiEvqrCEU15q0FuxHnsufi3IwD2UW/Lxz7Bj/gNw=","QSZ8MGCmezK0WK+lc1ZDBSQDACsR/KWnMAqh7m9oDwE=","BEXEXiGwI4lUzv4PYZqnhulumgVXwypIAvsfOvvZgek=","5NwpfSunJxDtDMhoFJApJUDjpUCU7UpCbjHzP/MHB3c=","jkBntz0vD6knuGakRQIA4z+jbOiVfqyY004zZujzBhk=","y9PY+u3gZJnmsvsOHdhZVLuc3/uyNxKuP4pdG9SFPSE=","b4RVoG1KI9ArbQY9DBrw9QtoAM6+KVbqCOBQgF0659U=","66ICHl9JHDMRgrJ06os4Nv5Uop3lMjnRVZybp1d1Dv0=","5VXpMIl4g5CBcOVNhBt5Ze+pzGH3YAh6f+w0GnkAm+0=","BbDjYNA39o72lX48HBIW6STpYTI5ClMcjp2mc827Rf4=","Bj3l9wQYjOKZRm9D0DErmtI/RvrvpFh86ZK+dL/qw+g=","Jc77pXhJ61VQCuSSSkz5XBM80TeUse7nmbMKBSk93QM=","hoKHFaucdwaDox+kl9wNbeH1mz2rr3V8RiAyBjZIAUQ=","0mlbrGeYq0nOZFBBiMxRGHB/c6ECHvkFAgGqT1gWBeE=","EjVAQ/o1YxXRaH2nx4aoNULskvhh6rjrim/SlFT7DhY=","8G1nTROIwNXnYbGQrAvBmjlZq0p4tVJDuTecOm+7pRo=","UUrH/jlS8yMcOgNDKkF/2Dmx6WZ2hikUWrDPtOP7BK4=","ulaag8jbDWkVq0sr3JfgVnU6rAi68tzLa5vXQ8pe2ck=","+1iOwtdqFoHyHXHblz8vWmufiwAxj2VyRulkyW6OfNQ=","ukT8i2v2p9lWhT5Ptar8WLrXmKdke183iVSSy0X8Fq8=","p1JbmFRgbfKwYBESUF7LKWa/eBxQbcxTm4eZ9EzJdFs=","Q3XlBcfmFinqhKLwzFYCPElnA5USgf5TD9qWtBZiMTM=","OPW+oTNNLgL0Q5iQKfloz5RHDyNTKlVbAhtnieULSXI=","PgtrLWsgSnfnrrrq6xXDnv/tFSI2iKmOP5hm3mIkM1M=","2/szn/Yc2DG2/06Ia97nO9ArJjkUHIbNGUW5GFukJcQ=","NXoO7f4nDF075K0ngaOZZf3hXN1JrfG+mNYsmbb1jsA=","q+Hm+zI53KGFijhNvjpnIXvMqfL0NM3DXHExxc/4mSI=","lPMK1cVgeyFzw+ZLXxFLxBN5JUIGBANidO4FbOG/AOk=","fc8sKKGR3HOX0UHAlAMcF13JhbWOxrr+8Z8p2chZw1Q=","UQHTgh2GKYl8XNGFQkLU2LTieybLbslK7iLZEnUL0Ug=","qv9yhjbSxhE3Z6Y5NYpS3JPUZLnlOmiInZfKzk8nVl8=","0umxQqldHEHQd7Jm+KqbOUzFVn54/5+xY/KKtsVtBHo=","zX0TQhpgZBDelnEozsSd9k1gASC6MU2NVHz8uZoEgJY=","GS2KwFLCImoH/hoOD1fqxTMtWT7+E3HTdajiJGWu8ZQ=","Q2FH4kiNFpu64adzbQj6gL+CViAJxNy7mGXZO72s2Eg=","F1LCAkPYd4MgwTwuNiQtvP4nQptpRqQrMGNE69Z/tAc=","JVm8i3CI8PwaMqaZ7AbwaG12Vni5cROyf20NrXt7ZoM=","FExqP443aOdo5gos6UJb+X77LDAnSFEV00IKowG2xKc=","0TAjS3O+IcO4Df0ieqT/TbU6U8ZiC84pF/Y50pufbw0=","8Uno4uUcnbJG7o0cq1sBVmAlneKJV62BtPCJiOBGicU=","QQAzOYKJYQMh1CO4wKhAaqXHssoCzx3WWz/76vIfhaI=","EFUy4l1xvpYEvf2ylTxPJ/Nv/3Xiq4iw2i1QV6BjEcY=","lERa7ziok3g8OTry+Qhk8LsCUPX4i6n1Y8wRayf1y6E=","FF94mEUQfkYA1qgB+jVyFkhd0u0bPOTOEyvoNEBqQC0=","sG1q0K8+vcjEZcFKadrRFhq7XGAdpSDBo7Q15fKrN6A=","D6FAMIt7/z5q8CzaM903Kn1i+L7UxRdxeVI7R2vZ1Js=","pieB1FMV7y5LBZXuqlvonDKJHYjohT76z5VVd2J0oL8=","2+5sDmeWCDEoxHREy3/tlb774t7YzoZYkVELrq76kco=","fvruhV1D+SE+KvLA46F4QVc/hO2dXsfgMGmv9E8+V9k=","tGC+ZdUiPVnJmdKI2RRnNecdMRoVG0J4Kgfg+1PGx8Q=","VTD7GkR/ynyKuTcJ6i6ucOxgqk0AG8yiXiH0iCeawwg=","p9RPiWENVKsh1m9IagGywP+nTgNYFjZrE1HwtGissvo=","6iNZAE/SS4E3uo4eTwaCx/D0VFEEGtQNR8V2ubhX/lw=","ExPxEOTqd8WcyB6C9RgyoGz6sdzQVR0hSxS2z/k+m20=","R9UrCGmok3VzRxTzrXSp280kkfyKRyr996av4xxaCwA=","WgHqTMi8qELU25wgqoMBcXJGDFASUEwq1a3CDatWah8=","ptAwLve6rvPglWqrpCmdXHDFYVJhAp6BNhcFsmZfNlI=","7spy+dHEYiknPpqSYes1hq06DoyzQDvmNnWLFn+aPqM="],"block_size":4096,"path":"scripts-core/feedbro.min.js"},{"block_hashes":["dC/FYlNotunIsOAOR5hKnzPZRTW3gozWVTFIYHezX3U="],"block_size":4096,"path":"scripts-core/init-background.js"},{"block_hashes":["SkMLt7hN9Gx85ZHJq49e6dvrhqcSR06SnCetUtv2HIA="],"block_size":4096,"path":"scripts-core/init-bookmarks.js"},{"block_hashes":["yZKPrW/rw106rZ5JpG8SD5Xy3A2bPpwKMMwJhF4AsCE="],"block_size":4096,"path":"scripts-core/init-mainmenu.js"},{"block_hashes":["H7EPI0k2nNhXJMAfA89Jf6nUsusbIMtHlJDJntMT4jA="],"block_size":4096,"path":"scripts-core/init-options.js"},{"block_hashes":["wCrs/4qinNIG0+UHJdgdhjz7jkE7uzyXA/R9EtA/0kc="],"block_size":4096,"path":"scripts-core/init-reader.js"},{"block_hashes":["nq4d0bssIue5WCxPHQxsIOnYtYvcCsXb29wLBfPSvXQ=","BUa5EdskELVrRHFt69ZwvJx7A4lEupKqEebOgfFX8Yw=","yOOzJVbIcprI749Hr6jTreA+siOFmUkK/rnoP7eW2gI=","UUd17ra4fzcfEP1gmUTbWKBI/8MtobD95P3RhW1NVGA=","yuC4E47xCxdnSAMKVJMqrP4sOt2Z+B1Ymt8QYBL9QKw=","zGfuvqjyy31PXQPbZrRtQhCycdshHUK0r9p0BA1QFCY="],"block_size":4096,"path":"scripts-core/intersection-observer.js"},{"block_hashes":["khvDJYwjq1eC6EQQmpC61S5WZKr1AdO11FdrIXdp5Kg=","Igjt0r8J/kMMUGo81blpOKOWuF8n1zUz7LAQpxmf3ek=","bRrFXn+2vuFIoVIwkrpQZ26/2rfcP1yD1Y5gOH5DgJ0=","YREw3vzC7BveK9Iv+kK0xpMJGWRr+mkS6wgHhsE+NZE=","I56TAiDygZLyMUzQZ6E2/rbEcRi66xDaUHdoyV1enHY=","c8mi3NSUXYlAUrfvtn7I3Kem1YMaF40l6C60e5Goe4k=","jbk+M78RwlczOr8egQBKulpEfaXpdKOnrOox4h03G3Q=","uxg+9tIfyTbulBvc34G52sKmRUYBTYOBJZftVxLlJi8=","7/aI+HPD3OhZjTKbrCftpI0gevsto9VS4ib+w0n40Vg=","Uj6yFjqNcYZw+EfrzgAXF3qtY4Ru10KwFtwxPvgN9pc=","uqrKGYY6miyfDYx+YeyOkAm5hFq//pN5BqNdzyGSnic=","AtbPKK1IxQ7p/iTaMOcGchFU1u4AmebEAC5rQRIiaXs=","D829BU9eDO86ZMDBhhEgu5w4V0ONeCy3H+7ErUyYNm8=","pX+tFWquqEGfqwHQMorIPDTMF6o2T3mzOgAgu/U0T2U=","KCDEq7loEXWDr/AcDrUwkmoPKTMihY9NRbNQp31FWps=","SoCLTxfKO7hV38ukeRtNEWQLC9vdj2TgfIbopXT198o=","KHVl2cqcgJGjAJXOqy2nmP3erYuEBjdqlGvMxjswk80=","vNNZG9bZAbaZCwu9ohyTHXk+7y0/tGk75KTWlA2w+d0=","e6Z/JIupGOnMzMUJSaVl6a3sscPqt8wqMJUuqqgthnk=","yNA/SIFIhoYMtP4ObqQS1to63vvMByJsMKNjDEcxjb0=","A873K0ARFkIz5R6C7yX1fHnj0LWTFCEfwulxJkJm9Lg=","4/up0+yC11xIbjsf3jvatmzzPelinTUwTKpwp65RzUs="],"block_size":4096,"path":"scripts-core/jquery-3.2.1.min.js"},{"block_hashes":["njTt2WqQ3qBgWP470BEiNfrkVVN4GLbcMLww8FLh4mI=","VVzdGJODWpI4Cldw8ossBNYiKRHOV3KGf4CeLGt8VTA=","YhcM3ivpR2JyM5WeL2BLByyS3W6MQ+3XpB/wN1poYX0=","mMe3flfUQTBDI0YbtVjZicK3zk1/N5gl8M9ExCxY/P4=","B989Pkid1Ifw4dGiki8YWzleUoAS3gtSUZDGPRSJ1OI=","fmXrBzriZSmuRYhCKHLEf8Yga8ICYS6BOK9F+ODZN+w=","aVz69/iKbbRXyF2uu5J44HUqGyJ2r86DuzjQh1hyZm8=","CoEbuwgibxu4nlGIZmO/jx/yq8AHgEYsd+acSZ3vd+I=","8HZvzrqraT6kbNF7FUTZNb9hMEB8oD9gofnWQJvh5HU=","kHLCQGSd7vrPs0jp+1oyuc4jA+B6Dsx/wg/9EiidFPs="],"block_size":4096,"path":"scripts-core/locale-en_US.js"},{"block_hashes":["V0/g1nRjdTZW21UvnY2R7pDoDqRIQcGXhpN/5FOIDac=","RDjCrOBRHAMDsunzprTJ/5iOK1+CC+grzkrSShVfQtQ=","/DVn0ODFeMzpPdka7o40httkaMXlA/YPwk/gP0TiYMs=","fe2eKak5pfIG+a5Qo0iWqpgaNX2yhFPPPbPPO3T+140=","ZkHduWJOhsBpBo6tYuWfX/VhYKl7ym1I5O6x6ZLQzOw=","+jQuMuONPY19NxoK16fTCyH0fNRbjvWCEiHKCoCWShI=","1CWNyf3AQbQOMYsmvV8roRRVDfZMQWcq/6Ymhwi5zB4=","Aokncc1KM2aefbJbjCGAej5Nac0R5HD3tfuq5RomB4c=","Udj0JX/qzY28WP/Ai+7kVTAWa8R9rE8Ixbhr4xdkEDE=","yHgI4f/CyJkBgf8zhHseGe9VC9MM5oJWih+xVoMKppg="],"block_size":4096,"path":"scripts-core/locale-fi_FI.js"},{"block_hashes":["/yvkjwJSKFJpT/timHHtiSCZ6ze4v4274DlUK7DtBH8=","gqi7a/isACoIxFfnIpT42tkp8/OZQkJXXdyhPvJL4Vw=","6aCSj4SEiUYAQReST1jJf/T0VviW8U1wvu6dNx1VBII=","Z8wSj99kvK8TIhZcdEkPw7hMHCKP1gOEr8HJZfVbsKY=","w789qpSnNghwYJvw61+Qv2jusWqQa0ZBEvhZA8+8pkE=","OKeEBhY4W5UIsoePdgFWSuCXon8uYceD5ZBX2vCP5bo=","2cdJ++tk83OiKa0L1AwVwNouflgql4qFL2ob+7LPHtI=","+rSsnrItdbUfusnxUwBpA4kPU4dhBV4mxFLzvft6atM=","mbcwfg7r8xUozDwrFjnmPPFKtPDWjX4LeLxzU2IyDpg=","LRSG7e2qfNeeqLYIn70W97VBXIcXgJehM4JsS8olyVo=","w5A0kjuIGZrvf61Loi7g37tzbsUS7miEWF7y0OV3QTc=","OM50Ho0/5lI0Ot5Eb8cREXL+fHuX35Gi/7wr9jgARNU=","eFwvfHg43zLajTE8+sNHHojxafZuBggg/LIpPf0A6WE=","AMAoWPtFGfddeuAxG4fOvAxGTfhYRRKIQMfRP5NPPRM=","6c3tiIyh/DA8MQjTTl28MrCXDrRKUEkN8LQu6ZybDrE=","SmbtI9f5M8knDTBucF46uRGR1tMVcGWCi1yOwmky910=","mAfyrjfCLxmT3CdSU8JFGzrC+W1iENvmZPkNpxjJ1CE="],"block_size":4096,"path":"scripts-core/tree.jquery.js"},{"block_hashes":["g99N9H6FYDQzyUkYkplYnZ5xz1KcmzeujcOXXzxD63M="],"block_size":4096,"path":"scripts-core/unibabel.js"},{"block_hashes":["JPOL04OpnbmGl0SEdP97nugRjaEYbKimkSY2PS0ZFJo=","nHSRgGwAUP7EUCBorQvcRpg97o7DOpsluq+fmnOeO3w=","Y3yndHskJSPrps3aQsirKn2J0WrK1wEowW04rqsBTd0=","ozAihgNYTDrjYVZn+XqSRpGEdvaGq3Qa5d6PppReWic=","Kd0O4ZPW41G2FhTFNo+KSP2fzbrekPJpVg6kAl1xd+M=","6C3Y3GdvM3RAhDxAFXF6shEYp3yX1xXFrdFVSc+U06k=","/x8HoimLhC6D0qq5tcukSZIfYVahChfw+RAjklWFZQA=","jq9ozUL+yetKE0MnNC5LKMit7Zn3fONZ3pH0vaW28A8=","YAK0JEqPy3AhAxNUED3tj5vb59R7fzH/cXzqps6gSmk=","/uBuaTs5ZMYz+V0zWos3Z677W07pJ/WlZBDyLttFNRw="],"block_size":4096,"path":"sound/bell.wav"},{"block_hashes":["hDCcv0dcLQNeQynR4XImpKPdDT39uQscGH2mANbR1d0=","FA5fEi4iN6th3AKm2zu+vBu5UYH0htWNPNFszVMtG7s=","A8wXpPl558hm9/DJh69IA9QNCaynYxChbrcdMmeV15Q=","DOYBbb50YrNnUthq6y42xH6W658gUfTkpYQSnXz3xrU=","pSk7FasaoFM+RvIleABNRoIBOBqOPHqskF/DM2L6oDI=","1Phjy3472fV/+w5h/iHc+hJmDQPcchtr2HSIeGfi3Fc=","wP9KuEqCwPbzVjecVIoFUrGUg5YYt4hqEGd/FbascC0=","RPBHszgLIVGTFfDatkUFPnwCy0kVSUjIdQc702+ouWw=","V13uUJciiuze94VlFfIArawSNAzT0BQycfgcCf9QgpE=","PKC5MvZ3R/WIEf4mZIOiaElvqcDexS7Le4dreGEPgEI=","YFZEBURRb4MfQUwrhfX06xFsTqmhBjqOIpj5fX5nmuk=","hzChEQlbTwmJHzRrWe9LslirlU886tK780URRdGEg8Y=","/yAEMSRm3mOR8xdXFOXGP2sKi/r47vOQBoB50PjNc8I=","kZWQx6zZGBDZXan+DAqvcm4jcec+j+fnJ1ab38vBRSw=","SzYBrSR9BS/WsPCGkksDLpbbj/VdpEPGi82I2J1OcIM=","b7MZ2hzQEIVyxJ+OBiEgsKzH0IO6b0dbY3M3TECnWyM=","zq6g/kPXKl139CT65Qtd2Nls5+CcU3Mb/3phRXG8XqU=","JtvbdHP3Xzh2pUR80TDHGYR6TI0ToViZj+HwMPtWfRw=","aqK4zSAcwxSRLnHHnzeh58D27eh0D+F7ZluT2ZRMo7k=","z6Ge62q1y2Zdh+5fGGOSml1utqj0/V0LCMyUV5FNPuo=","eryL427v0PVt3QtLZ715osuAnfPnRqmoG046xYXFmGc=","KRzf8vt/t5/DRsxaeExi94+ECZ4m5RPmapcyaiyRG6o=","2HdYt83F3SHkIs8l/aEo/Lfc+qIktApAubpwG8et9nc=","6iKk9w/1JXWAtUdn4661G4wnYh1VVWEbTypGi0xGf1E=","g4+zl2W4KgqPoVLSvfwhgXh4BI1z/VVV2jax+sTmgd4=","V3t90pMk1I/cLxmyiTSaqFLv4idL+ijeYytmjlwaHrQ=","+ugWjPWmDuAm4xAKrEu89fr5RJHQOIhkQBfSgsR3VSg=","eAt2g8lE3q1ThjRSmfGgCQxdVOCdwa8iuWJKNZcGOf0=","AQ0yn14v9w4ahiwbCI82JQTd5veqiZ8BilHM9vK6Zv4=","1i2q3MxPQcj0Li6iNAT968E3F/F2tp/0XU+Y18X60+0=","pxxAHE2tACaX2N7BhHUSSS3ILG4aCfBM+G/PulS83Cs=","zEBQwrf0fbbOeFKlJG6K9wYs68VKEGShKfHezork+tw=","/iwa/Id9k7U+DD7i7MHT3MtXhVJOnvEehFcevTGQ5R4=","Rd3CFPJyAxW1DNoJG/v2yrnYfTVUM/IamZX3bX69/n4=","/PO8lBJFT9DvrzZm/nYhExwk4QPaDU/hLgzUhQJ88uE=","hj6EwhwEhcaNFqTxeHY4gN542mFczI7n/WvYGbYchno=","FRHJSaDofj5moVPuxEml7/WxM/XUMXY1+CN3q8tZr/A=","ZRJXPqNoBs5Fo5+d/3Ho23W0aBcnSW8mDtfiMXcAIAQ=","xrmpMPoBtZA0YDoWXeCZV/Qb0Hp/j7Ta6Yilg9rGGu4=","jpTDGXJSGeXDSkWE+/pPoX72BUUAS7IDydeNq7MFbZQ=","MdOhUTs7FkN0uM84LNI2GrXP/tqeYfeBW/UywZBRoDQ=","IzawNe+ccPQ2/XZcbBJBaGoUd4dQjVZNVG9/mDa1Fy0=","LiQas2LtxKnJfN9HV0e6HS2JLZSWls7+asQt/RICJbo=","HGiTVVykOL0uvuxc674Mg1PDDo407C+n224d7d/M6g0=","YMURgKDbp9NY7ND86ZMFRScxDtqPeKOYDW2iFzLVA+8=","4ck2H6KO3BPl3RWu2HhC/EZDGqKVhyV7I0nJkZ9oqYU=","FKDxHsV5/LZX90KJpladVSE388XXduS35ivY3EtDFGg=","Cd/NwdG43hFDMS4/sBq+iSe93t6nSKCh5iMXJYuQi7A=","I+gs0uhk/3P2+EprnE/cfw16wmagPZU9gwAB1Q9G7FQ=","GJqOzHpFbCqy7TgDysQCPE+aRddcdWQP5bKzWOkHh3o=","WoTRSgkdMDrx1ttV8fTEYLO7DhrKmj7eMZvt5+GZXIc=","adQYxchsbuix8mTiKwv7wau9cRHfFHM8PWv3du6OCpI=","XQBbMfpnl4nO2JlwcGc10luYpvLjwPT0vYQ1nPzoSNY=","6IvqarqvlSfxl4ouLCTyMHoSEvqlDdd9yA0fsJfF2dc=","g96GILaign4E6rbqKY+ASHJC0/9iw4Ge9PqYwTHhd4c=","jNz/HvxpKxW3jnrIs/u7fKBjHVql6Gk5nTsGWysbmTQ=","8QA1MdG8rAfmqg0QvlUf7sX5qxGe0C0kqnjmeGuqyGc=","3/RQDHBzarE3h0BLv3GSoQvBHROwxPFn/EnnuDy+ihY="],"block_size":4096,"path":"sound/bicyclebell.wav"},{"block_hashes":["tgJq7ivhXRFumMxkWMF2qmqKqEu2CuFYVvKHYTp6jCY=","1z8x69AlIW056Xg2JAa+R4pTRGKBz06ilWlAinzLNU0=","0Nyy6+tOp7fGX/RpR8ifCJ4lKv2ZLAGBxFakRSJkKd0=","/wfxacz/1gwEVhbriduenoh2o4eRkDXu/LzhTk7VQlw=","fK7CqvNr3mpr7BiYaN17NeG+MN294h87X5xye2sCZ4g=","HjMdUGbv+pqb1fl22jTstybKa1hbl8POdhww04z8xCA=","QCZSZUOKOT6PgrFDP4NfZXA2Ca5czv7sUhESiJCrHTQ=","Vb3KjdBMtWdWYC73sAm2B1WNrFhJRC2NdqEySCni6Ts=","B0mZx5H7dKAgx/BWqBlHNL0BvmeTv+fmbgZ6cMIYcXU=","5drkMWPVPNjHW1mGF/6v6dlJ9utOIgxawGcSOVInkYo=","rZPyGy6A2LCblUuqBOYMhNo55XY4MhOZJHS019ql4AU=","GzVTjml810Gf/3prJhpNPEb7qUNoSxsW1QwxuuLLaao=","YDoTd88bLYddmjIorts24VW6bbqPDTEeYRziRvx+f78=","I8eBXfvX0G+SRKqHzkWTqc0IN3Zhi3bFCLdXxyZfHd4=","R1mPzw81yGCzLxUip1JLuFeizME7B6pVCsgqsEx/nzg=","fLXUQO12j2Wx6Oql6+q4tmGQ+LY6YRhcD3G+LuSpPCs=","+g8DnhLFihr3xmSU3sdoG0YdQRU+XZvHc9Ihc8k3AiU=","6T5PKPSB38kpNPZZLEO4A0Ib5qcOqKAjZ9vXuG66SQo=","qNXVZm7Gqzqf9boABlxefVohTMw2keYFBkVL/FYDDow=","GHhTG1jrJl8SzCzRisH+c8/JYyDHA9DdI3p7kJNaAVw=","CcAWOyfgqe2aBZUtxhjOJBhMHkW0fzOFOn+N+PQsOJg=","lPuNwUnnT8uF3JF9gvjLLKxruibTMbUkhGwLFvpu1vM=","BBfU+xQ6YGLl+x8t5pVh4TeOYVqkQw4rkyCRNEmVcLE=","yOD0ATb+2/2+Phk2UqhR2QWhoN5vemvDSerParC33DU=","/ryVaI8TIvOg+TEMhnmBtBJNhf5kjXq8+Ztoh/YOacY=","XrYKxr4vy0SKxQjpAE/vJsrvSLWaVIBcmVTLiG1tMu4=","Uk3+4MTdhewqzOvq9+dZoDTWtc29FZ/fe1Ze/30qXwY=","o3uj6t77qCmfD309X5cbQXPlUDHsxofi7o/rjG445Ag=","3P0xF+sN1a38MjlsYgdO0HXLNFAp2NLTOg3v1za2aSg=","u10cv/OvrCD/ifRD+l/Z5JGf6yY2sRBMH5GCwRl7rVY=","KvcolJJX4TBfj4ILgP2rO+nENXTYf9gVOP8PNVHtc1s=","3lHO01Ne0GlZC6LwDZSVgP6UC6XyWYcTHN6SZB5ZUNQ=","76O6FL3JqzyGoVlxEw75ac6OVWbNGms6U3RpAop3hsM=","SBB6V0wjm7RXVyJn8uckjXMeJB4L6QWrhFKGIq/hLAc=","fW1S4OM+GP22HfmSJ5UGmK/qSZyIS5tbJZJjJIHfcWo=","mb+89XioeGtGqbaRoIkwwHNo47Ot9omfBtkhkrqItz4=","LPGmXhVmyF8k4BYdQnzS9r3NQVVGmOtVTEm6fwGafjc=","LmeZJDPCN/c+BQuuWZR7k+PnziS44nO7wargcvAhewY=","L+XZEleRKDpKFbfTmYsbAUWDSejafGxR00xAznYAY+w=","XRFYu36Iuehhpn1n2Tj27+plBwIqdU2SgA6FkXjCzJw=","xqIIgVsPWhUgkN25L3FUdKCEwcLLbPlE9fhVMWY7cFw=","wCAV2K8CeR/uUzG8Kyk1uhqxCQVIqi3euqbN9lNNKg0=","545WKMwAUltO1JSrREk56+XsoGwGexNapedE2otU2UU=","dW7hEMPTYhgH7joxs+3A1r+yyOHPiD1DIEeaVp4CsBg=","RaRJZpQmJ297W8b/AWil4AK+vWCUpTbKj8YUSI4JSqQ=","vf1YzwYFlHHmHTJGPenDKGNiEPUVNe5ZYQIXanhS3t8=","M++9/Lz4UBjX4dcOa399Vy9VhzK6eG74aInKdoM1lRc=","JTgXuiwfH7HUPIHcp1tAjskZFi7PdXp4e7RQxz/IZCQ=","auiOHH27UwBThPE9DP2GG87DhjiaGQ+vxHr/9jXUzLE=","q/IMjxkmSQBpZrBj9UijDlArRvMSDJ3VfViJz+846aA=","HE/GtBULTH2R6I5WpFjQ2hs9+vkgL6hczR8lUKT/dic=","5JGnfXh5fgez0/V/dOiyqMJXY4e38irr72wxj+pQViU=","9HZu2CRytdprIwkdWOSW46NIoxh32OUFoXgHbXcys4c=","i/e9GO6CAcNyCslER1P4wwrzQ2pq42hkM1DRE/qqzE8=","lBhn0MOLrQurMSQwLF6kL+SNpVD866yIBUca7EeXYpU=","x6K4mAz2IFUjPFLvriV2o9ZaAffREvTWpK9T1oDE7LE=","fnEflcCiS6z7f/H7L3n7xhnc4EGObHZNZH41HszYOpM=","osLXrPJPFgdc09QcZeS6FKBUNbkkyHHWzElLZNSCb2A=","FA4pssF0i0wC0ajTFH21OjjiQihjeMuwPweectW1y6A=","jBtT5H/BZfQ57g+avSu+FTE2a97qaBfXfpp1jkrmhJA=","nOewNNvd3xjQ9JF72XtiY5lGSCE+WLnkSO1Z2LX5jLg=","G87GxpghaVXsniEyxMiq329sNClE3KLyLgc+vSgd1z0=","n3iQ0rwom27QYtRNOIarzF8jSa6R2eFU8N48GGK5/Ws="],"block_size":4096,"path":"sound/chime.wav"},{"block_hashes":["w4h8+HiulZfEXadaISg5EhX7Lsf34wpBbMI/cmevYeU=","ssInIGidBi/ncZf5Ed4R2xPth6guGP+23WQX0F2dan4=","qjfQgZ5Xrq+vAECgZfbviU0n80SwWQ0rrodl3nIKuWg=","+sSsmJOpAG8EZ4yvNrDX3XwplLyFrn82VXB+vEAz1oE=","7v3OB40pL50XNa63uRl7jspRRPCK9g9lrjsgeFjtJto=","yQqm9B6tznytF2mtlOn6gBoFiCtiKynlrNHnzJ9xjzo=","bfPqBq7815UQx5OmNZpkC7wFLteu0ctQ8NXTuy32g1M=","fI3qPQrBiQNV2l78WEyM3EqwJs9wO17zsiYEixNXfLk=","O0UsGICTUYow5WkgVfSEkkYItUw31+DCGQznMos1y0E=","iAydNCBGPW2NTh/uU0z7YRl5arewCZ0Ctr7S7DAZuks=","WLAXHii3CHuI+sQ8azF/KYWHz8D+Jop3ffSyYq2NfnU=","zICTBqyfgG1X9nSONircexe+T5t7IqR6g8GSITbZxhA=","Cdo9/D/WxvZGiOJFkBvOdoHaduX3XTAuKbIA/GP2d8Q=","TObfa8VqZQggYseQity4HFgjJ141Juy7jeD9DW4f+z4=","vhUFKMPluPBkSZ2JbTyJpdiuusPWEwPnSR5Np3+Iwq0=","eXv8ZtSg1j8zbxpACq4LfgDnkjq7AK5QBCfvbQjXTFc=","d8A3KK+yHtdW49aOWIfnwDCFkBL7BlKdfv2mMhGjEA8=","1ssARlMxiqesed/bRqfwi41jccEY3tq7+29FMdzEatE=","2cJAslWiDwGat3wSUVMgvCCCFl2lwkak7R7/xhc7WmQ=","znLwzcr4gOEfmo5Qynzpm8VKY1aUJNIV+q/G9ryXH0U=","gm8MZsd9DouRF3lVviIsplKceQTDyc7tHdIZGdtzZwI=","FTA38QXHgxv1jaZwoSLbrPk3cSPqsaGkD6rHIr3SBSE=","0Bg1Rfh1slk23lzC5HtPQIFdnhS0WQcST2UFZYs5q5Y="],"block_size":4096,"path":"sound/didado.wav"},{"block_hashes":["kWTLSt4hfLd5v/EHDW1++0aDxaUFIfjYtCFHylNY4sw=","4ZJiTT0PkWrLVBS1aavyYXl2RtzUmRDTacJZnfra9I0=","SNc2sPdu5SBdu6s6GLRr0uzEXwPOiZAOQd2wBX1eSmY=","N6dyhwBUSg59m+GLvLmhi8bSKagRqRZxKjBLDI2Xmn0=","QqlZJXCiy9gDpA4Up7pGtJleY4aRbdqnE5u/h/vQTIE=","VNik5KJUICwk2U6EAr2lJQdeQtb37zU7SePuUc61oNg=","BtjZcLNtdxr07ZXy/bDIwdSdxJUmRJ1Di/P3oIKAJOM=","DUPzqQTd9zqe0p9lO6V86VhI7X+XbZZTpkcnODIj9QI=","SByefrCBJ4Guo2BilnVOMEr1Vu621YwIi2rA+JDt8zk=","EPFzdIOLc6XdGXYDujqSSMTJ3axBv3dqinN1ismY3g0=","fokl1ouqbqxVQXFzlp1159j4ajQQqwKYe3ekgwy6dy0=","kKVSIyWlNauvvdOuIQUsWwmgCcPBi/M5poaeai76+cA=","pTw4+a0oiqGTXdSBqN8xBAnnUf3A+m8+uXDz3trnDLQ=","RClNBkdQak5s2aw06j4ohQreSQbllNr2WtDYfGu21bE=","07mb4vTzWXhmIfxiqMu0ePmjyWsrULwalAqL6PjNfRE=","hcZyVg6rbJwKuMpnF3SFaGZ3QiNP6ViN7HxX9kPKqXc=","R6PhMVVaSkwu9MSTpOpsId5Kxhx2mrib6BAkFjaT1Xg=","Sukp5Uk5DePPmebwvQL6iEKKrh7bQeuLNupk7oIPVQ8=","rtR+likZMQ8ypAYLlADD5wyNqrN8Ejj/qYTOFYLUDGc=","I8AMxnTohby4eQECyW/+gzCAbjHUh57QMCl/cr4LV6g=","dHuizzzm/Ld57jrO2/JxNpzglOrZ3JdDInBwmQubBM0=","yHMmWnA8iRQa0hknWCMe+0JlNLRGW8FPwNuwfM5Hzi4=","Ua4u5tCsev3/P23kIqmMHKz4FyYpwh/o2atNCmQlWok=","rvN3SMT8+CJSHU1W8+uP57jkv0lTFEgk9Qib7mg2m+A="],"block_size":4096,"path":"sound/didong.wav"},{"block_hashes":["PTc5tQzTgT/47yTPDFIi2KDC4QZ+P/n6ou2KWvQHIK8=","rX+sslhvxulmwATX0dFrAk9YBf98tHx6hdq9i0iJLKc=","USwQNX1LRV3VD0W8uY1C/L3Vu6KdPYkCiIMzGRSNEo4=","EUxky0kh2b+9EHJWbdg5J170Ozp6vjAQ+5hhqhmbAGY=","NMNsRxoWcz9L0mqcXRYHx9ZBIVJxR24Wb366oywkAZo=","MMUNlenxjL3iztj15bMygZHR3A/htdAg22jRWlWXfB4=","UhdGXwRCLDFAdnCUTWgCPGpuRNxsuqw776VrTxLgMys=","now8PiOzKyB16++x9GaNMK7tWJ0cKiGyoxHnmnvP3FY=","jkmN2kGhoRcX6xIh7FjESRIxSFTmetI2nDUaX5XmUbM=","YpafDAHX/pS6BDJVachSJviVMfDpA0RJgSEEv8/195U=","RCMudrIiMg9RXTEcx4ie8CXpQa20Hvr5+N+3ASrd3wA=","NY8etG1IQyNW+49Nst50U3RfrBAfkVAQJFI4dIohi38=","y5Ou1Ihj0CINSZ1LBSMM0nKOKty4L3f7T2iB4+tfnV8=","a5Kk8JDeR1hVzUnyciYoWEwx8r7Mxy70/UIVEwAn5Zg=","LZwZViwAOqlKMrNFS3/oKSJpGHjdc7SnNQ1lNdOrT/k=","IA9JhsYAkP+Rv+qsXUv7FcKGtqoG/KBKVi5v1Mv8vSo=","qu6xyEB/Do+ZJB8WrVqccPTuxL5lfWkHD4vkZ8qORvc=","sWtCGIvAbMD1DtnBxdb6/f4B4znEVfEBJDSMtcK4djM=","lGzpUXPzFBW58NeoB0BzSV0CoHzTS/pO5x2gVyObjQQ=","/422V8Fvn1WUWGxfGVvVcEotV++IIWuduR0JBf44mn4=","rvELYV5XBnokyok56J7eU1jXS4dIp6Z3+RPibF+9MCs=","DGfOzUvQnzPPcnAmwhrP0xDFF3VvMTwS+mTU/S4FAi4=","vdcjuukjd4JdZc9h5mMWUqe58Yly1OY5ywXEmbVNzvY=","s5ecvqU8+VdbmZlQryfbPSdYEcWF0HsAhpPcRp4e3Fo=","2aZ/tDlHYem4VK0YX/xeUz7bV9fZcYGQPp2qQ9/oggA=","QywkKX79BN8syKqH3xKYk2/BdbmiqCsuz30esZNfMJU=","u5iFEbqiUWeOjaw4KfMudFVEkZQVpHVIcjggwvXJsYg=","iWTZV3ME21PWL4wFis/vzhKbB2ZYJHDYCSGg6iTrYuo=","qOh+1eZ6VBTy3lfK9ykrfXd7/f+91go726T4HbT4JmY=","VRJMMsB/DE5LyKhA1OgUTjckLqG0JYeFZ9LgIbeoJ40=","KKorJNc0Nh90i2vTgexzHx25RVsmTMW7F7wSv8xTdyM=","GPtRRRM1iy+tL7tVP3/n+QwBBgVTnb/f8arDsH1M0Ko=","3R9An5Zcau3zZzn0Fakjt8KG1t+3ICkS5/z6nZwXlfI=","C5e0XvPSzfwHzsQIUqWGPDK5djXo4EmkHDUIEAyegE8=","mgCdLvlxxPxOYxuyGvO/o71nxP898TAENVE5CcG8Shg=","KYcul5/Ok0e+dausH49JkEhx1SmjZxf4rEc+Hy75b5U=","S5BJd8bIZ/gUwaqATwObPVie2FJsKiN2kQkWV7fUZzw=","9oHmQSdU9f9O/QvD5mR61mIohbb8Ozs+rR0gn6tp+Fo=","u0zDqYY1UqoMzfWw9hR6NVqcr+hqoZay3X/2FYWQKSA=","Hon6DQWrEtSndSg/TJPn+EsHjYTa013jeYmK+ayoaec=","Mq8I80GNk2XVuO5L/9ghnifJPFCj9uxLxRywScEEC0E=","Lb/mXSZgcwmncW2xHiOvLkK/nuRQLRahoYD08b1WKcE=","VaM/Pdlpb1KpNLcti9quTPLSf3G9FvdCJLx8FSrv4qs=","M5mMiAekf3RYwBCBBAVrxnXru5k3H07b9RLnL3je/f0=","/Gdo+aTJUCCsc/IjdgEAw6eXi+jtiqHDoF9XBojkmHw=","MWM7G1segPXTo59jxDpDLJ8AYP2pMn2BduJSskn5a6E=","dNXP+SLq6Au6p21hoyvpPGJ50Vw52gyqVdZdxJyrWZE="],"block_size":4096,"path":"sound/waterdrop.wav"},{"block_hashes":["XPKLAJJXxI0CAmLcd9ADCWAuiGRuRfikQlmxPx8XDJ0="],"block_size":4096,"path":"styles/alertify.bootstrap.css"},{"block_hashes":["PbmrohGEE9hQBAMq0QOrLoLKJGY0iMnluO971lOPpd4="],"block_size":4096,"path":"styles/alertify.core.css"},{"block_hashes":["LQothnfeFBCLS7OORosdELIZ2+V7xgmS9GPwZ4TaiB0="],"block_size":4096,"path":"styles/alertify.default.css"},{"block_hashes":["LYxnJ3NajiWzfGoU3whSOZoeGSNGTnkLzrPwKFy0SpU=","6P6g3sZzA7qf2uROdJTDQApMXdqdK11JTa9NCcwfJGM="],"block_size":4096,"path":"styles/alertify.feedbro.css"},{"block_hashes":["kKD3tR+SK5zu/HznD1IBFQhI6vPfQyXm5Yhn0wx7BPk=","ZsotQQhl7XthU3lOj1pRQ2PrVb6X0VRGjYLGZy4dNoU="],"block_size":4096,"path":"styles/buttons.css"},{"block_hashes":["aEsz3DtNIJ7Ed1A1Te28gQToI/xSlFj3j5Lo+9JDX5o="],"block_size":4096,"path":"styles/custom.css"},{"block_hashes":["tDwIvtJz6peyVVHRXZpvvQk5J0Fyx6S3gQQsxiWRq0o="],"block_size":4096,"path":"styles/jqtree-circle.png"},{"block_hashes":["WuQHz6aEY+aoYRSV9Sw4znCEfGmyTUXOqV47/aJu2AI="],"block_size":4096,"path":"styles/jqtree.css"},{"block_hashes":["ZGNtd3iBaKZHbWoHaRBlVUAIO26K95neKQmL/e725+0=","VP3lF/qpnVnNnElszCzi01ihcBsaa9ql6h+ZrnUTODE=","q6hFJgRRDE2SEcuzy55jGkKed9niukk28JM/78tP0js=","9KaCXg2E5O/jTM7wpGz7BP4dGW5C8pYhDoGKjt25AWc=","T+b6ThvJnA7nfW/EDzvVIW9gZyPS5uGHO5Rrl18grPg=","uDcxXQSYfYJpL7hS0wdSwucqCACGDvPRqTsCGyAMrAE="],"block_size":4096,"path":"styles/layout.css"},{"block_hashes":["vkxzfZRMqG9u4Ti30MGSeILjreVTsqrWpt1IX71BWqM="],"block_size":4096,"path":"styles/liveclick.css"},{"block_hashes":["BLneRI2WNEJs6JkcF0Y1e5MNbgzc0L9DdBtqL6W5hb0=","c60LG2cyA3M3mmBNICppRe9eeyTI86aQQfAsOuQyBF4=","U9K4IS/U9S2UfWWCmf3SPWQu9aVEljXlR7UaJFIQvWU="],"block_size":4096,"path":"styles/mainmenu.css"},{"block_hashes":["5b9wtFxAwrNG88UJRnKRcI5p98NG8hjnXykq29EdiKc="],"block_size":4096,"path":"styles/options.css"},{"block_hashes":["9PVH6EyFpGr7yY+F4fhUuf1edNAdCEEPXrpgUJuJvzw=","4Nda0hA+UYBhHRqg1pL5uD9nmd7XSuhpRADSZS6v5Jk=","jr9O6NdH93iTQrLm+MNGN/5q4yqj15jQ9MRAZSlr6Ng=","7nCEFQ4DGhNDP+aVvJT/qFXpENbkvDrC3SeqlKXMY+A=","uW1OoNaLWreiJaeBRboDPl8MHCj4ZPD3PngLxPjMnsQ=","iQAdd53ePDmxzGNvQ0hpPQqTE2gI37VdsPObDr+/dKU=","AYYQHGTMRvGcIPQRI+SPMhifgYtS4toEDOKbb/CBgh0="],"block_size":4096,"path":"styles/reader.css"},{"block_hashes":["pOz4Pyj+17h+O0GoRI/sXrzjmQv6vbR6Je1yOaBPqm4="],"block_size":4096,"path":"styles/tagselect.css"},{"block_hashes":["HiKKa997YUqX6U64VBkjF1+9zQk+A34upkvEHWSImxQ="],"block_size":4096,"path":"styles/theme-aqua.css"},{"block_hashes":["wmmk+oJlJ8kxJDdTDNO2gcKijqp0g7BMkuuc3zboZFQ="],"block_size":4096,"path":"styles/theme-chill.css"},{"block_hashes":["ngwzYjhP/bNHVKyL9TiyTHC3r4B84ilfjoNRTohXNIE=","eAV5ZKXw2PNzwcedVXy0rcu2lHG9JB1B+XldKD64Xk0="],"block_size":4096,"path":"styles/theme-dark.css"},{"block_hashes":["Z8IN/oD77QHDAgeZgALSUu8lVrFhjiyU1UX3BwpmtVU="],"block_size":4096,"path":"styles/theme-light.css"},{"block_hashes":["+h2+vxZtNAHT1XGClGbCWHRVj3s2mPZ4AsPLKAyMdJg=","JGd68exnSma5gGP8AoTTGKSzAfperRnXJvB9a38Pmjg="],"block_size":4096,"path":"styles/theme-sepia.css"}],"version":2}