{"file_hashes":[{"block_hashes":["sU8zheqfk2F3F8j5iz8SaWdNEAdl/N1Uc9N9S9ub5HM=","soepKIHLytU55uKfUdYC+gXCO4L34oe6pN/FVd+4yL4=","8iOZeL2QoXabVrM3wLfUZLgkIJtR6FNdfJgaMm1Ngx8="],"block_size":4096,"path":"about.html"},{"block_hashes":["ryH6h1rmwGABWBkKoHQHL0d0nEOj8amkrKl9POQesI0="],"block_size":4096,"path":"annotations.html"},{"block_hashes":["f/YnURvbCBdh6fHl5dweDseJTzy1MpyLfnV0/BH5pfg="],"block_size":4096,"path":"cited-books.html"},{"block_hashes":["oks7/XIom54JZMmM5FTbcsQANP67l1jBHERedoJQzqg="],"block_size":4096,"path":"cited-papers.html"},{"block_hashes":["tEw6mUuqzrCjEbY9XlczeYeZeFUr3uRjgZ7/rXxligQ="],"block_size":4096,"path":"css/about.css"},{"block_hashes":["hvar4qmqog7DPsI4EbK2sSJEVWmFK+tq6L9h4dtCiKU="],"block_size":4096,"path":"css/archive.css"},{"block_hashes":["zjP9VABN/cXMzlpTP1Uc10h8Ia2uZnG8XrHNnEWXW8A=","AyAWdEzxudx/duskES3+RV5A2wcUXu91rbkw8SkPUo8=","KjSk4KtumhtJ+RmAmLDl2T32yTClcMGhyRGDLTVrLwg=","70Qe4PUZJ5FDZMQS/yeK4MMUmrWkBClndMY2IQuKGJw=","JVU/9g518XbzK6Sbkpv1BW1b4QoeuPV9qfbShpu5okA=","kV9KXgcNvX4XVp7izlIWXvfGe8vjU7rGWyywTmyARrw=","Is4XQFVcS30wCTFcjz/ooht7xqLCpM+mSTowc+eaxO8=","RAPJIsLXMGatD5JMFT8vjPuJSX2ayt9wOH+lxUC/NIk=","FtXBq43AHhAlX/hQKfZzyulgLEgtrP+sAQ2PV2eyLJQ=","2L/ATS3Y0Gq4ARIwwFXWhGewB+aw05pvlzhNOnbpDTE=","pUqeGAYFfEja7DKAlDCtsS71+tDLK/wQt3yil9bAqnw=","sfQrPiRsNV+H2cgH089rbWjwVZGm2qIek3IOL20/UTk=","yAKQK+2bZge77aCIULsWyF40zvVU1rzVIlxr3WxPDSM=","tCPfG2Jr4/unaqI55oBAwbFoBiNzi2/LbbXDND/1Pdc=","3h6HQqWSBJF5mifI1wYT1tl0fTCuQJqjfj2KYiBADFc=","0e18daSKZDPwltI0iVav2KQOt1ZCQrt6RvpVKWNX49I=","bSq94mLasg7BmUk9mp92xRe/2W0XrKDzv9A4mn4WGVs=","MImBd4ytACV3KjqNsS/BzjZCn6w/UtFKiy8+8sQ1XGQ=","Yzzoq0RyB6WEPVD9nSoEn+rNLj4rd9117sqBf+Xb7pk=","XqgCW4FwDq1CkPkb2g23zhg/RkUxU72iMJFqtFK7dnU=","LPRfy9dIVZ+XQQ4rraGLuuFLaNerJdvFjP29lGkwu18=","ggwNijfR7Hi60LwsImFKaSFxGtlwzSkXH9mvzm+wo50=","cbtwPUayUtQJ0w/FmmkHHM3+LPYSUrAaJiKoDvh1Jkk=","Et0YqaBNVJ2nBg5eG+1+bCFONCzR/Xh32OFa56T6ioM=","FdqklwmCMZUUaYbfORMn6Dz5RrKwv1OXQM9wNgp61O0=","P7VCUQlWHhxcXqT+d/wUS41gC7LSMHwXg/Bv6ZIpGNY=","BLwzv51nH3hadjoZkTjbL4z/pmGGqsLF7H+Jw9gWCNI=","OasgUkuACnmbA2fo62rnlMU1eTmbak4WM2TAOcP4thU=","bGHaQjLsLFmUl2guZ5NdLqjBTR+8I5PIutzvxKG+2dQ=","2YfE8bpzQgCpblPDQ5TN5lze01tvSrIhw2PnHAogN4s=","Oa7W0E4Earj+LKKjlVJ+ezYZfjrMSmL6NJ4EazZLG68=","n0JsuYqlHtEtODUuW3dbmK0d+xO7uMyXxblgyMlsndg=","BQa6UqWENXSMev0SW1SYFR8MzJzlPyh91j6V6xST15o=","WXz8dRTSwsDCaONJhBOL3S3cXRu3m3FPtf+HCV1jxh0=","JWhWyoh7GZBs4ztSI54IwTkHSJKTgtZW+alOOJZSznU=","Tnen9hdc0V4AJopibuVtkjMA7EmAHAvAZWisYSAx1jM="],"block_size":4096,"path":"css/bootstrap.css"},{"block_hashes":["OGeRVGBkkkGXRtwjsGjLR1Ja2tH7AjOyfpQUwuNaqe8="],"block_size":4096,"path":"css/cited-books.css"},{"block_hashes":["c9sUxUTE1E39npah5v9ILek1EcVpTmNPQbqMW4ssW2c="],"block_size":4096,"path":"css/cited-papers.css"},{"block_hashes":["Ar6m4Xjy9MvKlq2vOQL7rpB9q34Bi14iOgJjFCBSP0E=","eBTg4NH+XZXGHIYD/HU7A2wPrGKfnehFkgotJpi8HFY="],"block_size":4096,"path":"css/common.css"},{"block_hashes":["T+z6Hv3v/GBOAmDOACiDr0qaAmHdfXpOQPg4riAFilg=","GfmCKxAKz1lIha6tPF2AR7E4JtzeBZjKUjL1EQTvMN4="],"block_size":4096,"path":"css/context.css"},{"block_hashes":["WPPyO7HTv5lI7Cq8n3h6ZIrkSufMfm1dW3OOE574kPk="],"block_size":4096,"path":"css/exclude-list.css"},{"block_hashes":["Q2R8XjvfK8MXf/UnfauOpqJJt7u+FGgc3gHKS2qibck=","etyR9PYiJdcejY/Ryc0NUPM4moxBF6UxBA5N20J4H8k=","JjPK0ufbJPMqlIWMEc3/Oj89YNuGLESbfeB8Ug+5EaU="],"block_size":4096,"path":"css/index.css"},{"block_hashes":["8IiwgG0oohToYGn7yuaKNMbA4wFPYoCiY4DzsjQEf4k="],"block_size":4096,"path":"css/resource-list.css"},{"block_hashes":["YXYGPjSehxT2BzrUwV5xnejRdEDGMK6pIo1S5A/v3j8="],"block_size":4096,"path":"css/settings.css"},{"block_hashes":["8Fx6m1gDeIcwGo0sM7pB2SfuWv4C5IwlV3BBues15TY="],"block_size":4096,"path":"css/tvnews.css"},{"block_hashes":["RhnV+IqSBis/lPcswzGhgAvaSi1TR9zcktxmqTguKOY="],"block_size":4096,"path":"css/welcome.css"},{"block_hashes":["ZhGnjgPO2yCg3y83yIA100zxg7ALxn+YPCB01RaMTsg="],"block_size":4096,"path":"css/wikipedia.css"},{"block_hashes":["nXo6aXCTapi8E9H+f4g46I2F8DJvDF+G45e2AwasI1c="],"block_size":4096,"path":"exclude-list.html"},{"block_hashes":["HzhfY4oNXpMQZz1T7z07E3tZEoysTN1Ce1DkOEcNX7Y=","t0DWtmOqpgXJBN+QowdORAVcwmyXwDcmOn35TSHPvPE=","pzOaPDs8zq6Hz88nkvOXXOuhIqfciSa8HlRfDYi0RyA=","pbOwU8zSRzr+NQxVxlagykveVPnFHdOZxQlaazuffao=","LzlHtXTUPuTOGWTtL79bq7lYZoCrOaSsHDPGCYsA6s8=","shDxDGoH81oINEzwxmEP4NLC4zQsqrnrs63zZjDRS5g=","fCQd+iun/OYEITsfZ/DuINr9hPExtk1mfTUo26G6K7M=","4/4N+w7vrGXxG87TM4wxvK3uy7oEbQWFUNGEpG4suHw=","+dYn2E0dkTvyEYQFb91l7Xk0vKxr9YGb0agqdNuSBnE=","bUg41Qub549rhd5j3e7kSKlxaDdM2IHsg96c2AxilsY=","iahLcJknhVcQWmgCpXvp06gBTfzUxQC18s5wPFeswdQ=","mtZ5ayvjbEijR2lvYO3R/7gcrKGEDEc3+49N6R9S47U=","Vq2ZvC9BV5XEJuBIr/fObmBp5hF5WD8i1KEkyVn/JLI=","m7W6uRl9Y8KMDiq6bx2+I1B1zWQnAgAsjuFwMF1PbeE=","O1zIRoISfjWKdGtXZArLKSqECW7vGdT7CFflLnD+T7g=","zuMLiC6x4GizfuWLdVvqEvLs/IvaucPMOVT4pHrAvJA="],"block_size":4096,"path":"fonts/BebasNeue.otf"},{"block_hashes":["6BXeK95PrlwwzZ0Xy3irKsc7DfMyucvLPvBLB1eyXoE=","n/jIfyfDwQJnX1len9oCCf+thbmHz4iXcPLgUC9Zd1w=","73ZMo0i4uJ7vJ8w16JxFWaYtZITZ22/xpRyiNhcMYbY=","eRNU0XR9xd3JSoarRcdPxHS+ntOLAV4RVfdAekQwMU4=","cvdD8xp62GqP++KR2flp3ZcjeUMUUbV/RuIJhWHc798=","EJby+bs2THqpxsP0n/Ze2aWRLPlCmpF01pRgdkN4Hks=","yl24ADTsi0WCP728bxYjzyfz80hVcvCNSoSSoU8h6EA=","Xy0rxDzMgZSdTH4V3Wpa0M1pE28rig61vZ9fo7C+SvE=","lmdE4YeGxz/IpHpHf9vlYSW6Hl5yeM5OPRRuBsT6ocw=","5I2u1EW55DV++LfXljMKq6IcdivNS2vSFbuSRskNG8c=","XptKUmqyRiNOSvFTf8LfxB3GNOS/2Hmh5/n4tgoe9mU="],"block_size":4096,"path":"fonts/GillSans-Light.ttf"},{"block_hashes":["zQqgax7s4YYE6oFJm2QkD5NiBX2AArwZdvmGImyGL0U=","x7yoXVagEHoaoj1TvwG+mXDLGdy2rlbkfefz+MuoPIk=","4m+KcqHyEqhZfhHRYdjvcMaLiWmq8kG57dnXFBM8yA0=","KFWQQrTm6nQDPIym/tMw9LHjVPqow07H12dX5G14Ib0=","nTC4avYu3XPKfdxZbZiYtW2+LD2L5LgJDu6ZYlpFIyA="],"block_size":4096,"path":"fonts/glyphicons-halflings-regular.eot"},{"block_hashes":["UQj8MednkP0CqG93+1hlZyJQIciadgSIQlkzFPuqO9g=","3sCb/Ral8Y5shh+upo3ZR7gr1mI0msBjOtDvOfWSP+I=","ejnIlqNn6/Fakv8AQUVxAkrgSsRImTiQFmAxopjNdFA=","+L5zRUb1EB71EhgV9Fxo7ajdmKMcnq0SyZpyT7wIpa0=","IO8iChrU81ZJhPRC6q7d3V8L9CPoB1txCv0XP7JVAxA=","CkfllfXJ/oRgYeBZaWZ5d96ndjSzl8uktfNuiv1gTu4=","29HrB/SGUYYSTJfZRctxQgeEQKIY5UF1eMTNg84xLEE=","Jg3FaCS6EeWIDET69KrSbR1aejV8kl0tE3UqO4R26eY=","x8uslvxbe193tQlYrst8RFjBUqIqo4lWWnW9/zH5CDw=","c2hlBrl5UT79AV+ypuEeUmx8Y8awJLYlL4IKv2zvYbo=","6JyPFL+/Cyoa5sGRXhW1wsrYQJLnoo1S8zgxfOF2Pdc=","qRF25AvxvZp1VJbl5MM/5EG52WJw/1IQ7moAS3vhzVo="],"block_size":4096,"path":"fonts/glyphicons-halflings-regular.ttf"},{"block_hashes":["tZ4ReWw8lCN2x7lofUv3C6dqWH6iSH/i11YX7TMQ5jk=","3nCWhpueUFCeWduPaAaHIbx+gr8PorpnNeF0WBj+zIk=","AqugiJ1m1SQmGNLvZbpRZIHbL9z5p7VhEK7UC4s7ZZU=","sb08tG9DMsNqVy3eOd2ib2hsodvpCoUv0r4as5suLtI=","2+NvT+M34sDgWPMgxomx5GN1VcQgWyNlBwfFDex9LcA=","XS/N5mwnDp03UryRNjDEs1sjZjMxjPZAvaoJ64oemLA="],"block_size":4096,"path":"fonts/glyphicons-halflings-regular.woff"},{"block_hashes":["x8H3vJO6KKS4+GI97KSNjgGFZClwivRQxhVB7hJ7mhk=","cjmKtvlezysLIrcpUjE1/eezGj3QOxsKL94t5eAMPWg=","okvqaADJ1XLyLubudIo4/jmMtmadT6ss2+qdKKQwdzA=","Grvfrctd0d2maQtDOhpGdNTeLMbSu/bbhsuJ/7Z6eGc=","tK+KazDXXmTkYt0j95d1yTYiDsPJH0dZrBuXp8R9XMc="],"block_size":4096,"path":"fonts/glyphicons-halflings-regular.woff2"},{"block_hashes":["fgAMsyBH2kfWmP8M0cHX5hfhQBkBmOIr6islh6vBSCk=","ZeecSYX+rBaKJB6Wa0zpn521+ZtaR031fWVzxTXPLdI=","+G3Fk8m1yIv2/4NJPunGFvNgP2NdAdXaKx51P8+Pn+U="],"block_size":4096,"path":"images/about/app-store-badge.svg"},{"block_hashes":["jeINYLzjGqCYkuFwa6MeDjs5dYCyZULfQiuZ56Jqgso=","4Zt6NNLlYKiVV+i7I4vfMHEiqrAgxYgkGmtV8r7S51o="],"block_size":4096,"path":"images/about/chrome64.png"},{"block_hashes":["7c4/Dtu8x7faNgZ/tMOnVRjJx7uql3coBPCWd7bqCq8=","KreU7z+Q2h2uTQNLhXbwr6bJYuQN7ZgRzlKgMY6j7tM="],"block_size":4096,"path":"images/about/edge64.png"},{"block_hashes":["YG+M2OsiAW5GQvge5vSUsCtvPtD5Zlyd+vMR3atUXN8=","vZrDRWqdDhWzsz8OiMggKja/J7nYWDdQ6MgH/u7iqXM="],"block_size":4096,"path":"images/about/firefox64.png"},{"block_hashes":["U860pIPETB8XS0t6rgmybtnZ/2JqGzSqiwYQ/sM4ckY=","KDEIjr+aA1vVcjXiqfYqpnE6gGfFM9DdvwrA/D+Ah2k=","6NZWr0ZtvMTouoR1+jfHFgpgT8dgyOwjCDxkBv18Gao=","SbpHA3tAaBpqJEUshM+hrOJpCi64TDg6c99pmHpKXuc=","gG2b41tM1cpldX5EUJPU6EwtkQ3SLIXrMyd+Gl5PzWQ="],"block_size":4096,"path":"images/about/google-play-badge.png"},{"block_hashes":["d02CI93Wz7doOPrfSmyGyRiAvcQuiNVXyJ/zJpy2EH0=","QEo9SyzUY1B+brBOePdTVC85Zi4PwMKGyS1qWOISIqE="],"block_size":4096,"path":"images/about/safari64.png"},{"block_hashes":["0OkNaRywd5Wnk6KPn0E+anCJ3Fl/gqTRzwnEMuLGzx0="],"block_size":4096,"path":"images/app-icon/app-icon32.png"},{"block_hashes":["IeexzR351qW9Q88/k/in8WdkKswuonsUNUSmnCyx8Yk="],"block_size":4096,"path":"images/app-icon/app-icon48.png"},{"block_hashes":["8OChvZLvgGHqVbhz4AErN3BoRqfC+o3mFsIDGt1rq8o="],"block_size":4096,"path":"images/close.svg"},{"block_hashes":["ZZX+KztATOmwygI5ZijvdI+BKAIS8JnzJbCN+FCmn6w="],"block_size":4096,"path":"images/fa/calendar-alt-regular.svg"},{"block_hashes":["ob9oSVMoCsqyoc1ixnz5KpS0oYk2nBNlf8WsHjJ/Oug="],"block_size":4096,"path":"images/fa/cog-solid.svg"},{"block_hashes":["1P9utdX9iXxPO7SF6PfquU2TUWRIXEfA+YvEfRnNVDQ="],"block_size":4096,"path":"images/fa/facebook-f-brands.svg"},{"block_hashes":["F6zZOJoIQss6yuSxtYsW2vJYL3Vih9/3pH/a+jDzvsg="],"block_size":4096,"path":"images/fa/globe-americas-solid.svg"},{"block_hashes":["1Hrn5gGV73kPY1EHFrcsfA9/KrrI1us3CNqwKCfn/b4="],"block_size":4096,"path":"images/fa/globe-solid.svg"},{"block_hashes":["JmJmXR+QtkEkmM6Ahxswo3lYP8yp++sVMKMHFw8lk+I="],"block_size":4096,"path":"images/fa/info-circle-solid.svg"},{"block_hashes":["U1jSYyRYBThxBx1wbRUegJ3/Ow8Qx7cxVgx/PZ7WGSo="],"block_size":4096,"path":"images/fa/link-solid.svg"},{"block_hashes":["+CVDBRBOFVZm0cX21jfq+zgIzH8Eb1Tm8OGSXOWhCNY="],"block_size":4096,"path":"images/fa/linkedin-in-brands.svg"},{"block_hashes":["9Y9Qy8+AmRvi8OUzZ0e4rfHfAgmSv4c57CbSQVfqv5c="],"block_size":4096,"path":"images/fa/sign-in-alt-solid.svg"},{"block_hashes":["UpnLwbgdhoQkh2PA2dX5Z455ew+QITitlE0gKVscenk="],"block_size":4096,"path":"images/fa/sign-out-alt-solid.svg"},{"block_hashes":["s3D/wdNg8iSUrD7aVmgr8s1XHht+a7tHt0i71ThVfLQ="],"block_size":4096,"path":"images/fa/twitter-brands.svg"},{"block_hashes":["DUIK+6TJHoEp2jz/YLIV7zUkVM/ZxwjyQWYnxBK509s=","EaJIT3GtLhdhg3tvJOYn2P5dzS5C8vr5AokL0ONmLHw=","sZ2L1G/3/cleL14J4US8rGlHj16NufwMNPSIjVnTHrg=","D67Vs5rnX2UVs/mVKloFe104qDdbYSpKnsvvmEOTBeo=","/cQP0QfV0v8engQgw96aXcauED4PXSEW4W9S6bvL1wE=","KyVrij5QPBLRcH4ES964CFj70Qjnp5tEHvOmfoxsP1w=","8f2TqS2fzr1gMc9BZg9Vw3JBiPHL5OD5q18F7m3JTow=","zo1YtWhNsKfH252COTV+Oo4tPmMD96L9hsMi7OQH0vw=","fi5ZEmMqb2V5Qoaf24KlM3HQ/zqZla+VBjZgQ2mxKW0=","QM2Aa69qUqql07oWX9DMbQfjfcuq8hGnm33gqQtCmzg=","G0c5Dkpv4bg0FSJOyi5ME2wzkxlilFBr6PAi3YOvfq8=","9a+NSOts/TGc3gOqJ7QPe9brvs/WaSIY5XRuW97SLyw=","Li2Wv6bY1qzBMWp1xdFfwVV3c5tfGa/UL8ZdIlfdFI8=","cWMV4XRYcbngrUYyt4TZFVW95aNZbwq/TH9OrW6rghI=","N7+GuiEpFGIxP251yQ7F1ktL9AAw2FK5fytwYuXrEjg=","wf1EEOHe+LdZ9bji09Iy//Vm2S/i0nYVxaacyowVSzU=","7xeSE89C6U+5W0sG/HeQZgIXDyVHhACxTumhnXAVE08=","I+IAGMaeqIebb7wNmSy0RFPaxXZHgwYkJfIEIuxBB4k=","4OzGv6KDnHXtmeWmyUML2ktNgtfjC4OsBS2Nu6nQ3s0=","rSKPol330BImFqKWPMfOaJgc0C7tmOE3+zmVseTXBsw=","tDVjIBbSVzLhvpAxWvj+o4w7lfVYPWoq6p/dEk8DGtI=","FPyIC609pdpgigaTauAOeKLZCCxrb8h6y2fqVw1cJ7o=","9+gYNgInDhMyGt80U7vGLoEfsH3oj7sltR8ZCVYo8rA=","QnfWd0GlbASOFt2Kihp990OjxjkT3tdJ5D5C8exUS68=","ag1P5rQCyxd/ZaHxTOU496h7VV4WfNDnzreGElkfmVg=","ZOh5vratCC7AkAR+YvKNcxrvGGzTxLCde/LIJLbHzxs=","WlIwEEGsSgfslJRC+VGcwQ+q42sWiDK9iBQh/a1K2BU="],"block_size":4096,"path":"images/glyphicons-halflings-regular.svg"},{"block_hashes":["be+jwxsn+Nq6aJQoxC/+uhfzUxJDBCjh60NTmDs2x2U=","vqPitp7ojUlNLBhcomD3159fg0HrIPidu1xPtI6KIWU="],"block_size":4096,"path":"images/hypothesis-logo.png"},{"block_hashes":["tmsKdAN629pKFwAGwq/AU6v8qd89izbFJt40vhikvTg=","u0Sysyr0xO325q4wFMfv1KqfXgmL4RKVuihhtJaCVMg="],"block_size":4096,"path":"images/tabbar/donate-icon.svg"},{"block_hashes":["+X2424v7jppnn4nY09gkKMm4IiPf3cP/IeUXr4nkg8Q="],"block_size":4096,"path":"images/tabbar/feedback-icon.svg"},{"block_hashes":["OgBDo8pEL4JmmGpFPNTYOFv2/sssZk5VDvr7PkQawp0="],"block_size":4096,"path":"images/toolbar/dev-icon-archive16.png"},{"block_hashes":["2us1+9LPqfRBnzfygcN8Y95QYQUoZF95EUO3QfTiUTI="],"block_size":4096,"path":"images/toolbar/dev-icon-archive24.png"},{"block_hashes":["axRrrDXFq3pPIo8mzqo4ZpFGLJkixNbguuq6HutFcVE="],"block_size":4096,"path":"images/toolbar/dev-icon-archive32.png"},{"block_hashes":["kwfgvl1hUCyRcDs01YQP8xEL5rxKLiOZSBwVVabhGpk="],"block_size":4096,"path":"images/toolbar/dev-icon-archive64.png"},{"block_hashes":["u2y5pnXncx+ep6mSBvL27/ejDo6CilTy7J+NyxlE2gM="],"block_size":4096,"path":"images/toolbar/dev-icon-check16.png"},{"block_hashes":["P7Idr3O1SBU/cBQE1KkKPhG3sitaWlyk0JkvnPSV4Qg="],"block_size":4096,"path":"images/toolbar/dev-icon-check24.png"},{"block_hashes":["fIzMcD8BFWP7Ak+jQ0FSlp3yiPqc8+W6tbXwGfyflWo="],"block_size":4096,"path":"images/toolbar/dev-icon-check32.png"},{"block_hashes":["BHMtmzX/rYYA9EnWFUu9XlCXCX6eCOz18TYPb4C+7tM="],"block_size":4096,"path":"images/toolbar/dev-icon-check64.png"},{"block_hashes":["lsd4VtRTa6OtQoSJYNkXZBocgsIaqVAixsY7vt9X3QU="],"block_size":4096,"path":"images/toolbar/dev-icon-Fa16.png"},{"block_hashes":["vy255OSxc1ErBS8JjR9qEaW7yPIuafnnNX0TMH+LO3s="],"block_size":4096,"path":"images/toolbar/dev-icon-Fa24.png"},{"block_hashes":["9fpGt9DVG3Xu4yvF7N7m+zZs0eCYkvc97M8SXYHnLsg="],"block_size":4096,"path":"images/toolbar/dev-icon-Fa32.png"},{"block_hashes":["7qZ82A64dY77qEtXyTCZT3ZcTVw5C/iFWrFWAZv6qxU="],"block_size":4096,"path":"images/toolbar/dev-icon-Fa64.png"},{"block_hashes":["OXHxNaAP6yJ8YksxZPCI/+jzX33u+eb6xAC6p0yz9ek="],"block_size":4096,"path":"images/toolbar/dev-icon-Fb16.png"},{"block_hashes":["NUjj0AvNWYbAKYSABYA7Cqk/0Iq399pBZww4wo7WqYw="],"block_size":4096,"path":"images/toolbar/dev-icon-Fb24.png"},{"block_hashes":["aRPGoF70vZWNHAWB6MQK9dyREtnViurWEKzcPIwMPyA="],"block_size":4096,"path":"images/toolbar/dev-icon-Fb32.png"},{"block_hashes":["OfInJb2CEzOBHWAxTtXcvr8eaS0k2oMHldyd9WnEu1w="],"block_size":4096,"path":"images/toolbar/dev-icon-Fb64.png"},{"block_hashes":["ZldncUyVd13E/sh0DOevBA3UfSStUar97To0QzDCEGc="],"block_size":4096,"path":"images/toolbar/dev-icon-Ra16.png"},{"block_hashes":["CFKv88kk4toOkv1oBfS8YUM5Z2YoZ9ZPCX1Oy5HHKok="],"block_size":4096,"path":"images/toolbar/dev-icon-Ra24.png"},{"block_hashes":["ZySfoNuhDz0pZqPYPEAen23ZWdovqP2CT4yrNGEUW3s="],"block_size":4096,"path":"images/toolbar/dev-icon-Ra32.png"},{"block_hashes":["sfZmnEMGIORJ/eJhYsO+7bQYIQLUKD8i3q3PC7eVxyU="],"block_size":4096,"path":"images/toolbar/dev-icon-Ra64.png"},{"block_hashes":["WLHIj58gyLkIM7v2CELrCB1rUr+vZI2+ewK7L2StgHI="],"block_size":4096,"path":"images/toolbar/dev-icon-Rb16.png"},{"block_hashes":["gRhU5woDn5BKZUigdL9Y7tI69Yhj/77xADnGzBtSJ0I="],"block_size":4096,"path":"images/toolbar/dev-icon-Rb24.png"},{"block_hashes":["KMC0M82BOIwJNx947cxNYZW0HP/qDx+R24x4RVIbAUE="],"block_size":4096,"path":"images/toolbar/dev-icon-Rb32.png"},{"block_hashes":["j7u6Jt9H8q42zLGx9gRz/hY5Zsd/ijwSmXOqwdWIXm0="],"block_size":4096,"path":"images/toolbar/dev-icon-Rb64.png"},{"block_hashes":["fTeHkVPRihjt44EJX1D0oRCoDsYRRQST78CiJaYkkxE="],"block_size":4096,"path":"images/toolbar/dev-icon-S16.png"},{"block_hashes":["bhQiGLbQ5rM7+fH9cDZmbu0LMYMGsu454OoEbfPBsSo="],"block_size":4096,"path":"images/toolbar/dev-icon-S24.png"},{"block_hashes":["pWnHCa3L0lKSkmJOAObqV8UDbR/y7Ayl0K7FCyPwRCY="],"block_size":4096,"path":"images/toolbar/dev-icon-S32.png"},{"block_hashes":["NpIQRdJ0lIc6avkgaAkLLypB7lH4HMKuMhVFBWJbnxI="],"block_size":4096,"path":"images/toolbar/dev-icon-S64.png"},{"block_hashes":["ad0CIkCRt7QBDs5pABQtfHN6WIbU6zw8osfln+DuzI8="],"block_size":4096,"path":"images/toolbar/dev-icon-Va16.png"},{"block_hashes":["NtLP+PLk64GeZJ39vFHjtnqsU86cehl6QGEz7/a3GDs="],"block_size":4096,"path":"images/toolbar/dev-icon-Va24.png"},{"block_hashes":["CafhOGc4A+lsT50d5ExSSrXkBTh+348eRTmTwRR6EEc="],"block_size":4096,"path":"images/toolbar/dev-icon-Va32.png"},{"block_hashes":["Ru6HQrRfNZJOPAbNi33ScBtJ9lWqpga8FNDAIHpDxZQ="],"block_size":4096,"path":"images/toolbar/dev-icon-Va64.png"},{"block_hashes":["uxrFtDdLG8YW6GWzXAr9ncJXd+YeD0zKLjgTjSh2APM="],"block_size":4096,"path":"images/toolbar/dev-icon-Vb16.png"},{"block_hashes":["Ob/EohjOgAJMZRzWeUbEH8paMGwpxrNh9dvj81KoPTs="],"block_size":4096,"path":"images/toolbar/dev-icon-Vb24.png"},{"block_hashes":["wnOYLEovHml0F1UwCqbdH0beHzdKrWppbib0c+uc1ns="],"block_size":4096,"path":"images/toolbar/dev-icon-Vb32.png"},{"block_hashes":["Hj/C2CCg2clZQJX5YHiCJFJZAaeo5ouXtSmQLZSPCMY="],"block_size":4096,"path":"images/toolbar/dev-icon-Vb64.png"},{"block_hashes":["NZ96YtN0oTyo2YtNnfhWRRA1K4aK3VIgrRKY3YtrBRQ="],"block_size":4096,"path":"images/toolbar/toolbar-icon-check16.png"},{"block_hashes":["LRJfWgnQip5SAsAQZy2uZDyYCfnISSpXJOw9F9V1EAM="],"block_size":4096,"path":"images/toolbar/toolbar-icon-check24.png"},{"block_hashes":["oEKHnV/t9JgqHr4K0QgWBu3uhvuvfBmY1iRvDh8KUEc="],"block_size":4096,"path":"images/toolbar/toolbar-icon-check32.png"},{"block_hashes":["LSRzxzRN7bva585DwmlEUO3lKdTfuPq+rK+oEa9UH8s="],"block_size":4096,"path":"images/toolbar/toolbar-icon-check64.png"},{"block_hashes":["DJXB2ZHaVezrvkbgPEKWgEOb937zTt6na1JjHLravJQ="],"block_size":4096,"path":"images/toolbar/toolbar-icon-Fa16.png"},{"block_hashes":["CkOTst4dsO6t4D8y2/puB8RC3s/unQ4nYvFfR654A7M="],"block_size":4096,"path":"images/toolbar/toolbar-icon-Fa24.png"},{"block_hashes":["AmIukfTYav6z8nOkQR2ThMgItIAV8ZKVZB1/REpiOLg="],"block_size":4096,"path":"images/toolbar/toolbar-icon-Fa32.png"},{"block_hashes":["WCO1AyURLTQBeWo2DjyKwFpoLhAoQB6wJ9m+0wnzXeE="],"block_size":4096,"path":"images/toolbar/toolbar-icon-Fa64.png"},{"block_hashes":["N8b0epBhUreTHJ7ZQbmFynkdSakNHDHWDkAdxs2/49Q="],"block_size":4096,"path":"images/toolbar/toolbar-icon-Fb16.png"},{"block_hashes":["eqMDZANLYgA3X2+ahe79A7OQTBPXs5W5irfnEqv6iWw="],"block_size":4096,"path":"images/toolbar/toolbar-icon-Fb24.png"},{"block_hashes":["F/5ULnZurR9Af+shJcDUhHnPvz3mFmJnA2NSbO263Ug="],"block_size":4096,"path":"images/toolbar/toolbar-icon-Fb32.png"},{"block_hashes":["Pi36ZxzO2qcj0UeIBnoLha5CFtou+kpMBXKY40cQNEI="],"block_size":4096,"path":"images/toolbar/toolbar-icon-Fb64.png"},{"block_hashes":["lFnkNZZWincaUv16novvLfmnp1tNXiiA7MPV1EPSg/o="],"block_size":4096,"path":"images/toolbar/toolbar-icon-Fc16.png"},{"block_hashes":["MeRbBCZRe3ZRIKHhvy9uWE9saAYmzGyfcig3/dXhPpg="],"block_size":4096,"path":"images/toolbar/toolbar-icon-Ra16.png"},{"block_hashes":["ln67K2zDZQXHBFLN18+PdAK2ZIgq8U1q/5Mp04TMfGU="],"block_size":4096,"path":"images/toolbar/toolbar-icon-Ra24.png"},{"block_hashes":["JWI28mIzA6M6C1GEQFLJPlxrdePiBCOMgPJ/b028p3s="],"block_size":4096,"path":"images/toolbar/toolbar-icon-Ra32.png"},{"block_hashes":["/7WdZ/aC5wbV1T2yGlfoQyKJbmFJrNEDvKLnsAzhmCY="],"block_size":4096,"path":"images/toolbar/toolbar-icon-Ra64.png"},{"block_hashes":["NeWI4VW85fugAXYy9Ky4q5/hs1oA29WzZLsPTtLU/is="],"block_size":4096,"path":"images/toolbar/toolbar-icon-Rb16.png"},{"block_hashes":["baejTvzRj2Dx6+9wTB+nMuk/um//OHYWuviwJiVeIWo="],"block_size":4096,"path":"images/toolbar/toolbar-icon-Rb24.png"},{"block_hashes":["osRRyd2lYGvHr5l/lw6Rq+TbibfsPoNu4Wl0MiJRH8I="],"block_size":4096,"path":"images/toolbar/toolbar-icon-Rb32.png"},{"block_hashes":["0axjSQuAKumr0hYv4Ltx3YN35z+1ChmN0ig68rSxk1c="],"block_size":4096,"path":"images/toolbar/toolbar-icon-Rb64.png"},{"block_hashes":["VQ51rDUB5jn/Ww4Y1VsMxUF5Nx6VSh6ZcKyAF+6WIao="],"block_size":4096,"path":"images/toolbar/toolbar-icon-Rc16.png"},{"block_hashes":["5LLaoZWuI27xk81yHPv7ciRcS1IoGWwSi3SP/5XV72k="],"block_size":4096,"path":"images/toolbar/toolbar-icon-S16.png"},{"block_hashes":["jrptZvkC60gHFmDPRSdGelYD7bkIMX2UBCcMMGLSe4o="],"block_size":4096,"path":"images/toolbar/toolbar-icon-S24.png"},{"block_hashes":["yh1afw4RmnzmZLi8hyubSnD1kURBtv271CWqbJtKrYY="],"block_size":4096,"path":"images/toolbar/toolbar-icon-S32.png"},{"block_hashes":["zQdm7Do8JP3zL+eZ8mfUXznzGOuApoyPmCUYiywvI54="],"block_size":4096,"path":"images/toolbar/toolbar-icon-S64.png"},{"block_hashes":["h9m+v3gBhaI1RQ5B9OmuuqHSY9oIend0grcIyV7QoHI="],"block_size":4096,"path":"images/toolbar/toolbar-icon-Va16.png"},{"block_hashes":["/o4CnUQiR5wQjU/uhMPM1Majj9JCZ+M1TppjJHoEjsk="],"block_size":4096,"path":"images/toolbar/toolbar-icon-Va24.png"},{"block_hashes":["Rw9oHWtiLjyuiMBLKKvAKZz3qT+AlrOQFKLE8XYpubA="],"block_size":4096,"path":"images/toolbar/toolbar-icon-Va32.png"},{"block_hashes":["ED7RcqWc4GFoV279lqEIZfoqLzFvcUYr3RP56j3N+4g="],"block_size":4096,"path":"images/toolbar/toolbar-icon-Va64.png"},{"block_hashes":["PMsemTrAaYYAZOl6O3WTm68Ye3WOHqDlCssM3h6FJA8="],"block_size":4096,"path":"images/toolbar/toolbar-icon-Vb16.png"},{"block_hashes":["8xoL7DVDihLQCythTW+SMRwJbwOTNXRp91omhFJAI3E="],"block_size":4096,"path":"images/toolbar/toolbar-icon-Vb24.png"},{"block_hashes":["YB6wnhp9WhrqKlsEMhelZ7K2SM/0HCFa1BiG2WFYWWU="],"block_size":4096,"path":"images/toolbar/toolbar-icon-Vb32.png"},{"block_hashes":["2ebi3sOuab++2X6eGfhE+8AOhF+cn2Q5RO43DVRdihs="],"block_size":4096,"path":"images/toolbar/toolbar-icon-Vb64.png"},{"block_hashes":["tk4m6AsOeXPZDqancZ854Nce6TddeVhvB93w/XMX00Y="],"block_size":4096,"path":"images/toolbar/toolbar-icon-Vc16.png"},{"block_hashes":["ItBQMna27CP3Jx/bcTQEHmsudzna/Ug9jXiiUBT4tNA=","rGxeB++a3E3YZkEzeRvnBsdWDr9UUrbzlIpS2V+sGzo=","Bs1AdclQYQ43Mws0XkmoK38tfR0McvqDROCRSKtySak=","p9Y4QMOWSrJhrp+xN9dfIphvEDmi2azl/qirez7OOBg=","vC+kuIxT+6wl1Tr2L0N9j5rdlF4xTc4eG8IEi9IbMCg=","2BJwCkj9F3X1nHjekgimONoT151u9hzoGNA/DFADjj4=","nKTTVPZOEQPerSAGK+DWNhU6NVoLUSEBW7EvInN6eSc=","YYwGnVenWYoLQ3Cl+I/CKJrOinE3e0Vh3JlnIdemWjM=","c6CZAWFGvDskMHW7VpLNY303pq88HDvwkyGjkWQouC0=","GdyubVclNjaGJbiuzbxW3mTWCoJqFS42jWxzx8gSkms=","T8Mtk/rO8536uhmd+TdeMjo4zBbGcDYEsq+qeXLPGps=","NyWjYMFERIT+he3ZzkwSO2F66W6i07r4iO+C2qmc2Vo=","xroYCKLpH1vPoKe0XSk9XJKTrGEpPRl1SjYB4x2k7KI=","jqD7di8H0nWiPHhJ3cODlTgPZPv/NvoFvioiUNppgO8=","gMgRmlqT3xBkaJK1blCWgx0hCe9QoVS4cWuvqAl2aQQ=","36K+qz1n6gGiefQOGHFM4vBJgn504gLaonD1ZXJGzpY=","C8tIz7QlxgbOQqFovtSxrv6RD6KDKtRr+AHGWb3W+/I=","OBwMULmndXoBKr0AB9vuQScvXWcdhSjNvqPFb6CBOK4=","bq5pR3L1jg6jX8jDHyQI/X2O9sBcHzjDKD/mNtdcIdw=","UagTm4buq0WhpggUoscb0XtbjG3zj4jbpBHQqBlDm/I=","74MKJWdv4dRXhHNTO6HMbRt5CbO0zKFaddMWuFoRc44=","ijj5BOi18u+40NINvrNWzc6UC39LQYl28zJvATjuMiQ=","YTVzHjmgRuyz4pNJjwHTZKsXgKsLsbDESEdeCVftIfg=","unBbExCaDd+l+lLenikMKBdzoRdfSv6wlux9N2xoeLA="],"block_size":4096,"path":"images/wayback-bordered.png"},{"block_hashes":["FQAx8Ke6tIUk7rnrwcSget/Hya4f+RnV9TTZjn8Y1Tc=","Jk4+l7rSgTxmtp+VgJxjC+Qkt42JdrtjLWXv9cHyows=","sbf1W/+UbhwQjCL7K3SytjGUh432uUx2ek8sCjz/EMQ=","fOhY1uvnx4R2EMx8ZfVUhaGgXdn94Sc6Hu6uK4KERqc=","ljToJhDqwBVBwz8QAEuhtxkwj05HRyewVSZo02qxcBU=","L11/2BWGkrgz94GCQeV0deQGoksEU01ovhKLZQSt9l4=","DxY/L+s3pjcXmoSi0n+AIi9kN+N/EYc1NN0Y+z1cEN4=","TT2+3MxcbM5gLymAWMQ6AzZkYLCoPI2IMNnfj8StlX4=","E/sxbpJbd19c75jAYnASyFmih+xRkkxid40AN3hDvy8=","j/qD59KT5gYbZMW/ErNB04bt0MhZk8t4T+G2DbWgSgc=","ZyaC05Bdo5KEloHU6mjXCgNUyPRhf5aiVENrgF2vi2E=","xHhrH/fRzaYyEo84JBymqpfj6W9UcZ/uxKYPOCfi6o8=","XJ3tK2gqNlmDtfvt8DMIL4dsr2ZouOAL4UHq1hwKQFE=","nElL5a3yeOGg1cMlZbzoE52+EPwjevjL9N+pDcWSXw0=","hQe+xMnVOeErvGP98oAneWoPSJq+z208fJf7/H0NCiU=","JVc8Ll7afDGYv9lXPweisWaAq2vcg+x5/5GA4TKR/6g=","XFUkBEHVFTl04JIGTJd63eOi2UZH1Ubrk3KybMabMdA=","B9URKTfS2bxYuc1YXRRxDEEgG5fk+t3qNIc5OpVKjhY=","10wK1LJIJKfpx6bU0E0iI5Q7Z9M0J0gCVbeRpucGA6k="],"block_size":4096,"path":"images/wayback-dark.png"},{"block_hashes":["ysgtq1690Ahkq7k9pZo7E1aJi3+PF4LVAa23tNYuh+w=","V0km2W41JbBujAxp/WWZpbaYU/0GyHuZTwtd+2LuMuk=","9rw5ZeXQ5Skg6y6bLBX9Q7wC3mKYcTXJm8CGDSkkKPc=","sx0grGF0eVaWfeLhi+6l4NSkUKv8m79AK+wMoXArj0g=","p+KLayQ/KfOpDQ856bj+PHDe/IUqDo0F88a7b6wdQuQ=","Dp6BWaE4sMossrYrc8ZNE/4vLGkEjUZYStrtQ0sbSHY=","NcQOy9Nv6CHoTYjesGH0xE4eUKb6e6EPviqlI87/Lbk=","XziIC/79KWRPP4ASUUDjzEL/fdPZxKRM/vMSNQQh1NU=","oV0PQQtx+EnGporS9QZXch4JC/GjIzQbiWVJVtOJmNE=","p3wpbSXxsdhkIw2IOVxpQGdP/5B86u/uMvlqCBtHCxM=","UEj50tUq2WOb6Ix8DLIn9T6Ku2+PwiedF1eIdrEoRig=","gr+6KhiFq4zykW7OLVe3ZEF8kdcWAhIWrHZXQQ1AfYA=","Qu4pW08lAJA14Yved/7cbxEPiqBgNHsu2WS36Rn38Jo=","kqWQLweLU+IELIXyZnoQuOIGS5yTJUfs9qhmNe2HB1Q=","PUCP3sXRlHPvqDnjYOEQDJIqcxcnGPQ57croEQ85OwI="],"block_size":4096,"path":"images/wayback-light.png"},{"block_hashes":["0OkNaRywd5Wnk6KPn0E+anCJ3Fl/gqTRzwnEMuLGzx0="],"block_size":4096,"path":"images/wiki-archive-icon.png"},{"block_hashes":["jsAzeafo+bF7MQdynhk8gGfUQjp90f310Qus8tsebdY=","i/lITf3qBxAo1tzESZooGiEymRsNhYeismLALhHz1ug=","fOfpXHBvJPHQ6+4sY2X6PdHVaq0FTpaaqxR5CApD7h8=","1xXP5HPnOKZhj8R67l52+SbM8xnfSyyDe74ZMxmyt5o=","ukSOBt2Kdl6gsHDOZ4r6PHSgp6T37R+p8BlaxEte764="],"block_size":4096,"path":"index.html"},{"block_hashes":["fyYHXfNc2vcZgIbIjCmQmphlS+ETYQ55/u6+wp74G1E=","4gmlygm7QUm10CadNMayX3Kf9BBd6QsenJVQRoe4V98=","8Ave7vV7VpM9y1Y5QgtIPzsX3PqV3uMTD39Mj8QAYlo=","vNbflOs6DAsn08Q2EB1G+GzKlJxLyTI4LAR0jkh8rFk=","0S3FiziwRltVZbCb7xgTcgiumMT7cGoDFH0sGXpgGDg=","e826PeA1gb6760MIKo/5KymRiofyXQuIj0umTwwAk08=","/V5rcqL62xiKNEb/RZ/5dYVa7wq5fGu3PXeYZ6vA31s=","r8CafPXsh3VvQzSCav1XUdlibRpzBxLl4xmi9adZh4c=","ZCGDdswuw0DXNPU+4iH3lPI7Tj0K1tHdpY6nvY2pHeQ=","prpx2Ap0P4jIpzt4WuMgHz8OpNNd3Lz5PYpXrGVi2QM=","wnQJOj4KOdXpHNY6bFLQNIKYHVngiWFfw5G/pH8pbn4=","w6kNPzAkxIf5STZyc7Xy+mO3Ce17tpKVbp2s0eKdsBQ=","O80eWLxxy+ZOma37aMIaF5qlrBhYGuaHLQL88Upc940=","YngCOhxpX3QK1iJkAUm9lRjDrjMyZBcsxRH+ilZ+juQ=","2viTPsPUM5/1f9UOC/DzP41DTl9vQeNbTxiuhwpV2YM=","B9A3qU3zGESCNlCGRfB2SvFLZUQ+Gvmjs/IXWCd5KFY=","A+2AJ18LodOrP63GsabVMlDZmjIiVWtnRfoW3V0MnkY=","Bm40UaBWvBonwUq/83BeQOFayxRoqs6EJ0ciMh27K2E=","wYo0V9EyItHpN9cIrh2Qn1CHleAGEfD4hMRBodlXpMo="],"block_size":4096,"path":"libs/bootstrap.js"},{"block_hashes":["AUuBoiuC6rK3sCLadTf64YlCDhFXu7x2xqGlmow8Re0=","aSdAcMQz+qgGbynlyKe6df3Jmlijwa0FYJgjJ0S70S0=","Odln3fVA3T/k4ZbvcQwDcXxzMh7j/M4vPh05vshVZQY=","ty08c8WG5FZCKaziaLbLGNvWyqycA8GyVxwtqajxLCI=","tYPi4l5yyQ5y6fQ8iHHHxxH4rPWTpoNfS0Bg4wve2ds=","TfxUwwGokDuEwpVb2BT65h025/4lZOpj7cTpV0nXErI=","PfQ0VTV7veTUNME0Gk6cIPE6gXlCe3iN/4vY5yIF0Zw=","s6hwiFTpWpKic0j/b5HS6rGadAZF8h4rnrddJAFrces=","zuUrqNIV60tAawHmfOixrhRQLhC3+gyGJ6PrvUjNWNs="],"block_size":4096,"path":"libs/jquery.awesomeCloud-0.2.js"},{"block_hashes":["pwp5mx2CV37EVUjv42SZX29WddPydAhH6kyfiA57Aac=","3bLusb9AjKnlkrDQUYM3psR7S9YfGR+ikFXQ0KtyOv8=","lrMbFy14I7leVnV2u9udykTE6mS3C7kqbFqK+kOTKYU=","aNpbe5HlGjm4VjZYDzijgF3ApiWRPesHX3KOE6PAdZI=","2m9YvLQouWtVQ5RSgCj0aOi8xy1UerBkNfQkpnzgRh0=","CySQ8OXFuE9qKcCbQ1gYwGFf5zXX2tyHnsXdNGV338I=","FHy3QCC38MwbPThjAkKf/nmm3nNvNjCykh9T91L5Ty8=","XyRNiE+o5XygeSlanpZaFZdPTKZUwuRIQwxb/LKyKAk=","ltRORaIjWUy+A4kQ7mK4CQOlKXSoMvfKZ33P3ZhOn68=","hUVpASCgLUfRIW+P+mpr9Uf27Iz2k8i0zZveCMmFeIk=","S25X3MwBayhJNqd2gQfURG2RxGPLOIOe+/6SZujdgHk=","mTB5UU/CxYQw34mszn7GymkaChhhihHIfCp7qEUNmL0=","gPW0pD99tkaoUAj9G6YD6qqDN8J+JZ5qzF/vNKrj+p4=","GPYoHLkegCTG/SI44hKMIRTWW36gpmg3jHZGabIZP34=","XtfsXwbfaEsVEJkty3MYNgsPTPHYnEMoYUiaY/HyvOc=","TXgnil9q+PLfkGn9DOrcwZ+hMN8ZjvSZGetABSq64mI=","P8kELlHspkvH49NvLyfKvCh/6qfCusFaK87ogCgBgVo=","lr/nv/x5I17Wc0jr9bge0C4+NyDEl2Aze+GIHso2ecY=","tZMDWOY02J+gzFv7uR7F99fUuZTSUEsYmQZ6n65WeBs=","IQY/FzPzGpOhO0qfrxfiVOyWAzr6GPfOc6gTC4UbF4A=","0fvj3KnwdTODeD67ZqNLB2OXlKhJ9zX/+EPtNw4Lzvw=","ydADpmHYIYDRUmVxUjpx0PXMX9RQQumvlHOWieS5EIY=","l6sMujPLvW1sDySK645/2fQ0TwG1PfpzJuU1X/Hw7Kk=","oA0bou+obfD82XG+b8YWyeunaXNqbhdNycqrVdy04NQ=","6Hc0MdBoi+drXMZWxB55r9i+GQgtoL0UjYw9pl5I2qw=","EFCLuAFEzPy5ECIq6cEROaYCm3tWTCD4+35QzSqp6EI=","YBgpmSnvQZPT2xeH3AoEfIwFVJ+TQJHHcVYTIdgZ/v4=","XgSTu6yNZdCcStS09qV43S0FESqVtSVzL1UX/piaC5A=","zDMIxZOQKwj6cGIoDRTYkIEDC+P4Xt8MaR/OLSDd69c=","86eKpSaieCMVMVqBwst3hikATG33Fn35CGIDEO3bv0o=","Lotv5ehW0rT2bLsN1/yxUU0GNV8hDyLO95jXdPENJ+k=","HFYULRcXKicM0CFQcUjvGr8nf1NTc3hMaL4YvQaoSXo=","gzfEY9HF2KYjSDbwOV6933FrbeaU2He3W7YQEL06XW4=","B9WoiTw9IfESuXzJls6eoIl1l0BxpOWhgs9w10AmfPU=","Tj0aHILWJt0cxTg2qNgARhiQx52GybEyaSbMuCySb8k=","go5KXMSLAohK8kHyHOSgrECYBJs/i3I2i99i2Zj+tww=","T974tgF8vcffkPhMqMQDoYnL9DG51WFXuFxtk+kshzU=","UUJFs7H93K8fjLIobzCM/BVdyfn8kRWANSEIII2PYxc=","MgEzzyYi3HvGLZpEb3pJquN7wGJ2R86hlVH2Sq7xbSo=","g+kmwPmtMe3hll+PexqHNySW0hwu3NBwWKR9X+eBVe8=","rqvZbFp1jJ+W7B72NXkPOwMgtuR9AH4Ok4bxFbUPwPc=","KkpsT7/tVifA8k0gEMgBX1W+yPbqzXxyAQ0P2dhBEz0=","fsglYHcj72O1FSGfqMqINyXH+DVyIvSzVZEHo4IJWkc=","IRB5cZEEl8epE/+eninL+6jJ3DrnQd3jNJcLnmzJANo=","z3nyOvNIAuqbNIrVponb3L650TfxMbGk809PCIEWasE=","5h9oCD43jjeqjf3Qt2vzr+WLQ6t1dFL561b3aI6O5iY=","o2ZYWQ+L8YwHdCrldIJq9wNCCUB3i2v5IWnAewayjOM=","Vt+ehMfqUcFnb9HLnl6AUR1MktpnLW1Xt9krU2q1Do4=","MS3EISGqT1DM6bmqhjuu8CWXiTcsaEaO2/fuPMYY5Ow=","L/gfRVw05cOGBvMj4pBeff/DAXJ/VXM50VYb8R1A9TM=","A+Vw6JeHUp1fMuMMb/pea8BUwd+B52KeB7aA/FMdtqk=","S9oah82Tp2YpPf2esNiCrIkNgXpapEO6d/hedm08ilw=","QolGxuaxDP0b9xnCT1OlJ/7XzijM3fv7Ht37/pp0UO0=","u+iubR1Ro1iT9y3ObKr+z0srs+ax7OMom4WEF2Knsrg=","dfEtdLPthu7Fhu7M23j12yYadRLwxtIctHpG5n+dhKc=","ry4kw6QfeVk/s3wya/ZEeEJBMUVb9t4OgSD/zXOClCk=","cjaSWrqNQPYa2J1bd0vnO1S5O1ITxw7l1RvpgSHVyGY=","dXhB2sKUyMmyarPrMdZnA8xq9aC1KFALvfA9FUzESAs=","Xnkk80pfBC24A56i1rp0+XSP/gayLNW97TOebzM60kI=","5X3PmYvbAodvusbq7i1UeymX1oc0D5qMH5U5/DGXbrw=","kB2CJPZtKrDXyv7S8LB0HNPKow95jsqfNSWmmiT3Iwk=","jemhKVQHZPA3QN2aNTec2Gn/WMJyIlCGZlc74B90SBs=","fi5r1yeI+qs9j1kPkn1jNgW/hc9CzNC9ZT1M1yr0i08=","lfxxOVvOCtZaPUVKRZmnUpTsOhdKlHhjnWttMnyrMXo=","NEnJDxZINb3KD9j1oh3I4jxp643tKcCReSQIL08ZDu0=","xLNaCim5lbcXiiW6llwNDbcFbqA/lGjhOumKHkDEei0=","Hzao3AX5Jj+WW5CCfHwGdlyuawR1IVQ8YWGJdch5sp8=","uA1QoneoDwt+D1YPZY43MsKmmXTYV/3++d34yDlJNIA=","Tv7DPXkdwoCoBMa1nrdNlVi1tuT3yTThljv0K5pHNa8=","A/LU0HJKRprnXZGnWI/YR7MjQgyogA/5yy8tAgGU4DU=","rigwrnSLeI7pkcdMV5NGk16ubnnUkbzxg7HqbTz7/Xg="],"block_size":4096,"path":"libs/jquery.js"},{"block_hashes":["FHCjp1fkuw3nPgssAytUmu3vaOthic8ipwH1XYsrVeU="],"block_size":4096,"path":"libs/levenshtein.js"},{"block_hashes":["laRS1b4Jq7/edJuxaBpd7diDshU5ATct0qr2B1fOhXw="],"block_size":4096,"path":"resource-list.html"},{"block_hashes":["G7jqDWW34L5XYfu83HLUZP6j3gBf/ML+NmoC2wwa/mM="],"block_size":4096,"path":"scripts/about.js"},{"block_hashes":["vRvC5yVD+vCS9DQF//0n+MplVc3O+YwAxDYDeZ9DSTk="],"block_size":4096,"path":"scripts/annotations.js"},{"block_hashes":["Kvfpr0dptQZXNP2qBuvQ/5RKl/mauUph40v8TyaLgVw="],"block_size":4096,"path":"scripts/archive.js"},{"block_hashes":["NNwTS6CI7PcFNNBG+mPtME6OxBbAP3uMYa0UbDFlVx8=","9sqMFIW8VfP3Pa+a0r0k68InJCDA8+fPwzDhYVq8ZVM=","3uBEs3I1Cf7BzJ1GrMCuskadOYoOt1TCWXmipoRoSQA=","0GHq4xirOQ+Qlcm8wpV8MaDI6h6C39C8oHsK94HqkDw=","M2EXF/YROxFocoowFj8qXdwvxPJahbpua2L3WMTkn2g=","jGXjTf9Sr7RdUCXf9AEagBWy+B9G9rX6GgeFUnX+ZG4=","ZK+MNASpawPzSxz9Ouw7lKWjMMhpSTcREDDNrVcuJJA=","g8uMiH7aPC+2hF+WL9NeGdI0ryF/VRHF8AM0kbTI6bU=","NuIRGEC/63Us91LqN7+fiFRQTiaV69CCDhdnUuPL8EU=","3gdcgBhI25zM/aDxJw5Ert1pKE2xBGk5fNIF25Xg5mQ=","ZLapFKw/5l3XvBTj8DGBYXyV2ANfckv55tmHKYnyFfQ=","V/NenyQN4q9EbatEAZuHu1sw7XlZMQYBDCaDROO6IUY="],"block_size":4096,"path":"scripts/background.js"},{"block_hashes":["DzLAcAVHzOF5+wtFZfZM3O+/BqlFLwHZeVQ9tNailEA="],"block_size":4096,"path":"scripts/cited-books.js"},{"block_hashes":["wJvfwApQfaARG0WBXZCJ4LdBWgeK6JFgPZ8xp5MVk3Q="],"block_size":4096,"path":"scripts/cited-papers.js"},{"block_hashes":["jYQ/0L9c1bf/LMo8RWiDT1aCkocsGEswrMpSfFs8Mjc="],"block_size":4096,"path":"scripts/content_script.js"},{"block_hashes":["8EVNmZ0FLU9xQ3BLzj4l24dMoTWHIGwxunIugx83ksA="],"block_size":4096,"path":"scripts/exclude-list.js"},{"block_hashes":["aIHEdWcYV5lAxBSX/69lyQQC0qse5WKupN40o5mOxTU="],"block_size":4096,"path":"scripts/index.js"},{"block_hashes":["LbFn5/Ya/A9eueTB0LnApt/t6OgFFlEGj4/TrJ8DKnc="],"block_size":4096,"path":"scripts/login.js"},{"block_hashes":["5DzgFl9zZZ2yIk3QZK6bBVMyrsq/rk4j0fkPFDLi6+4=","E3UvVpGSCa+N88yDgxdQOhjYMu75in78ExP16U6dNkk=","/UDO+nZxE/z4IKwfISBTeGUe9p0u2msCB7N2cwGUuqo=","bH+toHIFFU/3iEfZv3n5KmtlQ6M2xc2xJH+ARoHRJy0=","9XAPklUuPOgm2Vvh/jbSjimmnl697hAvpKgcaqGGNVk=","mo4Zy2amlMGTW2r9CIXVVgPDlU8CLhtzBum1OaykEcU=","l3NcihHv2CSqUbmUvV8QQG3ydPhG7lgd9U9wond3yXY=","fQ3z6YevMnIfJcQ4DIeO6edU4Wr7NaGhEIqg3Ig+AJQ="],"block_size":4096,"path":"scripts/popup.js"},{"block_hashes":["3CukoJO2zlFv7oTuN3NJqJ93f4XYipD8Zw9fgztzkyA="],"block_size":4096,"path":"scripts/resource-list.js"},{"block_hashes":["3USQ2ygsexZmwPklkcJuairjETT4Inp04sIUFIbfY38=","LaM9GwbgjJkwpDCIzgUI0eysLwCuTUeLEAX7L0CqXXw=","OwVO/v3ctdnWcHITWJ6Wa1ZfeEUs6S9eN7ZY8Sdz/Us="],"block_size":4096,"path":"scripts/settings.js"},{"block_hashes":["sGdvD+HOsUMB3nyDZd4MYNTM2gPYAjf2DgsKAC9Dqec="],"block_size":4096,"path":"scripts/tvnews.js"},{"block_hashes":["yjhRHlsaisKEevh0zZmX+igEC6L6naKDeoCLBGCHS2Y=","Uc3bY/Q0KjEcxju8dq47Mc2esyXkvXl22J7JIcpojEQ=","h5MRnxcYkBgFPqskX/fURLzipSVAf0K/a9rcvxoapPA=","onCCMDIdD1dH++eVqxEWmE0Chcemn12yvy+l0dM3RTw=","RqTw9qE6x9vmw4sryPKnEhLHX5MA/nOG59UGQBzHsuY=","Scu63U46Lr6oL7pddeSxLyrNIb3+UPclTnJ9ObVEU9M=","6Bw/gX1y/vV4r05T22ITNszgiJ1lKQKaOcx/QiHjIw8="],"block_size":4096,"path":"scripts/utils.js"},{"block_hashes":["5G0KYROpXr1g7gkmFk32yurJEqGuMlOTK02qdXSdDjM="],"block_size":4096,"path":"scripts/welcome.js"},{"block_hashes":["zp9vBGfles5liuQhx8N5FXZSJL/WqCakGROzyQgdE4E=","v8io0PcC9e+HU+jY1KoeeG3xz4zQlDUHrun1a+FcqO0=","hEKMdcrFDiPtArwu80m/Ax+ZvaxSo/QYUjlJMpqz0vs="],"block_size":4096,"path":"scripts/wikipedia.js"},{"block_hashes":["WNsDlItSuYErPIDMK7XMsdt9xXbdZmvtE8GsX+kPI+4=","FZc6qiRxSB6jx3ROkjYNljpcikApUP+XxNSldpjulpU="],"block_size":4096,"path":"scripts/wordcloud.js"},{"block_hashes":["M4e4X/H/eIElCL3GHWzksigMyfORGopshkTINVLdk8I="],"block_size":4096,"path":"tvnews.html"},{"block_hashes":["FsS+iYq4SCnDlTU7r0IuclIfF9HqToZcAWe6OsAplYA=","YaWQortmLAlpHbMuIru1ff5R8grkK544GZYasm5Vniw="],"block_size":4096,"path":"welcome.html"},{"block_hashes":["xtqKDH4tzT+MwAsGl8Mey5BGruifmalAgh3b75hpZys="],"block_size":4096,"path":"wordcloud.html"}],"version":2}