{"file_hashes":[{"block_hashes":["yv95/QY1MCaoj5miHirqXrxt0vxx+hQZqGFclq0thuo="],"block_size":4096,"path":"background.js"},{"block_hashes":["iSEg2+oDGDf276CC94pLaaG3mRpuP8SXJdwUZdPvwkw=","j2d/0jakFwdhDQBNYwaTL7hZ4hymRej4dYw7UZn4qMI=","UYRoPOQKKCT6v1CUAVVwJggo/lWV3e88/0F09HyB//k=","IOK9PE7GlHEf29blQG124IvLUq3Eo/05QaoE3tL+i6c=","DfKNv5sUGQ2YZa4pwEJVr/iaOpHfvIy2nYNb2jkaxE0=","26LsJOwiFyrWwvhrIdvOiMyy2RbF3HVRX0i8QaljsBw=","y0A190w170ftCc0wkNUB5AA51EWkVLTHZQryBR2yRz4=","OiRdtC3awq+SR/AS18narMnR/DaEFsKnFNReNzuwB/M=","/Hm/Z96K/paPLiDm6Hg/UthwMF98L2duz2wQSOONaPY=","USDT3KdfRPWBPFEuxY1bNT+m07+fj2yWta9GrlJ7LCU=","Wm7+WWjE1Ne3WvR0Civt3sqot1kYYl80pmH4FLzVmr8=","jKoF/3l2XNcOoz4KQtaJ3J+xGkXHkILB1l+LvKDViCo=","mGKTmFNBDIv3V+aWDHbx2XDzAooWxqgC1AQgKg5z50w=","m44SHN2Bzh5NSeSOhT3yORe1K8GxHBopPgAhl3gP43w=","PKRy0eIJVsrIXIka/WEqaQ7vbZ6nHg5NrbO5agX078o=","OMZFNhv+jlajy83HV5NrmSXf7s+05Odkl5Hz0K4Il+8=","mEKlehQioM3400r2D1leEwejRKmm8BOZEVmNqrytK0w=","/usiIkmtP3kO09byAURmuQkuxjpwLGmrZNRUNa4HEms=","8Gxl0tHLFomSscZHx4aEuQXwgo8Xv8xI/NUcjvBJE3k=","fi3E7/R7IyKI8PA1eueZSjsQMVmGL50iFgHnajuhL1Q=","BgjXlNQRSV3FpI6jE5EhUguox4sWR3mYmXbRTJTrvmM=","Hytw4Y3Da6BnRDa6NVRwdLqz8cGEFYXbhx56N3Jl6Gc=","7HtVH2vjfifaWP5QVDtrJmGsU5y3AKVEM1byOmucJFE=","k+cjPLDOr3qJYyWKGSEDV3uDqCr6eXeTowYjOcVPjks=","dCwq0KlG31Fbdn1XTpMA7L1srCs90oyTnsDnKvqeJ7E=","PkegplA5mN27EaKSMpmlHgYJp1JEB1EPVjaKi5WCiLM=","LiSidIIiriUxLx2ENoysfq0yfT58n7ngdN/eJFAJKM8=","ykR9VyweTDLIWmGUl4VhokpGkbIlzFJYfD55S299wTY=","1Th4jwYFoT7Snk/jfQeeNvqcMIZ5hiq50+Q5i656WJo=","Kx65QeTaZfLDEyVzXU3+XBG14/g568EP0qWiyPLX9LY=","hHJT8AN2WkYRoT8yQaDAqrh9JHgKBedNj3Ub0doYR3I=","mITmq39Phxg+kanFR3hzVKM6nVwpk3zSaOAYvoBNq0U="],"block_size":4096,"path":"toc.js"}],"version":2}