{"file_hashes":[{"block_hashes":["NQVPUh9hwvcI8HC5NZt34bdavJF8QrJtkqkUdA2rI08="],"block_size":4096,"path":"css/autowand.css"},{"block_hashes":["Dwqwl+ZzSwZzm/OYnhl7zoCub7II3cUkB/0LD/DW3Jc=","UaeG7jlk+7dNa6Ojav8qQQLg4MEDAa2y9RSj/W/SZEI="],"block_size":4096,"path":"css/cards.css"},{"block_hashes":["4bW58IX0uZXG+V1vRaf43HsdMeDKW5Oq9jKhv+qB59o=","xUMXPa7LE+KIkD5ysir9VJLwybaMshXS7rLHYx2uCKM=","A7lGvg7ZSHcGUUxorRP6Le1RLyPyyLpQaZIHPgEt/Gk=","P+p7UAY9mjjnzYUWDnAT5CRGANTRu6OTzUuQH3ZqhvY=","45NENVVCo1gvgl1ZrJtv0x2o1IMLL5dm7p2sTRar4fw=","71U+3qDLgRPVeFSxy2U8euya5DOycyNbrdI5AsAcdHk=","I4GdXXvbCD0rk2DuSCNVmuNe41VNGfXkp30Q7w+pr9g=","gunQO0u4FmYhgZe/88aSty7J6BKVK+uhYIQrBgo4dEM=","Hms1IQtHy4Qea+m9GD2LUnPw9HdjND7pySlxo1eaio8=","vgxIpR6nvncdURKpofecGBfiJj6TniIp/3NW20Ob9FQ="],"block_size":4096,"path":"fonts/mBv6LvghL08ENI9WyTt8qqg.jpg"},{"block_hashes":["6E0r99OVWL45l2Cwrfy841TGBvJ7ErLlBqwmYutyINY=","IiFZMpt6uMPtzQFUSzY0HtOC3gNzSDZcAAYtr7Pd6UA=","4piXSs+boJejHZ6bseCRDh/N10l+7uryeE7HJqQxygg=","XJI832wTPhMf1tPerlUrpQGlioND2XMqLGI4/ZqI3do=","0C7R9jKeX+zl/60A658Seu4JzHiUnQbgHX3gkmZX6bo=","JwGVAAtRFwuXOL/9h/lzFLOdsZfNYcyBJb0NvvZCrnQ=","v1xYD+x+ovkuv0M0XILPJDaNSewiteNo8dBbcwr/fCo=","IV96n5A9jUUkLVKXSrczpp8s12xR8UyBB07OYhuJaSA=","byXe7p0WliM3VXdiw5I5KN2+VlEV9fuuXEfuEDXfbSQ=","bY7KE3lLwgCrqS45LArLG9xwrguEqWC2P03mh9Ea1lE=","pbGbhKBxBsFdsTGqvdFLgCLIH6HZ+3xH/+jX/xsz/4E=","tWTrHe/W2fP2caBRhCr6rbNzeoFniB3PfY3oZaw+S3M="],"block_size":4096,"path":"fonts/OpenSans-Regular.woff2"},{"block_hashes":["QT0hcc2m1wPA1O9jl0CU9jkVczf5/EEpFNKRT9zJav8="],"block_size":4096,"path":"html/background.html"},{"block_hashes":["oHSk7k7C0Uzfv/8GUnhgOw8Mliub5zFEoOQ0LpY064E="],"block_size":4096,"path":"html/options.html"},{"block_hashes":["aNnT/ugsJQV+4rYI8Xz24SBE+fGZLRyi4J8TJK8jt8g="],"block_size":4096,"path":"html/popup.html"},{"block_hashes":["agfSGc1rkzf2+7a3YFB0ZGDSBySfMn1H7w/9IGJmY8E="],"block_size":4096,"path":"images/cards/feedback.png"},{"block_hashes":["6g9FshRtjaTsRlJmZMkSaKta+xY9iU77sPjKmFryHKw="],"block_size":4096,"path":"images/cards/feedback.svg"},{"block_hashes":["7MZH1VDmasqINhB0/MhuUucbMqOOphbN/o85sxZj9g8="],"block_size":4096,"path":"images/cards/go.svg"},{"block_hashes":["Xag9TixjsE+E7MDzBby2+ORea+yMF0VLG3FhLoKlsrA="],"block_size":4096,"path":"images/cards/link.svg"},{"block_hashes":["9ZnkfWKKbNj3CVYLq6T/LRV17zVjNJc/R7qQcLpz5E0=","0oqlFiJoDuchd5mjcit4WXmVS0QiOs0vS/c7QoZbRCE="],"block_size":4096,"path":"images/cards/progress.gif"},{"block_hashes":["agfSGc1rkzf2+7a3YFB0ZGDSBySfMn1H7w/9IGJmY8E="],"block_size":4096,"path":"images/cards/settings.png"},{"block_hashes":["zD/GJYSpu/39ujSvy71y+d497QWMiO0WKq0GDyteKwU="],"block_size":4096,"path":"images/cards/settings.svg"},{"block_hashes":["agfSGc1rkzf2+7a3YFB0ZGDSBySfMn1H7w/9IGJmY8E="],"block_size":4096,"path":"images/cards/x.png"},{"block_hashes":["jiffHaos2JrMR6P6fUVPHEnv5ir7CJibuiaHTfdc4aM="],"block_size":4096,"path":"images/cards/x.svg"},{"block_hashes":["XOZpTMEdMnkih/5QuAU50MoTHI8dM4OTkviDP50KS2k=","krV/tsh4ZsmTtXe5/YjMFMt2cN60QYshsjTtRuFHwsY="],"block_size":4096,"path":"images/switch-to-wikipedia.png"},{"block_hashes":["5RqHoOiv8ns0qXyH9lEqWiZ6o87sBIXAUOL7q3PBYqo=","kbML9Z5GgGsI13exiQg9sE1XMlxkRs/AjJs/pNRopdQ="],"block_size":4096,"path":"images/switch-to-wikiwand.png"},{"block_hashes":["fi+vWNFlZEMSfRgpyga03r4p4XyLsEblH5G0okcsCCI="],"block_size":4096,"path":"images/wand.png"},{"block_hashes":["sXbPX1SQX7qXNH0x8kFn+Gd8Qmz07KCMbYKkTtGRPWY="],"block_size":4096,"path":"images/wand.svg"},{"block_hashes":["LNvijaX3QxB3riAbB1NAVk9DmUMRAT0s1kZko75/FTE="],"block_size":4096,"path":"images/wikipedia_logo.png"},{"block_hashes":["wiXBERiQFZ+HsjsCgmil0Tju2kihTKcONAXjyObgJaE=","rkKBNlu3LjN8j5mjD5jMEN2mbrfRm3QYuvq2IuyKvCI=","4WdO7IkkHY9Knyawn4tstkb8DPdpQKvo58XouowFifs="],"block_size":4096,"path":"images/wikipedia_logo.svg"},{"block_hashes":["vOvnf9pCCJ+OSJv7fwBZXa05uEUE5Uvw1uxwzlh6/y8=","YlXKz7b8wGINJYcPc2MnJyEJVQUm29mbINzu0tKicUc=","+d/s44H/qNvVHTwGuDiRFKwMzNUoSn1BRITT4Pai47s=","39QfSsbUybfiYfV+oWPiIzjIqdA4B2Kv51xU1svy4xk="],"block_size":4096,"path":"images/wikiwand-logo.svg"},{"block_hashes":["0b4A2cYqamHjf/bCddUNxUF0op3UEjKU6TuOlBkJauU="],"block_size":4096,"path":"images/wikiwand_logo.png"},{"block_hashes":["gWjhRaa6mo2ws3KUosQbQW3AVflC2+2c2FrZnEnH7rs=","u5T1dWUCPjYEg7uMM2ITWcJFmVAnb0AThnW1vH+2t2s=","YhOADxWbPFF8F1vbYerBny/sBm8nFVqP1319vX8/7Wc="],"block_size":4096,"path":"js/background.js"},{"block_hashes":["aktlxpQQAPQiZaJGXshlV7Ch4KFHT21a9jBzhvmYTKo=","CM8VNDcHUthC/6w4hWl0qkue8iXjnM0gqOZr02OGuZ4=","yZ53HJBgGT0F3X2G6UdJFAf77S7vWSXvHo1ReovN79k=","LhzV7vRlIps2ajRoslNHiwJW9jMToED3ontwI5Uwy3Y="],"block_size":4096,"path":"js/cards-click.js"},{"block_hashes":["lIBTYwuKhcV2r6EvvQOw4eVAFbnVOfjvvpnRvKkZn8M=","Rn9zUqzSxBgUz8ezT69aw4F+7uce4mosajQ+kpXBJaE="],"block_size":4096,"path":"js/cards-display.js"},{"block_hashes":["xKXPbe6RrBwrWGD9p6OjGo+Tg+djmSOVz8jvvmMbB7I=","4nGaf1SHVYw9YNJ4CMOC+Va9Kxgwv8xJQZ1VuC8txTo="],"block_size":4096,"path":"js/content-script.js"},{"block_hashes":["wnCaoPXXSxwbnvWFYe2GkbYhcwtbkzpav4zYUxozTCA=","9xhCY8kzpWQZcu4NurvYvUmquFfUzA4Fq3AaTKJNfNE=","s+/z+cwa+IH7JZdN2i7mjin/VlW1ASOgXjB3RjzRm0c=","18JNEIlI0my3pzy+xs/9Riq/cJIYO/RIq2ypgiiV9Zs=","f+BPNfqtns3ZoJoBGUaZ6zPiDOHWiA5Gx3eCf74O9QU=","Mbgl8l4KJ8D8Yh0P9PQ1Zwe5LZDKIK1ctXTZtacEASc=","0Pu1V9qznTn+ujyKNF3YYkRvOH24T2Hz+wmrhFeVuGo=","IpZtEBHwSPreUGhhfAFHjHOAw65P1V8qeh03kWFUrvg=","sTPYW0CdE2aO+Qf/UX2PptRDI8PQ2zdStYf8AmTpogc=","wl1TxzJ5qVKmSbGvdih3qwS/xp1HnRkLlsdrp8ZeSNM=","6vL1WD5drCnpHIXsZlcd5k7BlrwivcTVicMRuGLVHm0=","7u+G2ACkDTeD/wCYwqk4le+rCbsS3aE0lg5+y3FdL6I=","crEl1T1W/IW5Bigq18wJxvFgcZDNu9OXb72o16Eu1Bg=","kBlrJQODmb3sNB083LhQhhh/M8IILeGWYUYaeyqZt/w=","e0VpKqTyZ+Dbk4HDDT0aNhDVBrW8Ss0MftrJnl8O+Rs=","uYndU+lxgGz6bZJgL8vctIlc6fgpUG/OmaHp1J2+LeM=","8Z/q9+DQcgETXVX778+7gnN6EjE5d/k5kegkCd6JnBQ=","yUWet3wvNY+CCAgjPZ4sJQDjHcFGx9uDTiRw2KIkdEM=","3MVBxVxyW8Z8LjmytRW8drdgJLshUs8GMWOdycj0jXE=","RmfNFFd0FfGtm4Nzgw496WbIwb/wp3wDefwrQN7IK+k=","t//kJPNMKEP8zCtLR9fdyWqoWXeG+NmxEu5vnQP5Cvc=","syALHVSM+37PoZLji4NR8JI1HAF2YAF9Kff+P4SKDRo=","+DYLkxmA0As/kmMmdSc35sKxBPjXdKBF81eDDxPEN8E=","NcinbeAtq2cAeknqnORgUQAoEysng96ydZFtuAfvGVY=","JQ5DLWvMFpvYNXUgfVCOsARvS8bBvYBDJsp/7NMWXJI=","0YhLDnKpB7fK28AyyG3OmjWdC3aEWGKj+41AzgSohn4=","pIF1PSs3KWVer8TMLYqlSvUTS+AWMUryqNhtEyu10KU=","04urA8dclxZyE+0Gqc6i3/1ob9wy5jlbawQXRoVN1j4=","3NxIlT4MOnNJ4cpM2FNJrbVRDDez7UQBnLb48d45rWs=","QHMh/MqAY4unmfL60jWlS5UtUx5O+SUjnr8kCkFQlH4=","34ReGTrlo8YV9Up+l5NlnekNiPDTfl3KmsJPl/v8KPI=","mOqgZhet4fI0/kd4l6k8x+hOUQhMm2gkkNU++4LHcdM=","y2o24Sm8fYtZqRroYjYp47yqx77opvDkfQRgBETV6xU=","XuvvG1K12wcMwgXlvL1X2Y9sCIWbZANLtczmWAPFU5M=","5j4s0xSHxBsHFsPENQFqaVzQF6vQn5SxlQKHbDCHDJQ=","h0QyiVIQFxlDRn+2/550YgIwZl1QyHD7AHPBG83ATZY=","t3guzi8D5X5HBf0AZyjYcV02eidkOKlqNneRR4A0fNA=","V/r1GNQj2OCsBibwpsu4O+5dyeB4HVyoOS9+KFzMxZE=","Iwg0cOxCIeg0Q3DTda2T+XQVkXfbDvVhHqJM/q9fRus="],"block_size":4096,"path":"js/namespaces.js"},{"block_hashes":["zDfdj3cXbsZWW3Y3MW76N4QWdOYPrehQAoiA6En/nJ4="],"block_size":4096,"path":"js/options.js"},{"block_hashes":["xJ9AmeP4gykurw+B2D+BFEbPpI8D0gtPoW2hK9wRU5U="],"block_size":4096,"path":"js/popup.js"},{"block_hashes":["LUSPTbXUxet2o7f8f+ZuidfpoUSumoz7X3xWAn4emGM=","SZB5Ht099SvBGdJaKvXBRkzQI4QG1fAeDw+163HBKHE="],"block_size":4096,"path":"js/url-tests.js"},{"block_hashes":["sEHpvK91u/cmB8jzNmVfJTMIEEJ44r/AU6xatWxFKkw="],"block_size":4096,"path":"lib/jquery.cookie.js"},{"block_hashes":["VQcQtJW6Knj+JL2F/IyPreKGiQLX3oTcCxfGjoDDhOY=","RlJjhXjCYrTF+1CkQ5mHtsLm9hvANBbA/APK3uXcIlM=","if/b9PHH1uY/9RufYsA5FiORn/Bc4oziQeX79ytsEUA=","HPpT0xlcJ9vVXlY90DBzbcSPptcqf7UiV7nXgTLiwMY=","+kxc6Xk247gDNkMLaDBucoN5U0CnGBJkEysmdhAoCJc=","o/RLrnCWFzxBsU9Ur/WKWfB6iyel6EZa5rMI6RRp0wk=","lpIOiesZs7SQfxqqbQBy9EPc8zQT66Vp2ycxXyaNGo4=","6tGxu1V9kxpYOUZlf37NR0VGJtP/t65+D/WvtSNV0nA=","d01Bn1TYYMY1n9D+Pa7oJjXFVaUNICO22+fwGplplWE=","1L/UVIqT69YlQ9Vuj7uiGDpr1ACoNgGWDwgEoffZSLE=","dopo6Xh9+WB7+bG78L0FKSmXTm8xfC7P+Mr6nGiKIuM=","P0VbuisQsjvZnzd+Us6e+gC3isMiwiVZcGP/hFrjlu8=","UZoJuuSSv++rhxYaN08cXIBeQuGKK3hM1T5i1vaEoMs=","K+Tj24hJOLhNRZC/aDhR3zuRHby5KS7ONVBfTRFdG+Q=","mvLb6zDW4pokeXJ6IQYYJYGLfalAgTUEEewyYPVUqkg=","utT3qjFN4bKAjD/Pvc3DzoKhoD2T+Mg7zBUloe7TUMM=","l4igNpN/OmbYI4w+Xeh7M9qKhoQygXQgMQRE97EzSUI=","nOYEv20Dazv3fW9bABbB4rkYEH62auGupmv5cnIFHQo=","AlvuK4YDl6gAoKLHHbGzxQbGy86oKJ8DVmFNP9fW1i8=","C5sGOvmHWMbDZRWZ2g1Ob/kEuyqFAmFZPlmwinNiAsA=","FvxoLsekRsdgX8ozx+QXUDW4AFfb/3WMR7+MF25XoUI=","X5qNNhU9f0C/mdGww1RBrAc4+iGPgy4Btnl7Ss1hqGg=","193GH5th4KYdbCQq68envFzhta46gTET3yYwg/CAW8A=","3iTADHejXV9TankDjI9ZIeRb5ngxkrp+9gq6jhXSRvQ=","K6pM7SIhF3WO3QukWXiK0cyUGbta9TB9zohxhhP9HS0=","2nVLOzVo1HiOcK5JS7pbQCnPV0QM9Q9J4Z2mzTW+gkg=","Y5tOLTzgZv0i3oiv+W+zpCPFdP0jM4x4Pv0AZHDbs2M=","2my9LaD+2SAVWVTtjzJDRnsVwHA0+kqyXca5r48zpE8=","AMy1H4EhwzLW7JPOEpuStCLHgpsEQx8v/3E2dCXNrAM=","CiOJVkBTXKF2srtL5IU++to5XADU0VYXZaQ4tGhFkBA=","YSq5LUqxPpDvzGji5I+3ws8YwVjnNPsUjJUUcIEnh3Y=","iwELfxAkLRGyRe06D50npyO/Q7P/Xs6AYsqFZCBoa4c=","dnKYH63KP4ndYtEd0ivj8thcQ8utDDWtneHn+2uBAZQ=","lSpDdV9F+ezs+QTH61MXZ0bXPmGiuYhAS8mkkTzlQBY=","Jy92HrfbyQiaFLs0CqxfZg6DkfjSMSg3EtS1BEEuneU=","3whDddeQxtSiodpD3WiNAKU0ozu4uCfp8CBW5JYXs4w=","iK4ujEbHoUc0K/4YepWA4qYyqIB8lLsbaII7Uz41b7I=","oQuLbQJQfD2iKib5zx7BuQ+gIOmagjz1UdSM5I2FeZU=","H3Se/hhq2GBGYTTN2M+BFDkgSAaxm6auv+NHHupsczs=","jv++4BlnJEiy3gtdsSdVPnK6ku24tL2ahBXBZjkUZAY=","yjy51ZpBvcU1b7gGWKcJlP2gXzIwD8TAwkTQl6fIxOU=","IfK9QPwUjj8YOjqIGj9mYPRUopmGqM+DE/iqE4S/QZg=","KRrqNN5MeP+SdtxMc9ZwhaVkXmFvPHKH7ltZAl/foLI=","qAyRRigUiDC/pxJZkhjjbvLpprm3VxAWhR56lh9jR/4=","f/DIlRA/zd+mAn5QLrSf1Wj6cZuQyXMK0UvckUExTRo=","8hyzNXOsJtcyWRK5r73dsWWXv+fasSiqonTbKQahTOA=","IAZxLHrch+cUWczDusrr75bVkCGHXQSVBLVRc9znYJc=","0VS0wVl8l80PuAg9+TooVkNGaqt288La4bmye8jCjhQ=","N8nATzFon3uf+WPdTrwPhzIr9o8MvSwAll++vV34VkU=","gmvdHk/KnXNrtbH4AyjYgIZwwNTwd5SO63LFIFujBqg=","hkSYY4h7n7d0htvPwJXF17IFCyUjQy8b0O2R1uL77Ho=","Ctp7/VdpX1smdejmwNKTwsykr7Pg2powCBJqY3Jd+8A=","bpE/uwmUhwYixmQ/b1bRh057RMM/I+9WMiIzXpdFLl8=","hRZzDnnugJqt90HhMlU8K3fwlAQ2dxoJU3AuKdjG95c=","/txqPRf+5K8nGGLfpmtP8K/CrxGhLUHO5oz5OLxSJAQ=","hmW922gyvKvfpeBwPY2rVlwclpnyBcwLSJAsDGDpfts=","YBsSNYg10kUetashQG6D6MJifBhH8BhLde+ELzlcLEo=","WYCxVYjfBizjQAB9cj6LmvlPKYf5pAjQU42JhprFiTI=","s7E4gYgFxQc2y7blDv643v1xHMbWhZ7AS9wTPjO8Cjo=","qr7dK9wlGHRHehmOiZYF7xY30IsdGyvQTToAHgflLy8=","rK2vlKhTLVnB0ANaWtoIzl4m8asGu+FQ2uUIK5CkaCY=","QNThvUJV54bk0X0ftgowtPBCCKhkv46amieCSTZbWpw=","dQqg9vvrg3n+7tpGMrBE7tTxEx+kyKoUWXmV0AxBTA8=","wue75qdt7HxS7sMjf8geDX5Uc4MsF9Wz0uSSWqPbxF4=","Y5MvC7346thqcJkO6gvHjXUNr/y0Ew0aj3nIbErl9N0=","zPSKrGyO0mXzUhb3bfnjVo7xQavjVRkmrsqC9Bo3A78=","SWv0uneNzlaYNSOVDk19P0QFsp9ivq+lUhbkFfs1WOw=","1KDK/71DKN7TiMGBV2fOzUz/1ojju3+Op///HTQeZqQ=","PbuEFin/lXsE0p/QRbVWoLmoFhBjB3bBhzb7CZXHMLs=","LD3UgG/TezyqSWNhoaif/cZZXXtVFbVft4DNDDnpNqo="],"block_size":4096,"path":"lib/jquery.js"}],"version":2}