{"file_hashes":[{"block_hashes":["nxSg96/kDCu6d7SKjMXZTp0Yd2p/fqTNWKhtmWYq++U="],"block_size":4096,"path":"hntab.js"},{"block_hashes":["XcsXTjVWahL8r2c2MpjFmqg56ugfTh5Y+14mpJ9MbNM=","Ol/B9eJiigbWE0wF3agpyia5QVtxIrgk9jhuSIDl45A=","VVteFfhbsZYwNRaiuONL1wUapdujqoNOj/uKNGqzdOA=","Sd21Ul2fHBpTOMzuR6b3gucB2TmpnXUjG+bCo56Je0Q=","rbA6a+bekR3v1mO3cp4NhJDbpO/ZHp9zqnekaSI0QA4=","Jx8u94l01sO4o5PplzJ01zmvckqkHRm7QLloiOTwlXY=","r4QdF7nf59SE1XDian1xKB9Nlx6PGJhTdzEg7BySVqE=","BairMz0DAcEmTqLk+fdDFzsvkaemq2sOOlj1ixjfvho=","4OTpIhQHS9JnipiWZeKA3CAtyxMjPP5GFwa3kZnnMno=","Bmauw1vvnvplLa0Dyf8LwPXLWeFJgADH9n1on8yK3ww=","Q7wPjkKM0VEZwo0PZdgfri1RFFUPydMVYNmUoWiZXA0=","DSYxoVA3BqYF+ECBdqHw/sG091znp3xK6QfiPFj35wY=","G/al/B7yArtME/e+XTfpj9FQZA5O8AoV/amVko7zGVk=","9zR29fi1hc7Dzdmj7aa9cb2dl7wMbXSbTHb5qxwHFS8=","WJgkSjOGkJYANI2kaPZ+TooahsASRBRjBXENQH93ALY=","bH8mEqlbDI6iR3VPkvhVRs2fYWpsEMTGS8N1kxUIsik=","h9AF5P9Wl0YiTbsUMmFJZe6YYYQbVGjxydslW6h7tPQ=","IS6pyvxDYhq2zNnGMJNZnK9vD+YQjgMkzoGsn0wKWeQ=","aG0BtPZX87ezU1+hk+NBWwjYtBups1q/XAVqq2E7fh0=","7ssROh5++FPkk8N8gv5hSzPLP3VdvNggfrHuy4Wdaq0=","+tK73OxbyDeuTutM+Rta2orlxWBwJ9RyzNVmpXp039c=","22ucYTb3yfAJ9OzFPR+T0xMEUe+U8nG0rFYvGyMXPRE=","TeZsOh5h0Zgq2e2fyEwbDwbHuMh8fxlQz71fQZGl8y4="],"block_size":4096,"path":"jquery-1.9.1.min.js"}],"version":2}