{"file_hashes":[{"block_hashes":["9rXCgaKrLqLj9xg5n0FaqGDh+In1tXdn6+j3WnTJ1Fo="],"block_size":4096,"path":"_locales/no/messages.json"},{"block_hashes":["iUkpX/QmLHYxKDvyZ5k+4py/hSrEiDYLpN2ig0zdj6s="],"block_size":4096,"path":"css/common.css"},{"block_hashes":["VGLB1r66XeWK0g4sgrWZpB4cBR6RYISG9ge37gpLGB0="],"block_size":4096,"path":"css/footer.css"},{"block_hashes":["B03AoAbq7NC5Erwy7kAAtPK/M6xj6ZIi6q7OO/cN1jk="],"block_size":4096,"path":"css/header.css"},{"block_hashes":["1y2zwyjpACKZIj5d8FIFn6LCD72CUsMQk3dcwjQAsvU="],"block_size":4096,"path":"css/notification.css"},{"block_hashes":["E/9M6VuUXfgkZmvUtwrjyDCb1bfz0E23ijxV4Z6nqUw="],"block_size":4096,"path":"css/popup.css"},{"block_hashes":["uqKvgAhEjBeGcJwDZ/p6C4juHeetmCLdxGQUVelcVKk="],"block_size":4096,"path":"css/tab.css"},{"block_hashes":["r+xFUuEt8jV23g+vWVEeGBcL8PPrWOr2+GluGO5EB64="],"block_size":4096,"path":"css/tabs.css"},{"block_hashes":["7ZBl2mngFb4dzyfDJIhw3fgSYi8J2WWXiNXRTLNkpGs="],"block_size":4096,"path":"css/volume-info.css"},{"block_hashes":["Xi3Lq306IwK7lqZn50gR2f7HxBfQU0nar2JCloHZ6R4="],"block_size":4096,"path":"css/volume-slider.css"},{"block_hashes":["V/wOrMuxNULfw3YvSKNgJ60h54L8Il1HUy+m8dMYl6I="],"block_size":4096,"path":"html/popup.html"},{"block_hashes":["1Ibbg8G3HGZFkrsZmOtSvA3iK0BEiPkkd0z81qUn3Ns="],"block_size":4096,"path":"js/background.js"},{"block_hashes":["hcaDZZAKNEIXPFQpn9Q/lFLEhM2JDyxlIY2Bida776o=","ynYFAClXdA/kxWxTrRli4/zkpIzDm7qboq1Eb4BrbnI="],"block_size":4096,"path":"js/popup.js"}],"version":2}