{"file_hashes":[{"block_hashes":["XQo9GquClFL7p+uu9D7MqJje+F1XFfrSuXfoK82Fpf4=","GNKID0DA1Iz4Jp7oaXN6tXMgn70NONTd2qbRtwzqRXo=","jhTxXNdesAkSsjpiqQ6it2V4fUTst+UdNWzpecE6WX0=","GEt24fuZVthzNxSSvWIQOu64m98oQWd5P1hAsgl147o=","11FeU5pr6QAjT3e59emxR3jMN4IeDwQFozds7DCzY/A=","fNvEib2W1Vb2EXUJfByVwCOAsroWm7ztJAZw46YtZ+Q=","SkQpUPQKEMIG+gakUhvu6rU/kUqhWuRo3Ky5vFDWtYo=","Z2p9HJOtFaUpglai//P/WUBxu2K1/k7IW8TbLQNTXdw=","NJG3Z4CM+DqdEJAjaMV8O7pQnXvkQv1K1fN+hMPBgp0=","3iPARoJ55h9CKW05HqV/4W0f4RZzxZZWH95wgJg2dyQ=","QNraCp+pW94loFI4Pkcw+THTZLrwKtFDgyP8QnNnomQ=","4f46UohXvsWijMdyBnRzV13crI4NWvguXugdRigtExw=","JvIz+ZPuckMO9K7M1FuGeAJtdxaxA+OzohjZj6D7X3c=","EQPyCq21kYkO6c1Xx0FzTjnzQnY/g/3+PSWoJyKNk3g=","Vb4biya/whTUkThryiB458rY49/PLM+LTYHUNLMpA1E=","hATPzEZluyAAHwy+eObLTUtkWiVE2LE5vTQOcPyj8Xs=","P2EIgY0rPQ/PIp7+yn9s6hHyoReLl56KN5TZoZD7Fuc=","xloXYUbKqqheOSZMnHPdEtSbCUc0wPnqAjFzhTcW0DE=","M1cU55g7VaKDwZlz+MdtC6NqLof1DEUF31Gnres/GJQ=","pxLhvU051cIP9ywZ8R+JzyR+/yUp9VgAwwTX8fpCH4g=","Uu8wvVcBjKTEaLwWlPs2NCHxp2MYFeo4Q1qrOLLGqoE=","/JBXeA/4h4rhm3XdW2wkNvV68GCzl7nC9ckS6WdVk+I=","MWpg8JYGNNwxx5ebg2NV/AuWJsZ2Diez0Ubp3roiLGk=","+pZl/SNowPLVfFsrplNr28+Z7SBj/ZweSBMn0Epm2Lg=","NAGTF173+l8r+xYPLcQly7WxO8EpPWkqM8AxqQgr23w=","YTHRI1ur5yJZ+fsHvTolxXroEStaYTi4hdhXIjWduls=","kg08kme9iDF73Fl6K3NzneyjLRYLWX81lTcAyPCLATo=","MIFt8FLxWGyPLLRRtTi21HbgX8KWjyxp1BuORkWlvo4=","tWr/rdAqG5IPRlD67WqAAJlnZfy0tghFSIRi4sBn5EI=","S1b4Vqtj8svlO06/+BgoGxnyq+DiicPvtgp0HVYX2Do=","PM1SztWeQ5SwPV1ohBebI7Y4Wsa8kDHOQSTi9g5lb0U=","u1f+Hb8iaC7tOvvhGWiSsxbO5DxPIELrOivfI+LB5bw=","47CVRSRWZsE2oViBDHvcUM/hH0w5YXXKUFYfwGhzZw8=","ohRsdgvya/QEnnD0QN890qn2Up8f/wqBsQNwD1ue3Rs=","ySHgVxhbKkuq1SsyVbusaqI98+MhDRvc55cvqRKl5lA="],"block_size":4096,"path":"background.js"},{"block_hashes":["+A6flEbT8kyX1duAvl291l4Q4RdiiC5fn1jq1rGo05U="],"block_size":4096,"path":"firstrun.html"},{"block_hashes":["0qFN4NfXEGgtG66yKn0yYrH6qVzZcBG9+/z/Qpsmv/I=","WcuGGXICfmNU5LpJyUuiF77CaBBkHtesz7ddpI06gvI=","ID62MfqQd3WJyoQkyNoAJ4R2Pm39NCrpFiQ35JVEnzk=","LCba/MeHlr6SK4qHyAwjfVyvW8Exydnrlv7J0C5Qc0Y=","RC4AJBrRWH17RNw4gUVHfChQIOzVUhAMtQF2yseMxUU=","nJpPM/BquIZ5Sbpz7deGnE2HEU6GoA6MjeZf38cj7VM=","rmNZtGIuzkThTOq1cHxErI9UTpgXXRpNk0mxFl8s9oY=","iHBvmqsdmDcJHawtHifXEVYTTawoGPHdwpTWcKOw51U=","QSWYs+JnDlwjtOac+pRT4KwZQvkPwDj+yJEDIuvOj6w=","Zw+tmxrUZXEH8hhWSeTtKNXweCtcgFurKlDUUw0mtUY=","7rG0sZAxpvas4irUvqYObI7dQ+cQdRrWE6e8duxmtsk=","a1UzrTbqjOuX7kVdhvRO/4IvLLsIz54atz9f3Il4Pww=","OpcKtoEyVxMgRH/jGm3b9lApIhFW7U1FtrwFOWKbYKI=","NbSpwot6ScvVWcYMSeBclKnSmbAS0Qj49uSp3/W07n8=","b794vGsDjaKtA4VhATuVVRP7c4rpdhbaiPMS9PeQUng=","BVMbw6LqCTwvS5EVeTO+v1I1YIGUuN1BH4VBzm2Gmlw=","rxfvYr0h5TM2W9uhYFOJeDA7RpY+oW8tMgmcJLFJsVI=","ubU9UgB8NLEvPxBX4YPujA0SuiaYI4GHop/h8OGQHec=","npJ92rexJsX8EcmQrYoicXK0Tp1KpTLMQdgtfJk5iRs=","rgSHlTxG6FGCJPvT3JTW4UkYwc6uVmRXJdQ+0D6h2zo=","QEXLneiyqS1UAUsvi5/Qja+2ugcF8guxzCWBNk23hr4=","dE9jDS8F4lqJ+wGxClIFeujnCxutYJl6FFIzyIRszMA=","LayLeEBWsj53nlrznenZjjfh5R9xrcmUacZqqt/2BK0=","Mbi7KaLf61J3paqeUM/gvzNIW7FSK/sQeLSdx2255Eg=","gaKOCVtzLQbqYzDbFA2tL9nL3iOPHZf5RUXCV4MQSAs=","gALg11wZ1WNNFwc2PZQHebpLIMEZqPTce6/s86NdIHk=","9uRgX+801iAlswWfAjbAzJIZtYb/4jJmNe538AJ7JVY=","uZfe8tLkmTr/pqH8uXJf4JY95sDyGeWGairZ4MOLAow=","YlT+zwftuzPLjlLAxYL0AYoLly2b1zg1o11JRKuqXTU=","P5q9GVUOrmxcFvVYxvHr/LBtxP/9iKexVNezmDbM354=","ZkQ3PLqTRBf5ECvfHLLj/0pzohyWxCKQJuPBlDxlD7o=","91ZtS0KtW0pDxn9Y4KYx5NdhPNR0PWL+Kb0JBF5jBeo="],"block_size":4096,"path":"js/background.js"},{"block_hashes":["u5l4gOWN3qBfnwEfv8Rl//yCtMdB0AaML4HXqN2EbBs=","T2P/ahNQSkbWpFzRmMIaTXExiUSdENNDgUCZSu+fFAU=","qJuAkUCzmdl1KoB1rqcViNZYpJG3ZNNZuV7W5sJW81U=","6WlsOFkw2jhTiBIE7vD8+TmY2gxiGYAslw7vQKionFI=","FMGAqqV8AAnSgJu1w+vezyi0nDEkFjnA7C/Ko3Q9hJg="],"block_size":4096,"path":"js/firstrun.js"},{"block_hashes":["KfwxZhoVPdtK9RgFGGhP+oMyXqDqpTmyUuLiUwCWpO8=","smmPnF3seRN4Gw1qNb0Xlhq4rxIIabIMm2NY4YwnKww=","MDw4kcLw2EM2TkVe8ZN6QhWhfTXNgdR5nqJ7fRUBiwk=","wbLmPv7P0yXqF1Phsrd5QfCGVC4zPcnYLpcAPM8+V78=","qnTYBTfF1lx1dLnq8Kf6/uGlaA09+RwXHPtSr40/CaY=","BzsOZGgIdqJnaL6J4JBDPtSDppWvgWyzDK2AEywK7yo=","6Wo6RI2UKWi2HawB3L4hTcawvVgli5jQprusKPgA+rk=","8eBzpeeI5qFPs7E6woxu2KY9VvjmOiSBI2iy71/kdBw=","uEjgUd0rUxPaeTfn9Cf8Hz1Xe5b1d3XM/6Q3PV/kiDw=","aQqvgYXgf39J2ygQJ/Idl0eW1hnQvtUwdO40Yk4wt2E=","9ehV5i5WeVq+c7L5ix5Zn0wC9JP0eHWUA0ZRBed7ByE=","ICaTu4DC+dzqzKdrQed9LTt1Jo52kO0gbyp7T69HKGU=","i6foNPK/lYsSsvEAhZmJgH1uCz3Eo5RAS7wslS/p0VU=","036MF9EXKtlzfFvzSk41G+2EDpr8eRBHij1+U2Vkens=","cfrZyA7OcHPDQgXbDo5bAedJpe1cxUsAvGtK+khxm8o=","bVHjjBIwqHhMbOxfJTpFLOCfdkaJM/upTxum3vV1+I0=","VoSzlCZ4Br+YgXqr0Ti7OLC6qrjmt4cLXNm9IBvKF/k=","LgT4MV9jEnqUAU4vLYk3/HszaROuEidi7OCKOh6tQuA=","NftFo0uFRTTbua9otiEc+U5iCccfnqPwAAJLWDdeS94=","cLxujTIhX/mN/noU3MLoq0WW+6StcWuQyQJ8BPE1ncU=","PJD8OfdV/PfP12Mowvv+WsxTyBM+sbQe1TcmVnhP0Sk=","xpUiOf4LGHvSxOgNMBl/Etyk1WoQDL7A3JAtls6N2/k=","Vno5E7rQIQs/1Q4iwxWFgpeHD9XN2Uj6cTFhNdhK048=","28sLjvdXC8UfIbV5OgnpVYHq3qIXz4ddrtAEYw6y9LQ=","Tqj5um413jHUjKwP3inSKSI6Hp3ePu4Gk0djd0/v71Q=","zveSfqUnvdypmAbvIX8Aar2xyswvArwyL3b67/DYRtA=","B8BfLJ8I/2KqBheONSeSwgZ2pCY3HaueFZBf4al45Bc=","r0IfOB7JdLHniVdk0Fk0MK/sogIgx+PrW1ZYFLgA7OQ=","DIiVdij+piA9q/Ldta3Jyis2/iw1qOp0ZbP3ddDFqz4=","Bzh+tsdsBsYA7VXQdnLqpf53ZPo4NWQAdKXfYud2POQ=","bukjH1faEhpm4DhJOQrbHtfiG9l01EYSo8IWjPe6v8s=","azKduwvCtZUqXWWaV0sad2r3VVRD83HJJxg6HVO+Fo8=","ckZWCCATnaSYTSu4dtt/w0IX+9x1EfohZRB9qIbNDtY=","62XO5gEn7RlF7VvZpt0CDFieIbOrYeGYTef85rd/rqQ=","5NO+hVdenNO8mrKXFlQJSU3po8eE49QBU+4L683RldM=","owDemHlcqpEus5QzBoeEgJEldWyWAnt0nUSqDsUTFE8=","btGqOv+lDKE3sBV3dL39+pLNzpGdiR2meobzufgMunE=","cFl5+/nrlPIXoDsWbNFx7D01/jVks7AsUbv/1Zob0Jo=","7sFasOWLptORgGKgn58F2xGbdKtYawxXv1tV/O0MDdA=","491F7NVUVqHc1CqhBQAk8LDkCoyl0RXsl2Wu1RL0hw8=","mombNewzdezT6vT0WGvIbW1VXo/DWp2/U9XCdjlhUHQ=","pf9iybCbxrdIC9y9Z8fAb05PsB1OGS7aHwNP6n4JdEY=","SzBuwbg7q86A/tDO8pxLHP3RO1nz8tB8ju4gDuzFaEc=","/2QPi6tNXcrfiNhq7+ZU45YxHXYCfqY8SrhOkeaKI4U=","Bg1/KDieveNOxqOftTSUsG9t/GEPi7oa8V4qnwm2Co4=","bMKnCDYGcR7kerbDR4cT0yXA4AyjcYc4ymBDNnhPlfw=","2q1C8HZAk0cYiC3uX5pcYm9N2jGxNOYZiZYEcJr9kyU=","E5gMoO68QwgkC57MeOs9Rn9dzgeikhlcTtLxoFlY4M8=","CQ1NXqPRNTGIBWQGZk3c7mv9eIbWqsrLp5pll9fjN/U=","MJ+DKZyMvP3CFuNCbLHGrM7E5LgZtJ6R03L119kQQVk=","SXettHe4ex186B6M9TGzCDanlq4tKKEFuGT/260XE4E=","83LdX3bs7NUmBdd5ipQ/XEl9ywgfOoDViPPZONBZRwU=","J8xXHvGYy1HsSruu2ff0IzrEpEj0PAgroJqWLhABwTg=","mpNlZwZpr43qiFKVtmJsJtb+D2E7aqK9ZB2KZX86aQs=","nyP+PqB0QrHSr8tbnjPRo6pht4m+HvZXI8ki9iG6jNE="],"block_size":4096,"path":"js/page.js"},{"block_hashes":["fn5cG6QpcxTR1xfzOJheJRohZQrPp/n/7ag5FCd7KYQ=","1ilTL+5RkI66lHPgzkswG6S+sZ4W1HYK+MncOE77nRw=","1Qb48+NbW8ihhCM7nTnYFQa+gL3BVw53i4p71e6pbY4=","RTECwQ8cm/Fn7mMwJwMZkc/vz/P4LOmOXOYJOobEBwU=","4yt3qw+hCEMN82gB1BroV+8rWPFUarZ7jbcgAI1LQh8=","rIuEmY3D0xJdwTm5u9QpVAc+q8dTDT2EELbkeZa90a4=","5jvrysxgYi3Q65nz3LqPRblGnsvmzgbpb95dAA3/2J8=","8T7UudIVLE18Yincd3IpHHslv9kYOK93GyuYT70OteQ=","lfvG3d81G7W4IZTMN5io079sQgEJjfWDUdTwh6I9PQ8=","q9Fhcq2gI2pPidx1pmQ7cFE4Wt3NgIKAJ3GDRzD2Mu8=","Dfw/92NqLPLz8gWpCKlCYkGLJ5pv6yB5pAeLO9OYO6M=","7xWl+DHUwoc6pB5BEaIAXhui5ONWh93fpjB3hrxD3P8=","HKmeU+bY4qROZBrERjh9rPeMYmmaIQomrXLmeIuVunc=","YwECxDDUGjUDsT30o55RfJr/IlhQWamKHamtpvzzkps=","v2WUwYYt9iYKeCkJTZKYUJYyN2w+mH1HcWcpU8evCg0=","4JH1thTt9wpwfLAI8xsPqHZ+dIBD06geU0Np6qwcrlc=","EpGG/LyEuTS81bfi/77tlmB0BNsTaey76NHvYPf/5sg=","EFwYXGNGTkTbtcVKA/JtMGNdBckHBEjDai3DQRTwRX8=","VKaD7NdjoJHsi3eayjsj71qIMlwHNajDF+b58KYnAq8=","SQ9dAZnvvkdzLaAsSYQCjGuBd5nUlGm2Y4GMDai6t+w=","LVN3ht9nSmhQ6OgbPYzBagkSU0vqwybThajerAl5T0E=","PrWt2EiQhGEskICiV6fG5Oj3Tcbu2WE+mV1JI9hNyH0=","Jp+n7SwtVJx1apiQTJ6D+0Lu5iRuH7r01AG/BgTae9A=","5Qbx5/Fss5K80OT2YHTx8zdxKwBZuYi3Sh+0RYjEXcI=","ml5eCeJhspDtG+k+R1YZyfyACBdPN0kK3W2X461S82o=","ecyEjkkOHriImXQhcKM/U/VgnmrWEn7cnSv5jceEUk4=","CxlGpzGrcmMl7gsb6u91WY9VPqjxk1tMg/+KCuKtm4w=","CL8lWwln9XHwo59ADA7+DjEfO8foDp0VpJ6RHpv6rdo=","YEClI7w5OEIze97YuMMse8YjHOIYBYNA7ydI+GtnBRI=","vT5pJTlpLIoUxo1Y1a0z+//OcGG5lDjRW21sH5So1jg=","4GUprETlBApR24hNKfafXiIbKwJ1CCZVUofqECABaRA=","U0ndW5i5dRP8z/exjkpMjeNRZMGiOlwI3KmLeSHtCmI=","WagshGdyEWfeQJeJIiqLyEWp1VLFRIZRDKJoE8aTaAo=","9ID8BUMUPoWqMr0LYvx4eUmpRM0Ufd6a6MtqAuj53nk=","TUP6WTwZrVtZZJShbD5JcavHI0ahxufCQUKsa9smPlQ=","u15f6IKmENYM0DIvcjQflmo+j3KSUmYdCACAXtJQYRE=","cl9lX8bH5Sl1Kxon5HZx+W+nH+pL5EHHosZPxlJTU2A=","Gzs1HF7aiXhLDEdUoBDf+NYchfhI0VEka34KS/2Uwm8=","Fi248ZYxxBBYkQfp7ZOwUSSaGF4x6cK3yEccFe63Kp0=","8C1euMr8Ap1H+e09oEkMW2DweOWUDk9BFNPsL0r62xI=","N9gC2eWR5xelAiqhf2Y7QnT3GlnybwW0bwcyvtFRsQ8=","148oSaVLXjGA0FrildSKtjpHwsC1aO2mNibprJ/su9s=","GS4//RTsaojg+RJEeiGHAFREcOGhoeuEEd8C13wqomE=","ykPabDBlh3wGDtvJkO/zYj6RSrx0SxKD/NWtf2U+G1c=","rKor2g3c4iIO+Buucw8VwgQMtpCllnrdqFNMAtW7MC8=","tzvdR5Bk4f7iJwtdM016lMer1K/DnWlIXrnjYRcqcUo=","7vVt2D8HYAr5yX9HmUfG1VdfZlidc3ze3KTMGUurcXg=","kFo5EtAkETNhlnWQRcgzJJKUj7/AKOR0pXgYaBskaPk=","aYze44PmFXkcGiQcIDdUTdf4dOKIj2BKyPHDl/n1OP4=","y57xG3j2mxle1G5WkqZrmRP5rVbnR3OjnPh1xayY430=","hwDV8bpHyMFJsVUwPCtZ9TiwXy/9DB32Svf0gep7ghk=","lVUqb25M9BwZCihZxhNyTF2bE+hFfShWB3eGsOUr9z8=","FRkbIqYNOYXydllcf9auyP6zajawHAY9qEAetOLhPlE=","WSIAjnFyJH34SqiUSxgfXaZI6p9Ww/l9OeNwiYDw8GU=","R45bkcTuzuBXnc/aKPkQrZJkMqgrYIH6hRLiLo0DqlY=","/tYr2J1bdqplsk5SINtaaKpSV0c6pgnrcd3wdvbX9UY=","+UTO7mGy5WhhGM2T1XtmeS7wiUl6ZEj/42MNgBWzNdY=","2/eUrqy1wc3WRvyvlx2gKsxB1D5Y8kHsMeF5+vlwj1E=","KZ2NIgn3RjEGcCi2Uf29TZVE21bd0SCk/bLqAyvz0CU=","vtNvpvsShwmmthUKgOHVATYRn5Yd2KlOkOvG7ei7bEo="],"block_size":4096,"path":"js/popup.js"},{"block_hashes":["qkxDmAAu70OPM28v/fEBw1c2LlApH0wEbE0Bey/abJ8=","mODFnXYad/IgMrAl6/PepLNfGDs3SpPxHAa0k1kDvxo=","3PGY6inRd0of+d4gtXwKYf+otYSJA7McuGj9ZryaqmA=","fUk6a32xa0+qF6HhhGKomr0QWA6A3K7RGXRdzlxNqy4=","QKRCnFS+Q01Zg75nhE0/Ea3DoFqZhyYYAEHd1B2q558=","Uv9pYizCfiq9ujFMLbsyeQL+pJp2iPdQlIGjM+KRv/g=","68FTRhNAXkLU1o7ft1i+SNeUY5w8w3vL3wpb+RVNOfA=","iUSxpTJCii1yL/9dhjh2E/PBvfGPo/mUmGI2qeGr6q4=","w+uul9WnoK+bewU7/7BhyzacY14CqJaxumffHBx9Omw=","7TGnZ3F2vNSC1YG3/10X/qpRIhB0ujXL4qQDPU2GHRc=","08DpHJwuCfJsX10JpfHi0XnmEQpsjO9slKdNr4NIax0=","/EoBHrUclth2xf+9d6dqGs78zJtoVIWJw4Baj2rFY0c=","iJFA9c292o6IouzXe6x2J2PhwuGgAHiXeZZpKn7FYwY=","IAsBq03uRMwtSuHfEVWlulbCYGfBNnkBI1kHEL+8oGY=","QcrRRWmQzMiHDoVnPucyKuM/KoQGdSqRPHiRrAyBQU0=","tN8zwwHUvE/eNHlz84T/w/dKYS7ORHv9W1FnV7+dxvo=","tUZD8aDBqRsYxqNQsrIGbqcOEx05zi2lZ+sCFNgW+2w=","TIkzltC/cq96lxvFqlQ0dG3EKJzrhYoRvobU4dRpsc8=","O+UsfQESS5uhvG7Nh0+CK7p+kXnWXEr9q5AXqYpkMcw=","v3nEihLJC7DFBbv9/t5JEjtMExTcHwrFK1hnU8zL3Ug=","Y8qRWKwdCs3z+KITmYLWvQ8RGLhEgtmrrEl9jOJn3YY=","Oj+AIp8QU7VDLxkBxfKRmSukVCHKfx+47tQGd9x8+ho=","rfEAfK9gDDE+hBfZ+KnGrV24Mf0v17zbl9QlMAp0hu0=","KXKSQSyJOf0aRqJoXmZ7Q8Kbmpl/D3N5CmTfOELxfaQ=","XcC+juwp9lkH1ocPZvPtmAWekiqRNyFX+JslRoOH+qk=","LRSQz0/0ZsN2KCCHV1OYiqtr+FDhT/YHpNMzmg16MbY=","K83PSiJ2BE7cdS6gB0XoGptBkUanpMFPVJvTL5pC0zA=","k0LiCmceLKGdzITKuUzcba8Kc2NDERHoIhS4JChnjuc=","sipDCMNl5Fu9BiXoybnSw1BEQhw6cxnvLY4ACJDVeoo=","01flGa9BIQjZKJUhp7yjUIFJqWGqrXucFEAZL9hlXxA=","5g2tgyqM/JGYL5Y5KPZNYDtPSu1LGnFNUpjVuS7xV0M=","0RndRiwUfksk9Wbu9XJhYP9gqdZWFH5wNqASGNnKuK0=","Hu2k9IAftIgeOlqqK+mg3zYAM2ru/uwmusa/sufkegc=","X3GD565LUnRqnpU5bo7Fc5+3UaKj8aaHRdm5DPNxQl4=","8OET8nq09HbfNO4fcqwLj3yTlMm6I4cF3nRMDwfexzo=","8t0wW+Ck9YP4kYGFfSO0P/fNGtcZlYSS0jVrb8dZJFs=","Xc8JR2Pvrr+TkL+CcllL6azOrwJkj1QHofq0aMLdKP8=","oqg2+fUhPrIroZC0lTVsKN+C+v1w46BaTf3ixvwnfBo=","3MNKbOcaYI+ZFmhGezwgfLT6E1tvrscQOgV3mrvk71c=","nWygpTgTx3IoaV5YPZifFAaG6em/0XKmHwVC/O3rVOk=","FWaZFSPXaJmMzQKXjkYiAlRfszUgdJ9VM3N/JlwIaXk=","NJrL5kBg9LJd5+r+4I+/BGlPla+G/DZrJjXUvO/fExU=","M/aXVrOMKMX3rppsABtm4U7Y36zKVRRVAOCVCrCUGlI=","jkRywIO9PwygX2PimV08k6TLJ7YpPbR+D7tiN4w4KDw=","fbxxQUNZUcvhG1PWCMa7O7vGzeqNaovQ3rHLdAH2K0o=","Ciq5r6rD8wP6SkX31VN/Eq08d8of9svOIEEqqR+laDE=","ihs6ClLS5xmH14/lSlYZb3qRdCRg84Oc4oyem0nUALs=","ikyiBIJoHBlIUtLZ1JBrW0X99dlbbd3p9JGlRaCltCE=","ceqW2RX76ggPIydkCv4hgYylqSu4GzFKRT6SHo500ZI=","BSY3s46kXYHLJhWrmmooe5XHgmp47sukfIRQCQoK/64=","MgU1Gd0zsxbpN61dchuzCqYkoZP3WHZAAhvMlPd26oo=","Djw8H+99G311Mv9JFreQL0O/ofF2AtcVA8BzRoRlxqQ=","o0nOfWHNBaigUX4GRrfXn7mq9qE4ZnxSwIjaubNvJ1k=","Vs25myI/li18E323a1ggTVPaa2tSWc45lCJcEGMTJlw=","vB9EsJxBt7XAYbELj2q1z5Pounv5xYhmUif/gr660vo=","58t9OOd9DINg/z7DXm94Fj2TKVh8zI0tKiU997Wba0U=","9sTEnkdc+XZMi4urVU+/OBIdmAMw28GTs8f3OLmVleU=","FaadwgROCtci+O6dJx9WHTe0X6kZQei9t8SzntJ/030=","2OFoh76Gfx6wZWvEQhJ6bGsNoZl59qALQAyHTgMyjM4=","FvoJjyUqKj2YEkap1nFEKglv4isLfFNO9gEknnd7nAI=","z0/a2DQ32avL6egmIcqyn1/Lwibx2v4CPjAuz2HXCeI=","bWMmkaIgUVrYc7XT/2/Udhcxb/QfBfoPeW3YnHT//fs=","863FQLynj3ZTvFhFhXE1uiyII+wwXB1pHkSzJUSu1hM=","ADofYEBN5//zP4vgPKD6Y9YKSFWawT+a86ysJiXwuWo=","vp7NOCtKRCH9/dDFwQ5dsMtuk3+07e5T4YPHqAsuOLo=","7TsL++c2ZJ27j/Roz2HYkS+HOVdykaagASD1qmZjjFw=","s+U3ILtO7HGUf/zId9f3JveW+EjNxS2wPm8k0j1BE8k=","JZNmcLGHOiaAIGce+S6lDcDdHeyCWkk+eEkf5nMOCOI=","xuqwS7fyA57SA0WxXPR82/+DcTOLKgYc2IfOExrTnZM=","J6X9ScRB5u4Ibr8S5cqxOj7TBN1/3GKNYMFOclBuMoY=","J8nPbz8VtMcNw6kj/im60v/PbklFT3REtW0ogd28syw=","7anwGokQwD/TigRJQacFjygNWcWUIKshqp0UY5EX4Sc=","FrOmn6PatSm6gtpy34Mj4q5R6qZotDl80K6J0eqkkwA=","9/0Rfh7flvBPAln6Wcbo7qjpKLZpnTDQ0mpaD48OiiM=","Rd8UCS54s5FW8h8wBTllmc6FyYGzRknPZDvhtOCmvmA=","idDG1ibOeBH7jhl2bU0DLlzyVdRbnIOFcWjYS+hBnIM=","pMOkMgHvYUPlgADh2FxuSi31X0ALv5RO/Uq9CihKWT4=","n+50Q9Er2TshlAb+SQNP3ofsOSHja2GoTkH8PO7sQp4=","0N1gZAGuDb+e5GHOQFZbTNfFQ5NNAc5E4mGRrUrYXro=","FGJ8CHnp6CwbvioNIWwFGmz3ilSTpIq6S2BHQfKcuwQ=","aJTTinZdZ8WYpuiIDGb6n6jBr2GDcDnGJl7w1u2yxYY=","xcolJgbTowR4NUJg4kC+3j4XHCB8O/N+T3cLz6yWP1U=","Rg8fY/OQBLaChW0NQGxEDRXI90KYX6MU/DFMg76bUCc=","0rTn95ZI0q6a8y/StXxJvbz0Bdk1u/uUZ/xSLCeNkA0=","/b21nUCTrAN/n0B2f1kE+jrUTPNRgC9H5T9W03b77Y8=","JqbuqhmcUvR08FBo2fQ1BlmEGPkUVGlHHzwEhkhIAPc=","+CicPerhYNAK4NwE1aT4Po4ND3aZO2rCJOKB0iE+wPc=","LZI0yEkywRATVuyoMt69gPACEkYFS0k+NHE5gJKWQoA=","ZaLCMhg1lMSwntzsVAQWTGQmmx8bX1DSknF18IPOF8E=","0jeDl9iPQtDdDhuHr2LBh5ghd4nYMEPfiKpMn9+f96g=","hoMjlVpovgRVxphcPM09Q5wfC5ZK7CNKB+HETzCOUHg=","Zm4cGgKR71UhltKYNN8Y/1F3/LYAfxgZYwy9+HONo10=","FPE2BhRQ6uEUHz8M6+SFDrnmW5hpFh2X6xqkCOR4JVo=","GrNWG1/NogQFNGxpg1vfcNtoSkixk5fHS8HnIGTyMl4=","EkV4kWieJC7QfBXTtAHpLdP3tU3dGfo9BRRmfscdFT4=","H5EF5AftTCTrjHoMk8sX1ZKs9Xc5x9iVBe7djtpqL9Q=","E+2BG0ypuwSTc5jRVUJHRXa1YoSpg/4KDJ8puMkM7fo=","rBGvqC+dojXz3/OzdmKjHGu/eMzDi5cI1S1jc5qfUCo=","MFZ+Ktsjb8odQ2q5yq8oWDyLOncJRt5tybk5NxQ4Elc=","L0wJr9LJk1UWOHAG2khuD5p4wJjpX5Z6oisUL9B/eRs=","RYi6eAZcIMoAu1po8PdMAJWFsrIE5V/vptDedqcwPzc=","RixN4/2nVPVbi0HZvYlCOfshuFmQgWz3Pm82xRMg0a8=","g7ciKaRk4iERFtykRFHPSjLv9WpuTI/rS2H4w+jn1hs=","nKscFLjak9TAV/po/NiGesnKjFdN5jwinYAj3kCm82E=","UB2Jm506uw+gsN+3z2OWVUs1yrTHK6tkmX2p0sB+ngM=","UqJ4da9E9/IRvEgV492cGnEbwNO6nBeXOWBMe3WIPeU=","fWtbFt1pGbc2oo/Yt3WosTJH5Sa7cI2L9VogDb4rtbE=","iAkSI5bP8z0zYsyZfxdpSDF+LruTDo2RANCkTnDo3NE=","t3+cOIjRrJhgSJKSJ0PYj/EFWGKd+EV4yBvta12gVAs=","pqlrctcNL1piT/K+eXyY4Sae4tmKDY2K3jzMf46fobY="],"block_size":4096,"path":"js/settings.js"},{"block_hashes":["DFOvImscK4ZilXI6zESSVoHCHaGnUkLZ1NEdXc4Wdzg="],"block_size":4096,"path":"popup.html"},{"block_hashes":["3kQ2oqrQtwFhTQIIYoGi9bsca430B2ytuzoj7SDIPhQ="],"block_size":4096,"path":"settings.html"}],"version":2}