{"file_hashes":[{"block_hashes":["GF+3wC8f68WiUnHrHNzJSK2CAfA6VP6/eSipONfcGNM=","/cPQkn3iQ5CKt8pV3a05Au0j6M7kDj4HSR9mKvECoeE=","YS1hLDvheI7DUii349NR4fBJEGPWwJ4o6UmqqPlBslw=","LqhTJJofRJ++TPr8HY1z1h9nByV++sNmFVtYxa8o8tg=","aB4MPbYW8G1J491y4UNGmOR0EeURnNL5DgXlNLUm0YQ=","0XgwJjYvrc96dPbCnrH3uLHD9A553kGGc1DeSf8dzJw=","XxmaqDDr4E22not66TRmyB9C+PUUO87JoMHNBWLyTgU=","4Q9CUbQxLQp+fBqwx23lidN2nCySs+umYZfOKHDJTog=","dIRKL4dAYLajSAvY7CaubQcBxVURbrhZ3frys4fhoBA=","d9dtvDm28Yh0YpKjQnu+7LUiab9vcBsW/h0bVJkPSVY=","TZJj0kHPwpx6g6rZAcJdepY5W00gBYtaQuF89KQx5Iw=","cmQLkjOpI24VAxPFR43lXyoxHSoGrKYZZxS/AOSYY2A="],"block_size":4096,"path":"css/content.css"},{"block_hashes":["a6ZnOyc9BvMphnMqWmcexModidIHOOppPd2W88VpN4s=","DY36o27SpMTLjeNJzS+RNoePv0IMCFHpNuogfOSv7Po=","i2vTYZDIuRIiLtilzKq8muwQ8vOqepNpvJQAA0+QEGU=","/jW2SUsnxjps8HW6iXdaxMP2ZMSnr0Rxw+1P3CpOK5k=","58roZN+mNqQQTYU34pEhS8Sac/w4Xi6n8x4UYh0cJ1I=","PSlwmU3sG1x1C7R0ZYHmkivcdJy2Go1nElH9WHWhPlM=","mNI0/ULJVMCndFcM+8g85TppWxHeRlmGYlfitQEseog=","hksf9GJc5djql570ebyml9aaABg4TGsOhzzIWS6ODJw=","Lj2twZXjyGu7yTmsCIrWfbCZJK2KPkImk4F15S0IFQg=","Sja8S7IHQc6xwRgvOP1Dr7W5xlACTArCbztfondmntk=","PaNGX6kUFJjpsLPvtTo4ELXwHZgvSSeTqbNM7VVYxEg=","VcJ58Hg77SMlKcP7afyZGKcMLEklO//WufD39RgwP3M=","YsaUNolj8q9Dv1YBhh5gWR3HKfz3Drw/yGvzkkKatY0=","gZHlY6gXVx0e1OddZdx5diHu/1HH9mAKRHFN6NtLXB0=","AlGJw9pckbQdwpC9sqgR6Ru7MeVBNgT+tYILN4PSM58=","sMdEWBSkOboYh28mdUoYkZjddS7YBHZtCzynwSpCk94=","z72q3lIrBFNC/1/YZ+DTVmXv0pV3z03OvqWgj6B5nio=","C0WTmcznpIvhipVbEqEwJUbPvNS26rL2FCFgw2CWppA=","uk0EYmskgCzOAVTMgM5r3xTK08Frcih5Rpx424A86Bg=","EPVcmjmOOQ0WcrKqDN8q/a2icXEE/JjBDrVzHrDSdGg=","N6fwVrIW71htcjabyTw+5xdxZ500XepdN7wQ4oBjDF4=","DALyeiZ4/tbnIDOZJkgBXtV+q8vDwZ5em/adaeOzS9s=","53D8yNNkJxRUPihSRRj70DthD5NgtYYIkNuJ96zVU9U=","F273cluknlyMG63WSOIRQIj6JHJTPtLuBopFXYrLTt4=","ZYqfLTo7t3SNfFd224udJVNpGGQu90hzxNnKt4sWxfQ=","ZngiMLjXlNhkrm4H7ttl6elxyBI9PZC/Zcwc25N6rZQ=","RFFqbiGp3SdxyXsByPhzv7D3XRdgWKEKG7kU9VwvABM=","R8fyl9iAkDEQj3f+gWh/9Eo78krdbohuAFYVhAGu16E=","z8Qcwrpg+zH6CD0dTI5BgKB2O/iLgL0Ps39DrjqEG+Y=","wpfK8rSQVb/v1TyzJ/WEqMpYV/HGs+8wq228B0+Hlo4=","wDuZzzjoK37mQjxZd8CNbByghu+PZh6Qou+ErlcbcMU=","6DDHYxyXAEgl2rQgCuyBmtGxd9nDwN8Rga3f3gP/q8M=","hw0VYk3xnqa1Qa2BpWAjL3H53358yTEaqk0H/UHw4+w=","0gUbH2Te2qzI9AfdpOOWD3HlxPierJkTATQxwJEuFeQ=","tayVUIgD64eBm0aVqIrLz8Wwz7sFFefAG++EQAZS7CA=","N6sfGcE1D5kR36g+UDyyD0ihU/AhguktABowwoKOAx4=","lGUAqOvZOq36BXdhCpa0o4SpnTU7EUFk1PUYQHY354Y=","tVx7D41QpEpMY4mhtWOjO+gIOJVYS5ejc0OxbJsrLzI=","lS2dDvSyVHZyZQNwTPCEhDu56DLX1Ubg7LY763Zbs3A=","FJEx4nZwG5179LF6MSAVGX1pwT96n4Otcj/nymF00nE=","GfaqqpV/Yzq5zSH9hHSTcssX1Tw0m6UvMP3RQehL32w=","x7xtO+CWU2oDZFLHPfS7WSQwskg3XRaoDlbdvHGpwPM=","H8sS/voWqZkCC9amcPR3WaDhrd6gW+JRAf0oC/i8Sbo=","xhntSAwrzYcHPvT3h3aQnt3U0qE60n82sPDeIHq1Buo=","1NdVbdphbPUtaz9y8q/uJ5vpmTUBj2m14/hwN9rY2v0=","LZwPGBsik1aaK5B3c2kV/UT3HJwhmLkB6feSpO4Pkr8=","35jYDGARdd2EDHwvmPZ39/GUEAE6eznneyqP1q0+QD8=","IpA91JE6BYvPckrtorrmzPiZvN3PgHakbRDnD6mcMj0=","NcRjDZi2gE5ayVKpD3ZEVWQojMvCM5CQtXIqC1SZjBA=","m4qsGb1QodXiUc3TJbPf1xHmQtdtlfFmxIeBkE/k9N4=","wEFDhZ06n4EEda1sy+5Ijr+6jt3cuCNdYnJfN/WPFB8=","IpqgjmlZvdm3pmpLeGGCWY+l+CGIzeGgdOUjypudGG8=","ocbV/Z0jWenzARXa0K/cHzy25mAwG7aY5BofaFgDUFc=","WbSHwyZMsmRgxMUREvadWB4u+eYZoEpRUkIB5JoXjSw=","bkFwMZTSK0fWJyKjJHZv4jOfJcSNNx4Cr1dra4tpKFk=","gizulycZLeUSieFHteRZaZZzN8TSI3L1v9vqBBCxbrk=","HMKM5iJsKEqJz63xUSOGs2Y3dvG7QsFJN+vCPNvfvAk=","JaXzqHs2LfNFV2U752hZKzf7FH9Q16GR8mAiDxl5EOs=","FeorChiXVIMv7rhxXpteeedgbL9jXo6clvJZ+BMZ63c=","Ph4rc6Pl1UL0WmxvJoeh7XIc6FciwmG1W9+yN2r94uo=","zm2ioJEzz9p6H58ZrslMlhqZfIgLKbU0+kzhgbhkEkQ=","1EEVM+zWVMP1Wrxo05keJBc0srRov/rckvp2K3zKzKU=","mgui6WmjuFFrIGEHMJMF5yH2+QCrEo/LPum4JiEZfcs=","4lXtuTBE1givEXoH/wclwk0U18lxf9IquSDcp5YvKg8=","5cMa9brC0ImnRHfwhiVVKHMKZuzcoyTHGhbQw3i20yo=","n2c3cr0Cmwwjgg2ticbp7AHFMzzDhi1NilzuY7hmUk8=","l92/UvvNOIkVXWawhuBwVY2pkas9KV339u2wv1pNUBs=","YQZYDjjOuai0aH/vvrUPrRIcDSbJ6DXSrlZfBtnTJwc=","3i5qp0p9cJD8WqQwhdKWe1UX5WqqePtADmnZEQBz9n0=","F0LUHvoGSAVuhjAQrkUBnsO3cwhv5MxYvHYknxbUCHA=","MaRaUuAWxKOVn/qg23Y5yV9f6fVuknMmitKW6reJA9o=","eiRnZpsezq8IBlswVh/itLIUfIfGcKJ78KE6B8h9dBU=","iPok/E1SCNzysg/0BK8G3Nyq4S3JUHEkNwqIut+mzc4=","oLfRbESSZQfTT9izyWE960xZtXlgwDnh8q0ThvV66s0=","T4I2dQvZjVcmn7x99XN6KWbye8xEz9WwM3rA7LIjj6o=","ipFRi75RmVGIlESYYivleH/2VOWsNCIvSarw//2Hvss=","BB6/4TrI7y11nl+RCcjQ64XXzjveXIVAr+oZavns9vs=","MKkH4xdkymQ39dWoN5nW2Z3Tc9X6aHBRrJ93IEW2XWA=","KzaOMIhHmW6PRE+wJLqWXa6I/uR9aNpJE6+Zs2kKvYM=","FlcMIZP1dXARnhTAXfSeuzpDS0iSRJWVnlB3J5IgKu4=","uY7wJLf1hzYFi69NvdXiRS8N0q3KMTgCIgSCeeGqZBw=","2U03GmDHfx03YYBwD5NtroTdD1a60LBph3jx9kopNxc=","tfjkMNeFn1BE7q+1W8zKZC7YOP6I7iNWb38GhrpRWCc=","b8S/et3GHMvZWN8HLFT5gavcVLkvCdbp4JFFZmof/5U=","MwQR4xKCDNsumcRZ4Zp44QcFAB5I6zYvj3d5CVjJZ8I=","Ae2m4d6lK6eb+y4hHOaczBNFAVOw5ui1rZtk2qdjbNw=","36W+Ymmu718mBnDxhLbAQOKXferJ8u3ciV4b6MNjX3c=","NMmaAyjHLUXxFULt2l9I6vNb6vCLRylT0UL/UswPjjU=","GmAOApzwQPHLVIxw21KiIE8M5prpbRzOAu8AUBCo27o=","wbaxYoKINtFPLu9QJpirSowCnKs34Uie3oG+pAAD5Vc=","hzNUe9zf5HoxDjaUN/Gbv7a8dsDWAr754wXFRfLXRSs=","S0oeBpjMkvGVJ7cU25n1lY/f4mfQk/y86DUihw8eT3o=","YlH26G2dm+eafYDzzbN3IyV9Tww0OmlF57MeHFiUty8=","m8Nlr0RVXZ6SYlU/JaIMciiesrLtp9S4v7ZoCyCkCKk=","kLjErO8Q8R9Bj3RHb1ikVK8/ndb+Qly7woHgBdDmhJE=","vsbtGS/q/mD+A8r0j+3Es1JGqoZnY7NlykzcXSRGG1g=","LdeMLGoQeIDJfb2Q4cE86bg2K+3mW/Th4qE+8g5Wsi0=","5NvzxjOxA2p9A1gfqzeUdMqPV0ijG4AEX2hNYN/W2Xc=","Ef9jSqdzTCLBmZTsGG9V/pjX79U/Ep6VILX9BLPWB6Q=","FDLGwUJjNmZhBQYFCEZqj7EpvW9RihxpN9AHl8JacTo=","X0nhUyZwb8k8t93V8Du3GnKRpnAC5zcuC3BuWWF0wpI=","KsOU93Gyn0jS58WEqjJKbOiN20FnKUb/meveL8qBq2I=","iBT36ZxWYQbplWA4r3rObd37r8sAO0Wb+ZCf5Q7VJfU=","0qo0uZw2HMAlnJsSzLBoS0HoJ1lQiB5NvVa1qxVfJcU=","PD7f2Ac23TaTfsj/79tf3XyGtnjPsXaK1FlvGBwKewU=","3q58bQ3pdqnn8NAhW1ay/oPh3/fa9hyPy67D1vc1d9Q=","THAG25nh4iGSSFf1JnXigHzA0O1CKh1LfQoc6/fQrAk=","+YFA7dAOf8IhTo2wkbt5cR9WiK629cdbngXg+YVE0Xg=","Y8wO1feyO7IeZtQ63htDQL8X5raqh+9zb5/Q7pmB8ko=","0Gv7bxzmwYKhAIvGGwFHDVydwPn3R/S+f+1+zPN0hJ0=","WYtT0YHOITimam+Ev03zZXWO9w7GsqdzznUg0gHhY4g=","ffH29JE23aIw0OCiCs20LD0Hy0r5g/ln61T7UROhPqo=","OXpcxb+mDWQMbfKwKpHK5hW/y4lJAhzXb1WPPh7KKPw=","nolRMIYDf1uAqxhKXo+6DlvPCvxcDAGumqQXpFNi9Sg=","7jOeJ9WAlStZZpQz/R3w9373PfCpntB1hA7xJsfwYMw=","0B/VklWqWyVilXplcx/+OCQwYBIWiwwA2CdFwVuxPkk=","duAQrOvfVTIq2Rm8BKm4XE+QDNXQDntbprbv+yoS3fw=","5FRvafXvdZSyve4qKfPdCiynG5KcUIfdJBHiPAPsuaY=","AkOXTj13gEKBceXTMKyYtmMK1Ans+2Dnyzlc9MA7Yyg=","zJjM+qXpBiEDYQXhbbfHYSxSZ47w+Ia8QFm6IRFdDaE=","U/OeCLtEUqyejc+5Ipf5NGTo6NmPawDwd2MbSXZTzhk=","1+iBYNQjpZ/juKOiH4Z0koradOp2qzHzzjmJo0bgrfA=","TniDj8vdP+4ePyiDCAOpM8CoO52D1Tj9MEhLRUYZm8Y="],"block_size":4096,"path":"css/new_tab.css"},{"block_hashes":["KwoPfgdYWhMmewu85o6bFAM+7mT+R9RpNK0TX3EnhaE=","FUOnZIQt6HdF0PDnqrQAq9M851/U7nVKvTOH5Zt1fUg=","boMNKRHhnYOjWCVpO5LxKK7usFtQlC7thyciMkodlkY=","zXvWA21di2YZoiYTamBwIiIhqmAW3aeZ336X9tRKstc=","Gg9xbEO9q26x1lA+Syt3mId0AUoY0/ImtoGH03jKVfQ=","+qEJ/MGiGO62ECm4mmynAaXdK4u9CoVbPQRw2IsMamU=","e2sbKoXlfDKovLpetFUUU2M+fz4ueeTAKUX3l/r/N1k=","sVFpPh9Ivo/lOiGMNAiQwajPbHEdEP+wkJg+YM1wbhw=","nTQS8WZihcir/qBUqTfuJiyCVosiEP2pxifhFTZ6G+A=","02i7Uml5DmIZu8yuiWrjh/XdvtQaawJHng7dkVmtsz0=","dwOeTJSkdYgGAXIDf5vGhqxm6m5P4Z39uhKivxeT1yU=","pboA0zd0MUZtqKmyB8Ie7m8AdGdgPU4okOZ/0j8/78s=","5/23j75yXhnpHEOFMtG/rF1V9xEwvCu9KaqchiJAnvw=","MuY8I0RCBfW04xOrYh4cSWIs7tKKolaDR+HEYb8ysYU=","SNvtWw39aEy5ID+kqzOuUiQzn3eD+22WdqMzn5zRbPM=","szKp0L5aTkqY1Pvm55QP58IdnwPwyvphllwjraC3rIM=","O9WCJCzcXPM+qx0VUOYK/+hvWP88Eq1an66e7II7eOY=","IUpZINCvSuoLREvcfIFpp+nn71yVDBYzqLsX0BQEhh8=","pkfOB3HDz2kuOkDyEM8pe8JPz133oKc1veRneiKIypk=","oQAgiVtiSK17DzR6xMUx64J4DWd1KE0gxyNqeHLJlTs=","zWz2UvFOiah5heetlveMv5wL1kgM+2wUGTZLLB5qVIs=","b7c4V0mtdbHKP2A+JxmUrjLdzzKhJqeL39TBBMlnYb0=","W25ckgAMl4e/BPevvUzUTvSKmleuboY1IEmP4rOi6mk=","yjcQIat9aeow+kF52F5MWIQYwLgaKNWsrY2e5KKYByM=","OVpNJbg76gL0bCmKM5sJsWpNXIhD6BZbUM1+yC4YafE=","0N71qxR6sb5uykP79j+gXK1QvkxOnQ3Z7L8g6Buonq4=","w6AN+rf5tDCoCXFXov7JQIKnvLiFcSu/rIDDXZkHCCo=","rYnLC6vYFPR8C6jiFYW/m1G2SY32arsQH8frR69+DLM=","wpfOJuBVS+XNiSueNX4rfdKTpcV6yraLw2sbUvsTIUU=","2GwY+XHeEljJ0CfkdQSFoMIIVs+4Rk670V7bkzE6YRo=","Ltyv+Pz+khbWCquKFnHn3sZ6dCuSTivbq8jZGbnmxgY=","NvqxVAr4ul/UYAYn06IGICCJyAzAJAZT+uqQQRNDyQM=","2OODsz0NfheZfGGhfOohyhu6GKlW2xXc6qt2XZysjAA="],"block_size":4096,"path":"css/ohter_options.css"},{"block_hashes":["LHItsKDGVnibii8SONaIsYIyh5/dDTfW9dV2nJ4qWiI="],"block_size":4096,"path":"css/options.css"},{"block_hashes":["Qe7XYF6yp7Ntn2GhfRyWGbXXH3+GM6I16pPWWuUEthQ="],"block_size":4096,"path":"css/popup.css"},{"block_hashes":["LHItsKDGVnibii8SONaIsYIyh5/dDTfW9dV2nJ4qWiI="],"block_size":4096,"path":"css/search_options.css"},{"block_hashes":["zV/m4sAdlNAOLYc0UTAiMRAzvFE34Rw0W+5mf0W7tvI=","/JsRhC/Uo/P5oyQf3tHKdLZkK3isOG/X8rVAg1JbeYE=","kN04l1LVc4jpV1IMGruB52DaNgHFd1aPMIXal5GcK/A=","WrYiPeW+Ihdv1fqT42CYZUBGZMs3/S3CGb0ZU30VOtc=","7VZOMi8sr52K8PS9eOZOzS8rkfaU2CsZJwIz53nGq0Q=","+Fm78VEnSLe74AyUEKs7U+JCeUYAaQN/Q05HdHl+59Q=","s1zV4aFxW0evIGwf7dMa9Obg+sbK5XwVcUyBIJnRWCI="],"block_size":4096,"path":"fonts/element-icons.535877f5.woff"},{"block_hashes":["cAXWzkpBPJMrR6JK5O8yKPjyr6nEELybwT66woGzgpE=","/fY4UijkaqLLaq1S1n12/urxOrAB4/chZWmIqNUW+6g=","WjaM+0nWyxBQ2mcupU6hXS/zpsk52zuNxyBd/GGfsXA=","IFMopK8qWZwIoCpQrjruUeU+3lbp2lY8Z8kUOoph89c=","U6NCBinVZi4Ad3w6wMDwcxRqZX5UrNB18V/awnKysUE=","ipOSncIvFc/6L8rOORtZfZ0VO4ZQmlSyq3eExooBHG8=","Bi4gMLgdoemGIaEURfpKcbWG6f9dqQ/t9a2kzIwZP0E=","DJB4g5XVXZNlRkVfSo6mJcmKJA0cNka8i9z3FtyRrHU=","T0m8CW6ZOeAucgzNNC0JQFXzlegVKMnFyf0biBWbGQk=","TY8dRKTid/NceaQSdv/gCrV6AtWzGpCKL/qf74KviJ4=","Z36Dgjf4HyjTCqt8Z76X69mOymNctBvPxw1sNQNlQ/o=","0OmxaTuNWFomaSjDDuFz8H76iXsiBaBt+1VPPiy6TkY=","adx7yfPSmxlDaV+GI6fppka1J9AbPg+llAoQCeY0QF0=","8DkJ41SZG4u8qcoJScebqrIc251jpUapI3yCj0d2Crs="],"block_size":4096,"path":"fonts/element-icons.732389de.ttf"},{"block_hashes":["ki52Ltf1yDCTeJvU3W/O5QN3TKn03t8O9Qfjaw/jb0M=","hwjk06DZcaV6wvZ/D915RxR7GKn3dnbTsweLTBCyMfY=","88TcMpbAcDwATHBf4u8Bf5les+fYOLHiFbAXsKcLJJU=","DHbyGdnh5MBvegdUc43mxgtH3tim9H1p3vME8ANu3KI=","dRsyBrY2tvM6DM7cfi7B5Nnz0EKHQSkeVsDqZgLXUFA=","TlcBJLzI6Cxz+xgtVhsMHQQnR36UEem0TUISNtAnKEA=","GOor9uthKsRMau7j9ahR8N5KtNWObsAlxGuBYFjfNyg=","I1+xryE23VZP+53nGrNgFDEabF3tvoGJyNMbrTnbXSk=","eOrtz3o5TEmLKA8y7oBjX4rSpUubDBIeT9bi7cKGZ1k=","nYjnDCXvk8+Q2Mz8hcU3/iIx0hAHgYloAuKNXG5PW/M=","vvsShKQ97w9pxNgHFEEnRed+bKPKUaJJ+l7dUSiGuJk=","Ia/3CoNSCOI+3B+CbG7TlbripUVc2nviqNzFsaWstPM=","FaqnmlB1iD7E+h1deP4CR2Yyr56ItnRzIotFWeWtAMA=","khFrtX3pKQluXOXWk1NPYRbChLhOz3H0b4kgPjADWfY=","2hQQcNrTcYOue/7NmO95LKOKqjKuzHzS3PIRzrFu83k=","t512XW4DiukCBsBvMOCUHG3iWDajS95exB5t228yObE=","hXRRAVAO65oW8OfhE2Y1sjPdxkQB7s9jnuhhao/Pdas=","WyC7ojohlu8rDuevBEyjMrDzKFhgmeOkaJleF8iyxxQ=","GQwdyXrcbwGtO9Fw4T8H10AGD2E7JevPzej46Vt5PdQ=","Gz0y8NoHqM1obwZnv/Y+YeGWfWCOyh3h/ETkwJc0NKA=","YAQlbmqwY2bgrZOfYojydkG3Vt5WsLuDz6VKEtHdgpk="],"block_size":4096,"path":"fonts/ionicons.143146fa.woff2"},{"block_hashes":["oVuz+h7kKWVa7q1iGg2dPca5FbHuzjxAP+t8LIZHkhU=","5XyOrucqxvngAoTQRFycCJOG1ByfMOp95+eaNXjdJEg=","SbergifmS/YLtGCq35lJkKdLX/5Zw02U1zvrzd1hYhA=","MZCT5iGucAjuOQ4Ut9s3ZXtCfEdp3OYL5+t1xquw5GA=","7HrFWGeiFrlxsbcuyB6iXkplQeSLB+P1dzTZmTnD4G4=","uBJRjTwKj1papTIffQ6m2jrmoc8Y7Fr1UeZfK9fdGvI=","Jj2xzKvKo7nVDORbHUyVOtNj0ws+xwK9+YHqcagAa9c=","BDIKF/sOWAkodd5aj4h8MZEu2dDQ8WSu7vIiTjT3GHg=","03LJxdUtVE+UGtrqk1xfuR1feiBxOCnFPSHKQ5z1Its=","kQEBfEhgN9g9haviz4/I0x+CFxavsWVgt9O6fUlMcaA=","8xD3rhwt1x2kyE8sRUP27F/FZjvdU42MAfl7fz5rlpA=","DbNnfEUIcB3+8ZyNJGTKnfuMzFWqABuSDeuiqQMSf0M=","uFixB2vfLNt/zhKZSdl9hd6cehqmSHE8UK+ZnobYf6k=","nXfrcPQUr8rwQR/aGlXX23gCA8+H21OL9VPifUMDNFc=","TO8SmatRuFjVGR8ZM32AKUPToDR41Hj0fQhBqQHH888=","HnLwMKLL0FrbupTJAQF/OqxJ0fb+7gXXbbn99pbEUWY=","+eZMDoJwx2CMiY85hULhi007gIkv0D/4KbjidPKLyuw=","QsFA59gZ8cCFOQusOaJE1rwo7kt55ObhnhoqC+JE/6I=","68ewmj9AJBe1GjNP/nlCbSZb4e+aApezLEttU6k2oe8=","NRr4khgYuL4GylgIQee9sbl4sp0f62GTxRNQJR07kCA=","4TgMP5nBqDE8D/z1gNjUtboJvvVAqOv2F63Y2lzjPAk=","SlA2FxMz9o0v+pOq+8FuDdV6cV32gPSyHc4L3VewQi0=","dhnI1Y/soQsbMIghJwo+3aip4T+4PRqx1C969ylTvtk=","mdFtGYQWOpbgZTYwyt1CwLhFulzSBhwO92WQtP+Tpqs=","AlhaMcX0Hby0dORM4L7HzJPCsqk65gNQXSZCfym08dE=","5msDFL90T6Yi2e22P610UOJRuX43HDuYTC4yq30NEto=","L+ZCvWPuBSeZG/HcbGUD+818g2/higYDHA6q/zsEjhw=","585Ayc93yv9SBAouskHX3fHJ+tasxgbEcnwaQwE/FCA=","V9yyUMG+565dGfy3vDPdj8vhc1jL6CCKvygPQNyxpjk=","Qs2Q5S8YNeGeir06p9VfYXjq50z+KV94+kwTEAaohlk=","WFF2O/r+vKKtdj3D0tKwWPfC5jxrpGljplobSNFG5ho=","qKNm7by1G7muuse/u0A5uK1VOeaRR/QC0o2Fo4IOVlk=","aWXTa+P+JyiM/MlxbQF0SjoEgZm4aoW7IjMBpjHe9GI=","0WP4zftqxkd1l2yvIiysfAsAbmzDtWq+s/v0vjXrfdo=","268TDqNVM1gEUG3fiEeKFHxSnHpqmwYRacxju90YwAk=","WgzYJ7vjzwlrGja683DouhmL5toZmvn3BWAnfRqFdcc=","iAiEbHmOZ8Xm6KWnIqLxHIqVcP5KhQoKS707EyvtkgY=","ASssJ5cYTXjejppcyavFsrRnqZtpcQ+nKv2HpEZSJoQ=","o7b6mEIFQaQMJxrWkFdKLF48dnKOSGDBfVSEhMURo8c=","YeemFsriNukPmsO7NM4e2hV8wXie4EiGG12cwBmRJL0=","SDnHR6DywkuPU7JdDHkjp8mrf3GUX7qiGIicK30VJXA=","8rG2tnLuqiOKYriyYRaL0S58BaWksz6pyPZ20tfYL/I=","W7BtXPrWGEGhqasZhmy288gS7XtJNPmiWwrhWOqElTk=","V3FMybGy3CE8SM5RSX3Didz0LbfszUEzkMvfe6pZq7s=","itjUWROjvsUkALwlMmBZRbpWjUlYgtqygFuU9aUmGc4=","Dm4YwIc+JJ+BGI34IkUKUsK94+yxivb6DMIhyjIiIWY=","IgOgNgEXbm5/7n0wpWkfH+1WO3JbX8AjADTMlGpzwg0=","596aH4GHydJgGc37VShqQ/Qqezpvahkh/mNKSdDt4zw=","nY9INmsCvwZO4MKoJWUvsiZj88tKwoqCOS/17Iat/dI="],"block_size":4096,"path":"fonts/ionicons.99ac3308.woff"},{"block_hashes":["+wioc/FqMpL6BSshg/nDxfiOKLG2GsVdAgV7Td5Kb3s=","JyMXeJrhd3UlgWtEcwmCk3xGxNqVB/d6apQHFJ5wDPc=","XoB5/QnP/UYHUAVeXxFXC81RFyyYt2P0P2oqPQcAcnY=","xi3WV7L08oDTc5X31qDNtPuoLBTYEd+K+wBAcBonGdI=","asmM/tH95SwlLkxeL4esNOnPgmhPHaX6iACBWVkqFP8=","cREV6BoE7BIK8N8rJdCKUX3HY35FUoi4CZpm7tbQcnA=","fAN0pOQmcaf8L8cz9cWyjKkXPZouRlA7WwPJMroF/NM=","87zQ7j/axZQ5ili0EVk2XAlHob+aIrWJy0JQp7U2YIE=","csu1WphiMi6j8MxQTPV8uVzw+xSNoLU+EmbXMIIjm+M=","tN9xo4c9BN25drHiulzZmYZkG3SubexHfAkUWGJtJ/c=","1MrBis4A3194uLfJqEi4V5edx+2+oqdZ08JC9QnETT0=","ldXcpL5PSBIhJZvhD4dgLitNNGQNoTdHyDCByNgADQA=","JKK5ak7ng/DIImBPl2LXJhRDM4FCHXf5gFGt79VL34Q=","kFHm5PWXm4GnGRQJ79y6/6xBX6vNTZEc0jBm/oV2MMs=","56Aj7P2rCPoMgF+JvVIyhtDFZBhj6JIKhnem2HKw05s=","Wx9hVB8QkGZsAeVo9VnalRtKjDW5IkY1QminVblvsQs=","bOpNq/OZBYSof27d9ZCMt9wMxdKcVoaClHUTYOJynrs=","xSsjR3bnaIQ2YUX1UXovWIuX3spEB/K06pby4iHTdCw=","9rMkD5gKK4foS5dJitMFGPt/KWj0p4s59XI4bPBAfok=","cSDAgmNfNZ02wOxwkuI/e58ujylHEoLOyZBL21NEPAI=","PAGVq8K7Cpr2F8C/8bUG3AKYBVL/YlFteRoTuZspfBY=","k0BrZ4xDLp+0t9TvosWVCUstBIYXXgS4OU+YsaurJXI=","DGb08JVbLwXfZVEw7QKbX3+LmT3A+QbZXWZ6Br/f70k=","jTWT9rbLHzGK568wEfAhfCy+ulEerGhbhlba9YqaAd4=","YB+wn0QonRAb2coD+3C7WS88t6t57B4t+s0Nyx6GXlg=","lB83Q09W/AzJOl0Utj595nJqTeLV5aFAH3HcMIZ9O+Y=","q9sEA4MTKq9dRlw1nZwXE6ARV67oK1hFdsH2os6qHlE=","LCG/WS0i/WsOM79Am61cXNdjiMbyj4WiV7Fk6mYU5kQ=","ne0PQCynyT1Pt1kgR5o7i8qIefilfismvJLrNczaRqE=","yDtKMbapd8X1/Bn22Y+3AHXo1v+qiSirBbWFpllx6uM=","uXaGFo2M/U/nymcrCOIStZNA8jCII/Wrv4vGcsNkS/8=","FwbulU38vLrqmI/AAit7idzYGlrm4OIH24zZfd7Zv0Q=","hM61K8RLLqhR79Lj0gUik4NTQ7Dg9JhUo8Eb+hq8pnk=","irmnC76aV0mWE6Z9Qv/GrwkXLPNkHwFbbhifD7MS1VM=","Ob2az1IVZy+mZy9hnU9k9lM3gM/nD+UY5L4CbMTxggc=","qoRK5jYr49i4qAq1j76gnWoZIXF47ofrfXGOoDsmjkI=","55QPQAl6xfghVLwxswDW4pOj6jdTtxGzL3gXlLH3Dno=","oCsvtUDjERCggOKclVm0GWK0OEp4gbsGE/Sl1enGEaA=","my9PLzjj5PhP7JGMKTlurPbyeQH0IUb3B9wAPR9Gkto=","TCfxT6SspnetS5DNL9GxJYYYTwMq2h6g4r/DrqCh1YA=","6lZg0bBzjMsnGqSvWaLCumt8ifdb4+piEny+nOqZTf4=","mcIT8MsL0k2w5avKar481KXX81hf/uB/UgHoFXFt3aU=","jEi8bj03wRlnhcPBjvrPXTptmlbJ3elCyT0bGAAMUDs=","C9xopv2AJqKuyQeNasriC+set7524retL1rltfU84e0=","rGvBk1ET3EbwhT1l8EobwT/jxKLLiEAbfFcDwtOcoiA=","XVSQUqkndsTYCR5cro2h+7wuTbRhqscAMG1NUsFVZf4=","D+qgjmmU8aFtEoqgnIwFHypj4g/CiV5oMDsAaoXOBaA=","GU66oRQtJGNoQY752USHRQ3GnwAraHvRN1W7SEUga+M=","tPFlGX+BXni1yN5+iJS//1S0nqLt0RYZ9Z3BVVJkh4I="],"block_size":4096,"path":"fonts/ionicons.d535a25a.ttf"},{"block_hashes":["xWfo8HQQss0oBxdZzYceH5l6zuTYyWi7BjqgWHYycUo=","/ZM0LYMGhpkMn8dIknlOKZ/dVIVC7oc02RLIGzv1C4E=","+21X6mZM1gzWH4xQjCIu8dGcrZK0UmWIhN4LPRfjbSg=","AYNTQQ7/uKKdVtCWgHJ+NVb13+TRHL486WOKvPwLG8o=","kM1Oj+QCu86UDSoYRi50N55Z9G7j61UXHBIPfzfbgBE=","mpqWPDHZgyZPeinwsSkHugVKI2TGXhtWXSmXupBVy0A=","43AaFH3XLbiPZXxDtBXZQCwaz1uSin++MrC8/kRF0Ho=","1WFv0UPLpm/WxD3QkBvrWkNt/eqkZZl8O4KUYgnmugM=","d5NNDqUXRkAII0aw+LPeYXPETvMJeBMGmKQCk2fTVjA=","oeqacfNhklgIgcsYXliD7Qs/zt3z80EZd+lgVDL9iqo=","YmVeKpZccZjcxtziCugb9reQACK6zL+hRBa0Z8EtvBU=","5Wx5MYK8r1vgiFhNJ7YfpyrHL/fkVObSo+rHjg42bek=","gKBtse2hr3Lf4pQyQragFAF6ndr54nZGTDyyBV51Hwc=","qQmxM7/wJr7QMSp4fl//qvkkCC3xS9oTSO02Wd29pfU=","Oggw9lWOn05WDsGAbbURv4X0vYztVPqb0DGGEpmgf0I=","X/weOdSfrLh3bAZUAqqwXvyfqDELNj4YVkGxJBf6Q6k=","MDb5R/lIkX2V+I4pPe3q0RaUA85W8fQUAxS6A/yezSo=","riC8BXQJScYTL0gIA4w0TnTVbF2CclAe+Ztpe+Whd8g=","lDmP+D3Ml+SmCDRW4rBv6lDr2qZ+iKG1jEChIcScDpE=","GCLzOHSZEDvXyhvnxmuP7El40SK3r9NvkqR4gLob2AY=","00fUsTQ+xz893S7pvS15FbNYgWVlNVFlE5QWcKNyzD4=","xOBA98fFH/uYEOZWg8NdHPSSqhepkmJwzi9Iq6XwjRU=","pKZ7AD9bqFGawB2lO2La/2uNkL9nNnQhk5oKu3JgVic=","3QgozJaDPvg2Bs68LZmbjNk9dsZPDk0bKeb7tDm5SUI=","+Hbe+IF7WWq6XUm7L/m2sE9d2D6dLXIOwbTpF9x1nVI=","P0eXw692yoRXufuMw/sGnNn153qFsZ1hVUvW65bxNwg=","tL+U3zKFgMvZaELhPuuNNFkP+OU4uwdLkJvzav1ZXFI=","UyIsAFnmXm+sALCKaZqv+ffyXQWdzV3QxX5iI3h2860=","+qeGU3+ZOv19lnnEvd2Uh+eym7Sycuvd1NDFrLjJVqM=","lbXK0SLdJjmd+cVfGMQWnTK9p2dWbfSUU3dxEpiepro=","jaJz9egLai+Jj+ycM4tMrbj8/7n4+HRJ04ocwD9idxo=","n27pqZUBG7/ViNI+hoNPmQkeh53a2I5CITazKf+f8fA=","dHwwxLRyCHOrM7CQ6Va6FGs2aeqSyBdSYsTg7iAnnQI=","KH+s3TifU3RkQmZW9RGPPr3lnb4lrVjm047bhYOjtu4=","Pr7tRXmanSf2N02B2u3z6QB+s7KYolPKVDgbk6Qot+c=","Absuw+PTI7MINToonUpwRzEgvgpDKx4JTLXt+klRAx4=","iQBbVta1JAtXX1a11q+pE17kyQmqc2nEXr8Pz4JT53k=","YlO50MuG9gjv7JsTHeCcQgTj/hBAvuHomPBKx/LhBQY=","WQPdU6+bVRaTWibvvNj/eeef3eS3A9mvBl73XvtNhNc=","5/CprDqSbz1vT7JdewEEmoLt5uIF7f1C0s/vLa5pdfQ=","I2NlBuJwsumUHgNE9P2py15Sco9HgTHJzU6QZVxxgBI=","vLg8Q9dNUUwzo+jCSdJAD3NiTllIHRs0l3Q+VCcQLDk=","a+4rHnF0cSWM1ZG0APGnEIUsVHelAf5VOwDMMN2V7hY=","Z0o4Yaoj/TN6MR3Ye6vkDSZPcG5Fne59QEm1AYNiNGY=","Q5LbdfpK9RzbGeMocY142rjEtrNu57Ka16TlhYofOmY=","dw21JwCCTp4WBBpnnu3jJ2/Nf1Esaf+61IWJ4CpayJQ=","8A4g2Il9eHkgXKdYY5ZXSfzcpd2kahGDlgr2KDkjm2I=","h9HmW1iKRcic75WNRQlQMvEYbEjGjLb8KqGFIyL2u08=","+166Q7O3iYqaVKJv2DYF7QiH4J/jG8c/vOgBt5bkI0Q=","uK2EP5O50/WKBk2D3HlYWVMtJgqkW0dM6bGQs6vBvfc=","Fq4iqXLEsqBs3oeytzElR+xF9s99zaSs71JbHOJeRwE=","9EWbU5FbTaBqKomNcO3MU8k3Bi3XrjaoHQAjBxCwAHE=","SxP1tdcSZ8eiEntRfyahKoq1YEsAnjJVTWiCIN2LJIA=","ED5Fm4NbXWT3ftDtdF3f/Ah+1s3j6xT8CwalbV0EojA=","KfyqzfyO6udNLwgpva/8WwIoD22idNWk2BQNF6KpWnA=","7jwNAehpBry6bhTrxvKmCz1cYswBO4GSD17TywT6IFI="],"block_size":4096,"path":"img/applications.af95de71.png"},{"block_hashes":["KPdoRQaXemJtbfMU9bWzlXGZNOxprAn9OXyAm3o2J30=","WOd8d7vVYXsgtN6NHWI3Y0bXkipyemIAtmZ7M39AvRA=","doM3PVx8qLtW+fvcMm6Nb1cVZTSLW59bFQqSzHdBMh0=","nAGFWC19PA1mQF+zp+QVFl1JgpgxpaVuQPudYZqK5eE=","b2wcujkmp5QOR/ROGcuRmG7QkNqjq2ib3rnanC7nAgk=","H6OIAmN1V0FR/KHVe58SNf2UO2S91o/+2shhFSH0JMM=","8kdux6EHRDX8fwzmtz3UwMzDX5td0ogCwDPC6KpEo9w=","EZH5MwJehFCu6TD3esGNA3UtrYqhtoCQ6p4xx6mjolA=","Ru5zGVp5yTnOEDZ8SKqrCpeCyfOdWcP7583OMt0tM4M=","j55ZxgOEnDY8210RHA6iAL4XikbKehv7SH73MfJrftM=","KDJZqdBxoFUnJsIC/fQDwx3tD0HCnbCcBHrL/6ICLtY=","0S0u1iUNQqAHrSkCk43EQiBZVInzApQdTX4o1d8MqFA=","DyqnLkKiCiA5nXqVD2IxG5fAM/JYnl0ail6kj8ZXSTc=","7Y/K0px8MbCYOMEfQw5pwwwcYUPMt3ExXSp/9+lkA9I=","LWI+bagoAZRyU/AmcOmdNq5C7ylw3SfGYpBuBn0JPrg=","ofLt5zbZw5pLcBHcIYE+dXLLJUkYEjO6KblDmvjR0y8=","k2CJQQPRgjgaIG8ZI9zrNrbgRk4bB/bsR0MsYRmSTk8=","H7Jd3h1ya6P1LeUJUhyIaLeWyr2emwwshb9oh4ctQE4=","De+HlmQtbGxPMwHJgI69/eayPA7tAGKI4XR1Nmh0Q4E=","nA5LPhXDyJPl0swBjJwjCd9FSvGOszGcTUUIdk6d0h4=","L69wUL8oD692Xpb+MDOeCBoOwIB1XG03M8OTndJI5Qg=","n0ZVWO+LzatbFvkH+t+DNcA7QVw5jB2H5OkQaQ3zYcI=","Zqa5UklNhF/JeCbzi7E0oBZx/5++K1JKXWxZyXdYTcs=","FfGOPTLB2cHaRqe/NnoJ/7o8JniiOCotVgqrxVLqI7s=","3CwBpG+MYxdWc6syInSecDDMAjvYdlZWSPktlicTito=","tvsw2y2EnGyiFwcxvVlVNl9MvZFEhzGug4bcsogGjx8=","EV6qT0z7WLQESYFvN+GfOe9r9rTqktO9OGooAnBZcqw=","l/CbRLo0GMwz3RBwLF9jkJnzqDz26vLKOvTKr0aLu1c=","vVezpVG5Br0tUxiuNxbkoUuiNqtQHC91EXeNyMSIT6A=","fg0wOO4BbfRmajAsHKOciHd8QOqa6CfPGEyPK8EoWP0=","wQcw0mCi1FTw+9YrEqJNlVXnniEKipc3OU4RWOP77lg=","nTKgcWoMVGqZOEBcmzXcvHmPfZ2w7KaanhZfT/vkBrg=","g6bmEcVKvB3WsxrNrFtBy+etO7wGKI6Urj1YfSJ4B2s=","a8r/d5tm5bf3jXWkSc71PRSA3WkePtexEvInHWxWHrs=","RCtpqkjw0U/seX+xDCD8/Bu0WrsnzZn695A+LeMgk4c=","0f8u24CRu5Lf3IqT5a8pqn7p6lu/Ywyj0+KIA9d8yjY=","P/YxTMxm80MTEYhldRkGrNqQ8Un800LNu5YuQmx5Ztk=","DsrMgdw8XTCsvc3es9qF451FtDss7QwOMzQCWwknhKc=","yhcoLLJKzxKatYObcQBY0sUgJu/+y0hR/c4SFYWVp+E=","WyjmAw9cgI6Q2rkNQx22BwDZIsSxd4LXtAjtSwEw/C8=","mO6rY//NrJ/zVM1aKe8KDAInCXBBUmbK+NbsvqcPOnI=","DTJFEusJvN2VDKLXJCswXJ/d0gUwVZCfdBg7b4JpOCk=","to4hn9P9SwFePM0NwWztYCy0+W7PUNVFlMabPN1EWfQ=","agNlij7D02XRKcNinQvTLUz8zBvNctlO6fBKhge2Wj4=","+XVZPkZaDk2SSOsyADZIWOA24BXlfAsfZsQILZ/EujE=","kipQIy8Hv32cqEsOuuQxdVKQj0/zXaw5GLl2ZgjKAYc=","NbcE1pHtNoQbz/c9jx4xMtOpYWnh6QgM9fbqLwnNQWk=","ITt80NdHglze9uqdNd6DXM6jdgV13xGL2FFM1+xGkAg=","X4AeeR6ieSxvZO35EuedQMr8abDaHzfH+/dgUX0sPDc=","GOAHuymTyeP2TyOhR1nI9Hmp2k7byHv8PBptfAMhUg4=","XaImEjckQs5mTl5RDhs4YYOwv9rBvZ3Bed4SPVGVUSI=","oRIbcS83miMIUzG40Rl+RtiUWwQzh0BJ9Db3TICBxic=","YW0Uk9n7Tyo4hHUn25DjdEoASiUglmso8yKsXRBRZiI=","SAoSvGz+jXzRQ1ECGod5hcP33M2YDZXGADTNpjP+Qx8=","IAfSBMeXT2x/MatEycLTGo+tQrSSn1P/ZgBwMNBsXxQ=","Rt1lkX2gBInRpvBj/eSHkuOFqU4pdR97wmBGhwCYIRA=","A6odYK4FxP89rIRjQ4f4UolrEevmDWhU113LAzYq+NM=","Q9kcP6yolSMVzJXb6TgT7fLNzjp+mpxqclicFZdzM9M=","YXZ0+fKrs/I+auvgFRT3UZH9hwnzJEReW9eI43grukc=","7sl4gAZEwufWN3RsgJXJIoisGDgjwgZ4KjTCmZKDuPw=","Qqo/28Q+Lj18wvN229Q/mnI90zGrYMRR1bzIp0S4hrs=","CFW6LZc5aY6aFtfcv2jbkC1v+LdRAmvwGOGiu0T0Yrk=","36WrowlhdKCSaf31RmFxwuUCosFJ7KEDnu3xB+JDkw8=","hr3+EKrMx/nDS/XDvzNx2BxomghKaUYMWg9Xf49FBF4=","YqR9q8Av3HbQFPfdxjIcXJM+JQ99s6T4n6DkB7aEeVo=","RDAHlHQiB3B0cpVzTg+CoBdF2M3DJyuL5Pt4R/Q14cI=","cUOrH4lqMB5aaBZb4Igmj11sXq4lvKqO0/TXk9hz+gk=","icO1EkiiGBOR2aK3AIeU1a42uF1WyDh5hcOLmsj2n5E=","r7FbxLTCp8S4HuCh23Np+lH2GQIEnSoZN5oVRrWczkE=","SOpgIQq+aj8TR7GgLNu2pP3xPYA44asVJAlK7zAySnI=","krDXKNCPmGrymVfI9niKEaCdhV9mMcXYUpN6ZpoZn0E=","dmW3tualE61uS8fIbYD+r+MkheHORMkPhCK7imMmPSs=","MovTijS/F/WtosqNBNxEcZZpvaQeNMWPcZlDhU48GDs=","Uh/2pw+Tw7LNYfwcf3sh49npwSK3ymyMVsOJoIcbgcE=","A5LKNVkvs8vv093GR4yuMzw14DFpUR8TXxdFXQVhTfA=","yJzXNTo7xizQESBcEps1gZ7U1GCbb5lWYHodkMPXqZE=","U4iwK/GtpLZLSGG15Aq/KG+ytlUdl666YVyMJtNyOKg=","tWtBGb4hHVCps9SGTiA2qvwIBDVGZT7evjKmRt1L08s=","ubOMSwT8ibTgvx+Ks1XHyGFzqQBCRmMQ3TJVWC0/oak=","K28VeiRlQDW3CorKb6vHOfQrL1eRomWXxs1SGwcnRq8=","tBIHZDiAee1QI4fZpyrdyD55jEQy3fMuQ6RsA4xxOBw=","iYK8Y9Vz4ZRLDdEOFa8ZctvwRZcMxQd6VU+LDiMn3Wk=","NBSIH2xcp37kSw0OPyNkUZpUMyhL0r1rjIuU/ZCexX0=","sR+BoLC7gp5YwzeA8wdahdBD7MbfJtmYgN02sbyx9g4=","4lEKJ2cm567gmW8n3gd7KiJK9zIRCj54AkaRcgieCG4=","vdM4Zdw5DWCzobRX4XLoccHyTmSd2hsLzZb4itpSb64=","JQaaRPU3JS2zLHoWaOknFJCmv3CyN+NOm5DOeq/HWoI=","hBc4/0I0qVN2mQ0Ts+oETigyjxzY+3JTIcL2z45bpPM=","8tGmMOxhklGZjfYku9jCrq/zIyn3UVAU4znRBTysZ/A=","vI2QUVycHC/X0DqCkcamdbgUZi5Xgda8EP/91naotj4=","Q3GGHPhVk6plC9FUbg2pVTHq0lwVJokR576MUmM2zms=","Y+LVyuEyn8ZwNOW/TW1/Rp9Ib1kRIa4EXdG1oMYhXE8=","Z8ge6l7+esI9RrvjefW+BePf1b8lRh3A3CK+eGc8tek=","ol/BwHPcu0JpzVXEfPlJwJlF3YiAKiMfLRW2cnTKdFU=","8399JU1n2WVfZEPxQR2H7Pug44k8KQVbRdc136w+bg0=","fRNdg7E8A5eXXgLR+5neXcMcu3pvx5r02PQukKjsQeY=","RhPfB+rA1vPYw3ap7yGFXBp44sxtMNYWvGbdDBdZVy8="],"block_size":4096,"path":"img/default_wallpapers-min.7e33d6a5.jpg"},{"block_hashes":["5rDHEoYEvrYurpoav7+6VzZgi/CD7noBpTTH44lKQws=","PaYQhQpjApOusF4gNs5gkyzhtrTmhw8BlcirqNKj2/c=","8Bhx2KlE+8VqjUGUZ71MTIQfDoJAhhcydC6CLEZxGms=","nQ782X54mfMeXM2T9N+a+yf63pjWRa0wetBhdJDRNw8=","FNke16Cy081rkED+hq4yBbibi8i7ycqz/1c3blaFGiY=","0Na2aYApQ+V0wDbCyqZCdktwT/0QRYZiG+KoG4IcBk4=","5qdGAu8d0EBVsW5bT2jlGqgAMZRjszCtd8N/eMrDcHA=","7CylCsvoKHAuzfQJYiKHpmLGA9JfhiSR5UmGywiRhN8=","+uwF3/RQz8wcKFoBhdhOtz7uMbGoyWGn146Z81Opujc=","6+pnt6ZXfOB0/ZULklNqoaZFw69RYq+1NYO+xCZLdww=","X5UGC9f6mttWb6KWv4gu4AbYbpcLjngQvztLsQhfXlY=","q0g2E/WonGfv8XnO9wdY43IHtHPF05lJvmLLRPSt514=","s1GdRmg3wdbklzeLBEQ36ByvamVfs9XlBbjY6B7PMaE=","O5FCYPEhkREV4jWq9e6LSvEIpAtALjfZ3BcFze9dW6E=","3TnoxM9Y2aadIOaHgswvaTfsaZgS/FveJifK68D0bkM=","YbgQmVcBkerPf6+TcoqVtpHSDw3s5mPeLxPUU7r+Bm8=","v5kBXm1hYGTRJi3KCrqcDdMyfVbm9HzkBtppeUTICcY=","l9RdTdjAE8fgnf9VSFhepNywKqAX20/gj/kpoOo4Zi4=","K/dzvr//BMfzHet9oyYM2+PmVOhVBsjw7MZuvdnlI8A=","yO62wuAPZIMJsYDvJvmYOFTV56ASqarEaklorObxMiU=","arzHEkVO3Jyiw60ftp6nqGk3kNNmkIpUBhdmXALrcsM=","1N94d0+kGZtTy0yLZ/LfWDQmAcmytCktO64Q1HJZsO8=","0TD+8miqKGNBWz/uHW3VToK/z2U6UbEQDc55aIaooLk=","1I7JwmGuslZl7ssQlcs1LVyKWkV4JNrhZ7DPK4qNZXE=","3b3DbrUAkFe5Dr7NPAlAYXus1xXC4s5KpveBItBOkrw=","WV3PnlFV8kFwXVI+d6HwebfhZwrWVWeoBh+Ta5p1lFM=","z1/yDoF3JSLfzqyp/fkoXtoG4fESLy23G8xkISxaZpw=","6/av1YDBkO0XOeIuKKdDMVo/5noc5CL9+NFcdYR6NRg=","9aq6XIJ+8NVjf15Q6fozj9WNwYSkZPxk/kKnhB1qOG8=","gki5YOtLqrj2y6HXCiD5leLldgK5P60qzQmcb4YvJiU=","kXJQonHHyLf35IpX/DeXcRAVsWuKx+qcdJtqTUUMFXE=","6UynjAXVxnG56GzdgBS5kXfj7Y0j7MzOc/FsQmrIgpc=","f1yh4grF8YOVelVXxSxmGqH5UmzxLXFAxbUkhZSfKZ8=","XkJv6qdydrCWLVPbjYgZMlHOCrUR0fWmbOZv/WUddsI=","tdI2V+jycOe4mZmcHIQ455TzhhDsiCOqjkyb0Ov9c30=","d+1LgenSCvx3NTILkDSmGXBM+czhDwcOvues7BqPBZY=","37BdizVybJPBo207hjstJg4+IpRUiGDs8aEBYvLwuO0=","exd0GbF9ekTCCT0/InZAQYeTHO+LSoa6MK9IrDK6v2k=","wIcNNrzddZGOSJEpTEjAvSuTHX8XS1OcVCHpDKlzlkY=","Jt9QU6Gz5iRyE4leN4WOQ2t2WeOanub5qUfBuRsBVD8=","xLtrGxpFIV1htrrhvrqyiZ+NhgwLJC7o+2WAmt3HIso=","BaUoGU0zIe9FTZ7mL/mWVPXYGlIJhhnhwTojeA11FuY="],"block_size":4096,"path":"img/FullTrashIcon.e384c25d.png"},{"block_hashes":["ogizqenJLQ+S0V0IyMCWAabcmbjrL8YblG3SPycpkkM=","Xj/4feRRhBPHFNi6x8J9SQRW80DFbOGueGjyOtG/IzA=","6xWcllrCJ4ld0skGarnV/GNripPstC8st/VKr/r2f9E=","tpRPh+JuAAswibYk/D3oV/kc/9aoM97cLvjTwuVJN0Y=","C/F4zW83Qdk9nxaVS23nmv6FxHlquYzZEkWuNuXkU60=","0PHH+VMSzQVsYwX+ik0QW/LOo9XMZO0RhUVmAPy47P4=","DNn+XGU5XDzIZcX4pOqfcCjbQ242vtzta086MPNJuJI=","5inIMOWovTbv2ENYkUjkcHTb6gjufKj/b7xVwee/hl0=","Gv2vbdOC3FnF6e6ObC9FBXOMaGYziIz9DV+3nkU++H0=","7ePQXz0Kxa2dbd6fc7uLqkOO9GE3NCt57oXNtfv9YIs=","7b1OclJ8fG4QhvdKX2qIaajzlcGcGU331KksOi/wOXQ=","CKddxKiPJSV/YqznjccBOhMK6opqjXWUeDDIzJHW8BA=","CoOG+Nse6lVSE+HDZKYCeZ9CPh+fUAI3JyUqLAmPeFY=","gAGNbuBxszlU949u2+TGrCmcN1sFH7i9lZi+hOoLOJ4=","knn0BMbYcayuDeK76rWB9pH14fx9Kf+bXlJKP0CP478=","XF9qoL/rBt1GMwiRHWxr5GSQYlPwpQYdNKH0jXDyzJU=","lpttENETBkHvYEix3ItjdyisB2m2ZEKVZubxK1Qj3Gc=","uun0b7gZBOT+w4A3v/Zdlqm7XxKOuph1bB1QG5w2ClY=","XffAG3CKZrHVEWvLFGgIYgQkppPTShoOmIp/BZM7WsQ=","QkNj5GboS3hwazy+BkyPxszl5VIquj1i3T4vK3L6TO8=","zIeym8356tgXGlRfOvSZ3YN7Afw4i5fFDkc0/VIY3KQ=","eglN/mlXKvWbTuO8xpEKgOUXxDnYR4QKDgwsLfGnMTs=","mhv4+9kgFEYFNqkw3hQhwVKOd8E7ZX1frgZjFfAjX7A=","SXLJraOlT2RGNd4/ZcQZnTRFO2w4mvCLy0X5lPEQuKc=","l/QILPyaRp/I93TjX6FppJ3uNUv+yWXj80nkTITseAU=","riClvLIps5zaqmwzljamujaOA/90PBLuOojBqYp+sLA=","WVUqkyCwhZwST4ni7CUyRhHa+CkPH/LusxwZErFnTfA=","f8aDQayPu60JapLGSZulNKILrBDaJQBrgGD5Qfk3ZSQ=","UgJY45ksq/3qYf/MNoBheQyppLLX1FhlUmgYkrRDXO4=","v1kmAonlFe9a5XYF8oA3C+0XMuyUzA15Nl8pyW+tEGY=","PeZWjC6a6gA/Tds1ZZ9p6Lz2MwoFuxDCiRUjVfp7hBI=","xubfitUVuwj60OLajwFFUTsu6Duu4ZnjpkTPNqPBXjc=","cPYXSHWBK514qN2lInnnjGj2q+Qx8gnUIwcXd7tpixc=","dgZN6hNPy1nj7GFRW1S67h0DQS885igHvuhj7Y9Rnl4=","8DNVbd5No5Z0byvGpJ7UMzoR7AFcuGaNNaKZGqPP3dE=","rsWxMwyZdkZVYL/MB7KGL5+O7pTPdYvCem0FcBzOxmE=","bzdlrk0E40Prw5SfNd9hPX/BeYWLBZNYAiXzLqsb+BY=","rxZc0/Q+Zb/LbE5/NXlZ9Fbx6FlaujBfAw5ub0i2gMI=","NqFu5FsC0xtJ8L6G58neSa6AgPAFBP54JOLhPp4w9oM=","CkvI84gL+K2kE6GD3bVKEv3Ru5MxgaSuuJWHi0KueAY=","lwCYDMpNiaKekkiph3lHyvyCO/a1vekMl09vexav/Ck=","e2pYb6Ma2SjjtX31/2DP+jF7WkgkM/U4xHavDK5Ye6c=","DpJ7DYbJWIKoLYGvw0I6wUnunhw1MQa2Kt7xU0dtRCg=","xk6e7SN9j4m6/jV1sn/EqMgmPt4HcwMMKIWiHA4dWD8=","3OJCRZQmwOohuHZrD9ccG0g8GJYfglia2XkwZuTgK1I=","qTCUZtaHfIDmMVAYJa1H8dYFneE4ORJPTgIBr4PS6Dk=","O1XEtxOZTfX9xs4HzCSmg1+J+zVfUiDtZXoFbFCg2yk=","rNhW4NA4HQoifPskqut8ou+goAaGA2TqU4doD6qmTZo=","Hpp0spuEx0PMZd17wF55rsv0tgiInjFcNv8R8i8ImG4=","FzA5emHZ9d3kOXT7Lx11pd3gBcoGrkCY81cZlcPbaRA=","EzGjsgRttCtCHBiSny88bLqcam4F+p5p3WxGlV2s1Co=","fuqqxKBeNJZiKHfmNjZDpad3hEvGBJA5jmqsDjH1yIk=","lZiJQviklyPgbaY52wL2FWkeuNFRYVRwU6iW2OjKNv8=","ATbl8rLICUtQ6d5XQdAnXWgRUDvdic9bD98Uh+Tfu+Y=","6sovA0O1AZ2V3A4AJRiBp+xoI9aiJTa/PVPmxfhc7TI=","sGNMnHHFD0D8LwV+MN+I+GNHSH1PuErsXVgiv0z99dM=","gmCmKh0qFPn3Nc5PwBuDFIDw1tYhecT2ripzZbdItcY=","wNTPDe5v9X8IHjyhVMbxYN7k0nExSvHrjude0176pII=","ZIOVgZbduEk5XbOCpCuBEcpvCcz+M9dn033eDVc95Gk=","HjcXl6dYBGhJDZl5KQV0GCtN/sle7jMZ+UlX0zti5z4=","4HJGL5+ZA476MAgU11YCFyAVR8fqVy1E68PmK6ZzJDU=","F2hOx/dnX+J1hD1Tv797KFDGnPV5sJ6Qrf40zGVTcu8=","pitbVKHoqayaGCBm5zmfnYm92UXpWstTOmod08Ji5Uc=","9pRrogBKP/rEvROPsa63Xapv0hz+uUsGE0KO5NODzvs=","SdmhyuIgwHYcxyxr+j39oLUfbP2UpP6JLoQ45oXJEz8=","4QOdwf43SqBWenWap50levsbMdR4OsKk9VgwtJmHpEY=","ac6EJqCP0gzYo25UfGP+YakuIfpd4aRG1KuLtfRXAmE=","yFPnSWUZKLFS77gTgbXH/G1tUrjw7WtT2VKSB/y+DFM=","vITmaIZMzDROe/ZWgQe29DmBvXX6D+VAXF/oiSy8G64=","h5HYO2w4ml/s08l1XMKyac+EjqlLtA07ss/ddPnrTLk=","60XcqPMA09ELC7JpntYWp2gMiTyZ+omdxBSjVTdTA68=","ZCAqLceCwhDDgT1jggegHL2tYe3vGy6/WE+5eDF118E=","nTQx6/gOKKE9Y/Wm/emd4ImWxVCfmtWZzB3X/G5eel4=","WSbe1yXmM61CtJmQT+5ECuoK/jOIgcFTstkA8KBBffw=","KdAhzcdZoGQxo1O1DYdzWqeM0/1zIRJoXGnfocZ/jFY=","TXwceS2GMgEt4OM3fam38GzGHw9Qj7+KLHOmGrd0q6s=","iPhHRY/56NUKArg0Asrbx+pB8KfN89YI8X+Xzb9CG8U=","hDsD5xrLU8zF9z93pAFgTq7zNEMJm4AB4MowgSK95Xs=","zDoWmubDdAOwEtZ0E6pWRVD4VR71R4mJk7IO42Ogii0=","pLPD/Pb9/Kgdwu4iyRDnV8A1K2PHjV+KAK5+zz0rt9w=","9EGimOc9uG6orQlibzgaPqEvMEjNL0+XUhPRoqngva8=","wKJ/zkKHk30VKZdks5NcE8eRkNqOY9aG/geTgBbvRWk=","OzKMeBGJdhSl9ymb9IrTAet5NF316yzLJHjNiMZvoWI=","AE9ecgJycjUoSj2zIplEfZEh4Y9ylPeNYbSLgW9sF4U=","j5vmtcOJVsbFZfSHJu8lPE1aVq3Tw0NEksp+hgjsZJk=","/AmEl7qdJJjaKWx1GR0JKcXn9pnxTO55RbVzi+aCUak=","m7Lv5yCx8wilKoRCJypI+gjCLM40MOJlXWvBUiGAUb0=","bA6NAB8FRLxOgzmAX36jmZpb7ZPygsgMPAGd6yYVLv4=","yAX0PTtYLxCT+nxifLsWa+IbOr33T01EHn3KSfYU2ZA=","Hy/bGPxbTlhWK6FNWMzFODq3+IyGUcDfAkFRrZ6eSog=","JIruDlX8poRxZhBkXo7XdmYsisCTpVYn8DI5XHb18y4=","Q3LKYcc/jGtJMUywNyhARHvZTBU1bDB9mYRfKjWAg7k=","qP/tsW/291l5g27ogNVi8wyNzMo6XN9hppuuMAC3PkA=","9XqoxbqtXhicTg/7DBLa19vTR1b30S0Sq9Ug2djeb3A=","iyYcqZDq0LzCCTzn9LtO1RtgMC0atIqJF1AqnrNBN0s=","czwKf347Osb2MpN2h4W2AF7pllbTnQQ1Ea/0ZLLIJXQ=","9WgGgPNTVtY1iO8BGk4vZuIWmJpoYzdUz6QjGVKyJ2o=","nA4i+uTePSktD2rKgVAHjFu7+piMumoaqE3sE6iIjPQ=","/5AJtQkcOSr52olfZcqLmZxA/1Rry6ncFmSUK+0jdUY=","s+x5gMsjNKQ4E29JpxKq0LUm2V4YIm1yPz6+SDhJHhc=","HyOIz9jyD+f++RIVvqXtwaYQpBZCYhNb4NMg4GVEpyI=","W5Io16VmfojWFlclCCrJWVWTqCjYHS+Q/2WxwYwjZt8=","UvR+fqo2APCa4JqlhTVOS7wZGH75gDiESeFYqFkbw7I=","ifYdeEenfpE/KtYZk+rb6Bb75ouVWlXqtAlOv4x++eI=","Ou9mtP9Y8YUNoabR+yTTXNcRN0UR5qr0Jfxr1uZy5iw=","qfOSXM77Jr5AZus5ndb8bUajwogk1jjTJnoRsHrOQQE=","FhDKmU7eMROP+hHC2ADojVadq0DXRteNjC4jLT79/hI=","sHFzap2VJGpWhTbTl6ID9uSmK5hE/sLpLS42EMnF+3U=","7RBivJ5FT0yjbYHGxYQCBaHcocT6fWvnFeVjMbLhWOE=","oMDUADEUjwZ10Lnch1Mh24aUT2Y4CNZpmr121zjiHqk=","uzDnIvbul/M5u8YhTqxD99vdGPSWI4k0pEU42tfwNTM=","2mFhRa3ScBtEJE1FIFLfiEfYmRDPTbH9MHVjNFCrTAg=","56kfZUdIMxv7R4UCL9dx9INFrF8l9n34u2jSNfOlnXs=","/r6HMhhFDDDoF7gg0w6GFvYF51EsJC+PsNrWlShZGvA=","+Jn3XrKDSSzRG4sIJ0fgE4W0JOgmKh1KAQuBaGi02u4=","786vcgLyQdds5Ile4Nea0qwBo6ZbO568yu9eTHxzFOU=","UM+IMcyHKm6BGeYCfp2Hppf4vptWrhh8cP1J/0Z0ZPk=","JayMCa/uXhKE7/2lCrwx7EL2YASLNdzUYeEGib9qdes=","0asWbeOTsOLc0z04taZuOrHRoLw04hGrwOSttsFvJkk=","Z9Ggik4qrmj8z3FePzQicd/faEPUcHN5+VE/wS8KxNo=","b0nRy9nsBarH0QKr/8Op3dtP/nSMfRNGnJbwIBJWhkM=","0t/xW3uCSQ0twvgVagkVCmkLHiJ9iGPiDS3VSsnM6DM=","4SIjSK1EJ+R64jY8xNFxWerLDB9dTl33lIuWrKP97bg=","ba8ub4WQiYLjKppUyNyV/dNg7/NPH1e5URILTcU68+8=","8YAyDQr9ues7wTVulWaNYbEEGJgpc3NGpZhdGHiJno4=","9KkV378r9h1KuZa62Qv5T1WA7tP8ySNbO9RbNKGXb7s=","Z6yVSD+XnFl7FdBHueWhXdfFISLRh63vQoRclXLerV0=","JETD3F2VECi26RJ3fFZ4syOmCjlPHDExpN7hQwYKAOQ=","QiTSm6daLqnK2trN8T/2ZLgSZ628J9n0e+ADNT2KQJA=","OeM07+x4efm7LftBXRvYA6KOisyJroTSjoQDhp8FOm0=","5tcs8OkIGzub9WOGJwMC7qgCgmmYjOAv6vp76w2cQvc=","vzqHnXpX2rs9WkVGOlnQpA/MBwGMw1X/G96xdqo/xJg=","jfxYOqCLIwoWODIv6f6EOXH7S/A4hY8HW5XfYj19E3o=","MBKwZZMsYzOWBUToYRFW5VN1J+W0ALS4lxhq1VzV4QA=","55c5bV3KdwUA7SQqAq3KFhdT044X+WoxieyXYea2Nq0=","aY29v+fKMg45igkLopHBy+HTfzdjJos96yUiV+wQM5Q="],"block_size":4096,"path":"img/ionicons.a2c4a261.svg"},{"block_hashes":["P3f3XbJoHkmKUPvX735EusNCNqfjv+SckCQkLUJZYYU=","fFuBRXVd6a3XOZe24cDgn1syJkE7k2HvuBPS3npvLYs=","bbVMb3xkRY+wDxacOOzbaTfKejRc1ssYZhu9VxW2uUU=","yKpnTQdFzyWX/59lkjAMcUGSBEbdTSybrl7xkmd1Tac="],"block_size":4096,"path":"img/launchpad.643bb1ac.png"},{"block_hashes":["U++RG7FZYrEQcOqn/d/lKfi3PUfwKWiEVZ6+eq2Zl3g=","cv/z6VJB37vnrD+VJa9e8kO5ltx3tXZyJSWFIdnFuuI=","W0buRltiQh2T/BT6pLqtgu4iE7LpwAdSpGTRzN44CKg=","6MfyGXceUNXJ5ECvp7Lz1vR77JtNU4UhmMKItVTtMB0=","fyA47wNXCnfyw3HFHbhEomQNLgX+Yo7dVlzJLKYSjmc=","Wvm3TANrZ99Fr1K/rxvvQKmJcGDvj/zjAHRxtuSlgA4=","J3AzHhD3B1wRadDTGU6ki03pPjGhldKdp4cWsL0Bhz4=","wjIdL4krx/jTKvkj9LC5Aj8bEjKQ6c+jJGkgQsX2iDo=","vuiVZe1OxXTsdI1x4Eg4XQBVM5wYhOp7+JGsDBUar90=","3pbM04YUKEzHeVTj/a+chHPzDybiMsPBZoRYxuQAiZw=","lLyuFlTjCUw8CedJ4HhjkVrFbyUrQgd4nhlh+on8/Og=","bOlMaLwzanoidyB8AQmCkX4Mnww2AelUOHs6gjrrTvY=","jS32Gy4ByUxKcTdib61EX66WcQodHZRxXHIyHVJptmU=","EXpDe7PYtIirssgln4tQIyLYnNg+aLKnlIm1o3uLXCg=","AYaL0ROIhAq4myfSjMoGR9P4h+TAvr99pPy9T+xPdIg=","2Fto2Dy6Q93K/kKjGNmQyY2jm94sdJ0VGVLzaz5HY5c=","E43X/dXB3+L6VvFx6Vk3Mnmva3GPswyByRKKHeiG+Bg=","pqOnpNNjYcaippL6u8GbhZrZnDx8U1C2IXD7tM1/GwA=","dXw5pbfhcI5JgmVnOaV/+Yv3sG7CK0Q5RfKWf9nisqI=","3e5DgTmcozGfcJzW3CrhuRj063JBb1MJH0TIWvIN8Eo=","L4RaBKAVeFpk7CRLKG0YtssaejyzKrZVnosQo+K6hcc=","AFyKkRNlmnON8K5C48ri2v44DU74QmKCzhlEbAlV4iA=","6sQlVZhaV+tzVGQvqkkU/j8pDKGdAyPvSUjkMlYCCH0=","FnQKMEe70h8lH8+MavotgpnkJTf+CeialuJ7/vkKK9c=","s8Wpe6RCYMqHBcpvxJhxtqy6K93XSfVHxOXaTUZFfho=","C7EUZMvPNRPI8wSMGREz2RQf77yRD44c4dizmXGAlxo=","Jfe126+4b6xujezbtF86qv+9vQQ5yqPPrwcn+bMG9Sc=","BFJ753LIlPP2jyTwqkojxN/XfTSWPU/X15tUNkTMcuQ=","3mMUjSLvXGGg4HzUWwu1ZulkRdv3B3SbAbTnsdfDsB8=","FKD9lN61DdiNP9pc+0OIKZ0n1R3v5KEs2ZMIaouborc=","EUn5EL3lAQwZH8VZ6S0En1VGqDKwOWOsuzIpxxivr/U="],"block_size":4096,"path":"img/lock.aa69e6f5.png"},{"block_hashes":["Y+2qnsksWTkqXruA1GH4izCGPN+NAZkYORjZ+a7cLcQ=","xY9s1ZzjjkiKkRunNLs5IM6umbr2TcXrA2nchhp5cig="],"block_size":4096,"path":"img/null_image.2108b4a2.png"},{"block_hashes":["177UQW5UdhOASDdLUoivs9YYhQXZ1faCVjAdH9eb+Yw=","hUYt30S2P+6pDdSZ6iCZp2UYrZm/ZVBl5n8kTaku+C4=","uZlnMWnTuMBP6iAaFDAOYROHf5xjcefpRleTmkePHeo=","BbQ8xx5A9vpqWF3b0PL6xq7WmUivFFI/49uKMmwRiQ8=","PXtjNZ14Ny/DY01yaNOgTwvAN2MdD/eDIUcs+4c4mec=","nNONjv8KBb4qQ3rhYYBSi5OD6IH2eKNvP0bCoLr+ZFo=","Qnaeo4/GI6yHqDZN/xpN8kFkrrowEWYmb1HWwPmhvTc=","/A16EJWOdyzI6aoyP2pi3bbxUJJ/9M9HRpBVix7nqKc=","uXjyeg1HjBHbF90fyMCP415vq/jheIrUBPrIvInUwkc=","IFEfWERzgfMlucxklNysBEj+0DCo922676WY/3ENAtU=","pjyqZD/EJBJOefJPiMAWTG2eFV7ezrxv65Loy4B/ngs=","6EKzfYRwrh+/p3+L/+m8u36QYaRgfkcWAOGATvvWeDU=","aap8PZ6iUlw0uD2agWIxAJcWS3qlbEdc/hsYh1RZB3M=","m0+lDMiRyl8fmNIMg26vXasY6s67wBrqN0Y6fuBfkms=","lPRci0p8RJXm6NGL1oD6QM1c9r8PgSPYIJieVWr4h+w=","QtgtdwATjyWwowaU/ks99dY2fpki+9DEXte7Jp8bUxc=","d2E5VgLMOx3V4e9Wd5GEUgo2dc+IweH0D2rIGLud9BU=","d+i6Tnl26EUssuotKKz6JF4f64Vd+XbbZg2H5oY5s3o=","6NfuUbB0859rnbvlCsKV/sIiMMzoLPmWdTKjr0O3ciA=","rRqfIgFJb6LBQjXq4UrVnhBCJHyFMcQ7fkLcTzJShV0=","Mjb41fnsrFkuOaCO0zNUq3u2yTOhLzgxZvsiTMsl9NA=","z1+D01xfMrk8n2pjA/wJjpjE4gTBLLNCwgRevVpfzZo=","mZB3NIEtL3bZZnThHfC9iwF76TAZPTHi6bB90o40Knc=","DNWYCMUIJCKdUqCoWeMtbwYkY54xMGlM9a0bU8YdWcc=","aVyULEVK92wLG15QmnJGAKhAF1eYx4YfcahjWFckA7E="],"block_size":4096,"path":"img/TrashIcon.dc7d942b.png"},{"block_hashes":["Bog/N6Yj7Vx5BnNKEXi54Vz8AWTsdYyAuuBEbUrNGjk=","mUbn3ByLYNHMiSoJBA3YJqbAD4FnspWyIeCm4wr71js=","49fYWUDtolrK3oi4BYWnsuU2AXbVi3yfdlYM+qSFIDw=","/7l0lrfdFwZ7OEMlXcnSeeujKhtPX6rabzSN9zJVXg8=","pOibkVgko/+n2MWdhTh5zUEX22hDQ5r5uhqrRdfovvM=","dOGvv3bEPnQn2XZn21/hA6nuScE7M5w5Y5N4LNm/7Ak=","LzWSg2wIMMkM2gyd8GGLegOYEqUz/G7UxXuPuZ1CqV8=","3wFBtRfRRfhsvOUnkznwichR0YomXusSzplZvts+s1Q=","2zKtQydvT38qg0G3dbh9MUUb0i/n/rwEcs4h7Ssx3U4=","POU4WPpmVUFBwznFFsCXGkABdvONamKVcXLyA5C+OUw=","SHg7XsfTxiRYTfGRHUqq62vq7wKYMAnJUOkPe+y1kzQ=","/OtFlMAppFcEuVJ8iUUg6HUtbq0Gg0lQyRqTZEMwrxE=","hqHgZ2OHE4gkaN7v7lNDjgQy9CjHLzVyE0AHqzY19yE=","09Qwh4ZSs0XlE9PJ79H733aJdmJKygh5Ixb4XPTWrc4=","5HjK1jxWGruAHQfymgtdIHqcRcXoAwhuAPbGCRy+Hhc=","aIsrDa4cQjHBaKI7/V9xBPr3t873G4cKmGYqh/zITMU=","LYSCgVSK+BjgaeMlcwqBxNTqpyF4kns+tyiOZGLXSNM=","Uv0n9CHmH8XBFknuE4x1AM6ucaW5GlT+GLokNhGgNWg=","M0hd4VGKcoUCYR42u7P6vmym/I41Bosov3nvq+cYc7g=","IAlYvhLB2kg1gWrZ7clM3qdCQNEtA2Xsaajqo9m0ydo=","vXkA9pD7zDK97spXl4Upy5q2o3gXS30v1BKuJl0iacM=","vkWU2ZTdB7+v+texKG9SE5QHEBkKjYJnmcxRj1mhBfw=","9hrcE8cbFXSWX3Ljl5ldM7b++cGmZYN6HMLikZ7KvFU=","IGZDxP1iqXfInY+DJovYlXmVrWNvmqGlCCnVGxNxgDA=","D+PGC8eqxg0XYLk6zNniUgXk2cTOkYqrqTzednzj52I=","ZGoZcg4JmxfB/cWaLx2rN4DQUdj6lSNrob4VsHY1o+0=","5XnQ0iUjExfbeU1ymaG9yV46vyZg0b7Y1cEpxpjTZw8=","+fGfQUhh/tI3G4uEFptf6Y5h/pPzNtEuF+SyAKpEeF8=","grIEceGEYxPcaBpMT1rkHzotuKsC6Sdt0Zhf1t8fClA=","ltLEzj97krsXRZKFqhnQYx0FyUd7q+Hu2TWc+4afKyI=","lJSdbtPG97H5n53DkPGIqa0R3bt4uBp8lZYcDpj6/9c=","gzu6snPuEpUSruV3uSTAS4LVwpm+IQpssEr9IlUpoec=","6Y7JwWHsXB39EEwQAqTnaj7SM6KYG4BxSa0IEGBZRW0=","zJTZ2NCprRsFEgR+ibhiVz1VAc3CMYy2qpSaQQLBHic=","Hqh4fm6/z+V9jfaLYnULVNHEt9IB5Xko/6XHD9ZjhbA=","5bhBIxbcuy2ppIiO0dpJynjODLs6IaimXRiJppyKR/8=","F39U84ofoWHX/Co5Ukckfw7+FHUT7jHhh6/qVlRCrg4=","LI2oJSbkWtsHtoV7EaEvU1/rwSSPwafV6/kOd1CjiDA=","1p0l7jeRlKD8OMyibF45qnwvfYusmnQ9IprrYB+3tfw=","pa9GW4H/7FUuD/18l3EMkuJ8slZe/FFQOpMVbfzXciI=","06RDNo2CYFz/227jXIRCN0EL8jrzlw/bPSnbNez0eCs=","I/qyRoPO7I0P33CtARmZ+GU/2YB3fcosQm/iBrDYKYE=","vqyg+yDgv9j0Al+OIFeEd4HTxmsIR3LJaXqGfJ493Js=","JKCm+dsazjzrR/UTEuJG5OtsSzyrQ8/jldZ+1fWb89U=","eQwSpyQp34jcqKWyZuHoAZDMsU9G3BPDvFN5sTj+5sA=","lGrc+PQ4UO/w9OknAIbRRzyo8uI11IRZwkW/S08iWEg=","bpp+AnqIZZLlX1E0bPTXcDZW1C8AQOtNobkEzVWH8vU=","oByREhc1hg1VCeszrtW6N4rfTWc+XZIb3d4vlx4lnY8=","O/pyTP7iBOzmBK1X601R832Rd2wUw5AXmY4yd1hhtAI=","uxhABrff5O9CmIspCNlLAjdYfj+UuXFa88kmZtPQW5s=","j5sLSrqXm+3r5f/O20GSXknPzkYgvF5SbxYfQkDOIMs=","YN6615JFHIgHF0+mMdRtL1M9TUO4whAZPi9sQ7lMwTM=","s4bXgv2U7BsuRBocLT8IYiEWKMhKQNGfngIcnSmMtpk=","X5e8TBJ3ULlyFLIHVKOwvx0ZysA/xZ0cz9OBNdnzOHY=","Kk1z8fzwzhcfbpFZjQ71n38Ne5JMKwzR6oY/HYkc4wE=","PUqYc5g7fcjuIAqoaOb2oQkMZ1DRI96BOHdwPb3SYek=","8LQDs7XnPDB+ps3Oh70yZKOeETBjJh6Ro2SepcSI+bg=","6oll7YASNSdbjhs8l394La6qQuHJlijwNK5f2XqfmYE=","/W0LDmU7qD/CnA0KwvSOiz2NVjqk6W6zir25npu056Y=","Vcys21dxcjokaWZtxWTpTwvCcMtnCCon94J4CbFLZpE=","NDM3kgopibssO8MdctbR2l2+KbPcur30MrmLTGwEoNk=","RNzX7M7wN1QYgtdZhXX+RdITwOlvXiWjyq3hSsTnT1c=","FY0NWBmHjo5o8KH6TlR6plcsEPOKrRbZDu9/5ilynkE=","KT/+7++o1HCL73tOyDwys46OONjO1sIjM8nZEOI0jek=","+vcUDA3+GDSEofAcbb/1/FeNq7L96y3Wurz5XUVVnR4=","6qZk1AEUfccpvCxx4KiCHNn3AXg7P6/b6+peGaQNzCc=","9mnSVYaSM8kTj0T0fGPj3395i+aD1kAcwt9vmaxQ+Mg=","yQYfv5WikiDx/Gl2/pH0kkJWL+Y3dZtXIkPIkhfgihE=","+yDLYRAwiZJdTDk6CT/R5mz0B+D2WzhRbk/wWUMGo8Y=","H716csAUO243ov1hs0qtpeBKQ6NEP7swUXA36p9aScw=","hvmnzMxv6duSRDLrKE465VFeYyI9en//UpYuInQeW6k=","tlRx+1DCapzJSy9dLS5gNFM502726HlZM1HHFAcwJUE=","BYCidaV1C8EUB26m1kuUTpLB98+ilLhB5FykMjSwrZk=","R9JR2mvuPE+wK5p7SrCEVQWjOeUx8hVJdoX6ON7G3tU=","D3v75DZoCu68ob2jbginGyQhcmvOotoOctif34VtIbw=","9+xQpVYvh7PJS6C2p687WwfylXr95hk3EYcVyxf9x4o=","iryrhfZ87jLa8ZM68Yb+vlr+2RYkEWidbEoH4tAGTPs=","jFk+KtUklObfO+2TUEMCVdB+PtMIHwxN83Y2srGx7Ds=","JyTA7rU44PEJcPmUf9UJ3PpTuruUWswWwDsXq4gNsfk=","S5wBnjgnRpsn8mcHxl1nQEY0SPzWky5wA3UgmVZEQm0=","+DQVKu4whg12tLdEE3aQN9By92E3tuD464O9OYv8psg=","UAimBJ+xJ7cpUgccPmaaCQCw2Yfvcut86MWmi7ZCr8M=","OqU9sN5woRO5QwkA0k/Mm4wkmj5PObU2yM+t2vfUdNQ=","9HeFpUPns903uHjhQX6N+U3KoQxwykrSodVVHKGj/qs=","NJJCAlmiO/EaXbmFvP3zDhnQd/TVV9ORHyHiMHunUOA=","4NEYMyKGPyhzVLjbEcg3l3tsHHKNXnJCaaXWMJNdl6I=","es94sPQy3LNstb9YoqObIbdlKEfJ25ojOWgIR4LNs/c=","sXLO/DKz1TfYyhF61NIPL6n1tCsSqJXk3+4Gnb3KR3M=","BdUrMZMW7byaJP6D0GQVHVW2jz/KL4qMgPSEgcyv5sc=","6Pk0XITRnp+pRy8U7+eM7UeKa+pXHgbIAAnJilObpKo=","FQSU+oE9Rj/wPZyNXHjlwi40jyP9jGQ1aaWiQI0wX/s=","1Ya2b/EZjqsli80LzJGmYw2PQZgxJynHLoQ2qKnxfgA=","/mjo4jkRvVmtdwqLsIb5NjRaV9cldVEBpO2KcDQKPMM=","+EcOixy2F6WZZJlkbhCESBFbYykULoOd1vHToM4RlrU=","/RFmaLVFl++7idU80qZV2UUtzf5moKnXKoRVGMawRbU=","aUoXdKFFDrP9Nc3D4ctF88+JfstnGeSXPQuUUWDBf/g=","Osg30RfdlLrFLeiU3xr3B08qv8IINv9LRBhUMO3sw3A=","Jc1AfjuXcUyxTUqW4BXU/Ysi4BR3XOCvVA2x/dHchTI=","04AHCSnRKyAs+TCJg8zUYCCa0vUefVE09c/9BGsv8HM=","WqPIif27NbnTPeEZ9jDASAw5ezSsNzj8OxlWzHDDuQo=","wUakbgT9kfBc9gW2y2SM85xosCPCzUgwxAYmRiy53m8=","Bay252VLz1QLL/A3wEISKlkcRWgcbJEzPGWljCQUnoM=","/b5JmuYuS9gX7QNNxqfgwapOIF5wyZyu6z8eNGI1BG0=","n5zzfRxyq1ZlbB4Ec6oc8Ie3Y7iluTDfnGHr0F5/BC4=","iXhdhkv6KxW7k6VpDzXLL1exAfdZDRePQFPbICKzSBc=","uwz3/CTmxjLrO0xWcM0hYB0fPOdXAINOptaA98YWq6o=","LPM09zAJO4VJesyYTvYSdmq7lXE8VimpjZppOempHbM=","53/UTH6m7fimtNqA7iWW6T0y0cRI/7kB/h+FdIn6K08=","Dzg2U28ylcDdyqDKuzNMGkxYmsK9uSzah/9ICT8+zpg=","XFMM/KrRyvmBUywt2oHujSJXF5onROF+qHt39gGIimc=","UwkkJ4mmNatwVh5r+jlztd7RlyjoWr5NtHSo6CwVczY=","qkYfAAhsF5cTrRsirVOL0hWNu6FuYlY7Nx01ZVgndrI=","xrCcCDi+jVd37MmI0yjphlPycI3ZxNS9swRe1eQ2QIc=","ge3SS4M2JvI7s2pYnhr5jatJf3o+Tz8DFELXHr+B8+o=","9UetFy3mPgXCilC+wYTDm+iSkk2CGzKCt8mnH8RW/WY=","V4Gytyq/Qcf/XHPkuW9Tw+0WDJESqgdjb+vC+xRRaoc=","Go2r1Ku3zdBTEJvqBfUCuCtEwAFh3d0Y/zFuKzMVpjE=","GwGRPIrCzn6wona9WikcDJ07lnWpi7FL9/wPOkXkg5k=","0b0wJmyRVCphi4u1AICdB2duSiaJrfIZWgJIMa6GxeY=","tLgDEUthvBQeL4pHEmHDUPGhMXzgm4qzfS/kkzr6pew=","ksKftD2iOwb9oMx0F+M9qnWQS7QSzoE+Xt4CUuA2k6A=","jhaU0W5aD9zRR9GGMWvii8wIydrMtUm5RaN7GDmifOM=","5IqNdyzooDC3/pEUUrKwnXxyJ2UZJdKL3Qxu9Qusbcs=","B5h01a4trQRamA/8dMzO663DVVCy88/mHf2eeJ5WGpM="],"block_size":4096,"path":"js/content.js"},{"block_hashes":["vEONnd8aJb208vnEuRXwN0NOdLcFaOoT05DUnjbqpg4=","SgAAEnigcpEF1e3g5lcylBIK5xVUhgPdDsC9WaT8S1Y=","yNyMLF8BHxzPg4AwJOHZyas1RRax8y81c/vVD4uMYqc=","l5ZNNwNhNK829lATwd8SfGYQmgOTfq3HW86MC2OO24Q=","K99oTQ2p1PsB/TK3Kacao291eMiKCsJN15pV4T91iSI=","7BoZJhBq5Fi7q55EADjGv6mSvZZ2+AoseX/JOBI5knM=","OPP+cVp+VIZjybcm9iy07KVHJrnnfIXLPGcRz35D/6g=","0EcpeYnTvFK6K6jS9JowvYdKeIGb/DVwB3ctQiefohg=","PAyKnpcG3odi1Ofc4fanKza/46d+9yA0r4uwn4zXLPo=","NBh9UJ+hdSnXURLLn7iFr3BFKbR1KlJv4Pf+8O71GPI=","8AX18RqEPlDodoD67IvngpHhc8Sf7C81zlH35Ss1C8Q=","JX/gx8/YMJ3KXEANXdlLEOevHOIAbO5AcVC0SN0IeIQ=","ajgwqDM5vwDZ3M93KVfr75KfIvfoz7BlXlZA5Wmhs24=","vOK8EoKyF+lG5bwfA+jW8BnnsyyjX2CeBNhHIJEfXeI=","6AL8KKSdY4uRqMIzS8QK0CbPPRcWSM899pk41VYbuaI=","jO52sYZj4JNsxaXmd66J+x0kl1awXjOKaxrh6aZ5lds=","R5RLDV7DaW11ehXNhkxeI8txHJq+SM9+JNwCGTOqfyU=","NoewcRh2reT4SwFlZffx1joV2FgU4+nqD85PG7WoblE=","16rXwGKTfypd5Qqp/u3tz8WLhVKZc7t+yKYyeIrbUfc=","4tvaBr/ZYytZrONXWjFXancIuz34S2mbZ4i+FIdSO/A=","0cj8wWR+BtWOOCdGHdTRQtVXiUBth7gbfHLrYIOUMWk=","/FxZvwb0+hAAvvfRyZAHUG06FqBDSo69oaEpq3GpozU=","HMBKbkIm1ldT+lNJipWz2/H7CntcI9qsTG0gL6DJ4ws=","ohvRxWCgFIBeI8iKfaFmEUkHFHZH2aL2Ac+1GO3aA6w=","x+dQaBWthU+PctrQGvOm9WMLoPLrbb7Sab0tllCgk9U=","kSj+T8yAOZ6w2ZWffOzlflfl7WILL+fMUFgXbF69m9w=","RfULgZedxeke1vDhgY3U1AjUhWm9coQvagqfpBrgWJ4=","AVk+Td0qBR5FhjvyW3Js6QXmBRZGcaBgy3h2XT2cg18=","VquDlW9fJ8LV4K5por4eu4fkUUoU2gqIWdwIvYlqgIg=","2XN4RcsTOW5asioquLPQngXHP610LBkPIAT7f1TZqzA=","UaW2xVVzAQpm7xfB4S5vsbbm7e5LY6e36s3SPG2HOcM=","pVJ2w+zghp65gscmUdThZ9fHVTmaiKFlYjHvZbArxHU=","Btq7TlnTBYml7qW64DS79N+gAqA8+0YrlTtGPvHFjFY=","pyBhWOvZ7szf3oDQbYgreDQ4LfS0CJoeCEoW6i1dqLg=","CdG9V6J13mcU6pZbGZPzTRcXSvhsy97HpzTnVDdNNWI=","XY41QLEoOJEL2wyQ3BsD+lA+ufLr1Lp5yKGroTlEwH4=","PJhxzRzidhnwdPEg+wHUhJlmPxuyZa+9qFT5CaQSCwE=","/AoF2x7T+Uo/ztdVCkv0Nkqm7L4VeUOKJ46JMFLz0Qw=","yr/a4ZIy2FCbgIn6WLgQ+qao83gNOMUFGhd8UZiq7YU=","RTa+tJ880depMTrjCErqbqfIMYRd1wc3eo865wh88Mg=","vDJkqqy1ZnzOI8dxDXzRXFV4QmSL4tPfiCEiq7Ck2u4=","V6nK+tZROFmq+5wpXEkJurPR9KqNgNrhDWBm8SNcuys=","yAZEs8kRo9D0lwX0Rh9+pv1WxyvTbyL6hL45dmo4fO0=","1BCl9J912mXr6JUGtvL9Uvt05yyQaDdGS0JlRf3CvaE=","o5WIwffm0yP5bC2NRjbGo4ibtC3DsjmjP4Zk+aTSkic=","9XG253+sDgDnsMq/9KWE5u0FxnOZ2uBAC4mL9znFpM8=","OtJCHwv7ceaiwyonRbedVuo9Ond6tCtTTBO1uGtN0nU=","cP48lUOL/nTe+aZb3n7sq16iEDNEMZFQD8yk4pJkx5E=","Tkh4Cd4g6kdtR8xQLcFFlZZyDoNuObksUVXyzmyMP/k=","6terYdOrZHP9Qbg9mLy6EqRxCjwlVPG7atSQ8WZy5KU=","R/6RKnjMRZeyTQYaUjRcgDUxTSBLr2091qEFSg/r6yU=","7T0fdO8LOw2fo79mQp+k9shs/OrvvHGRKqZD4SqAtUU=","Rgp834QTW1XVostiTjZMLN0L4ifdntcSVYC16PQFVH4=","s/58GxCXDhz0xBw+5baW8KyyZJMn9H9MWJywBw9xOzY=","X374g4L0JZLjr2DAf9SzB+POgftw68aeVjmN8K3df/k=","UGNJ6VOVsot84fbsVh0XlnuD+vcOCB67hBXVjdltf+c=","a2g5KjY6dm2oyW56gWQOJ+c3s4IxftKsR8kP5LJTtKk=","Zz8boHykm+qem01/0GIKYHaw6z1YlB+aQdLM7OogwN0=","A7SbnZLY3m5b691OfxFTyVJ8t/NdVmz2AsDpUW/Ex6Q=","rO3ZyeO87ebiuFOjJMFpl0xgHHiym2jva7NzDcNF+gE=","P+4ac6DPbBOlyheCs8sLxMehxqxtqHp/7aIitakpOuA="],"block_size":4096,"path":"js/menu.js"},{"block_hashes":["sJRle3Aee6jJSVm6b5Sa7/bdMZ/eFghU1Dz03+QV+k4=","017xxrjefdlnht7mEssXH1I7M+tebFZsh1K81bGaLJQ=","WueP0AX4+IVigqvzCytaFD43a43Ro46GBrNreaoo77U=","/H4ooaF4hOtmPaM/pYFXR7F+EMmrxljDjVFmwtuteRM=","OuikKgduekxYg1Rm4IlGWqqy+0RkR1A6ZN3Su5MmFuw=","esJ5lPxvY6LPV7+nC3HngKTwfG8w1MN97cNYg1PNkug=","Tcx1eeTQSooN+7FD8QT3u1nzK3PnlkNDfMbTKG5Xy4Y=","OZBPREZAJSx/vaLROtZvolkcPD+j2n0SB5hA7Ud19jU=","BchZ0fmvLvg+V5y1ICTEprVRfolc+9AIUyZojPLXW0w=","SPuc3OC7SdpwxhY0Ky3/9Wz2j/BdCFJWNg3uR4jne+I=","i6xQTV9IU3vrFFXq7txCaKt7k2g1cSkj53YbxQSktbo=","N72hdptVZNn8VO/zLpjFwXTkEbCgE32t3X/MYVPY6VE=","cvk1KBhJO1ABJN+evC8knWkM4y+qFu1nVPBi/Ai8qjs=","owjv+JVmklWA1oybkWrXU4LEd/XXBLo6ReDXrvyOj0A=","9tTdnlaMvpJkAm/sywMA0ZZYB6DvBKoOaPobpRmJ9jA=","cXzighbrG6idqQaMGWWYecJ+0BfKsJGVaa/AG+px+fc=","Bd911XT3vQC0bWbDKJ45YBwBfkWjQ1iVQ8zF/GcrKVw=","imJZlaTKwpGeZvz/NG5M0qQ5Ub1yEgHlxvMFWlMZPUA=","FbJnWU7qEW5eVNKahvAnw9ANFYTxtyebJQXyfdqtJcA=","wUuq4fGc0eTzTGJ5rSbV3cs8d4Hu9mX9m3JjdtCdOcc=","ttBvZDOx6ev6qcLTsjK3cwpMbvC/KwuVL4cr4HOjZ18=","0Bxl0qxwQ1zTaQch00IvQIO3Zs4aqeXQHRJIItqOPjs=","pEOuWH9EfQoCH5faVjzliTNLI+u0XntmaaGXBrAu2Ok=","XdHJ/Bbxkbhx1oQ7+X7vj1KFoeVYDmN6oLSgu3R1kf8=","GDDXzY4kV6jFMZdd4d6yCJ1JoA9z+6m4RLo0xKM9sZI=","d8CBmLdHA2svMRg7uOYdxh7kmk9Zo+YL0WSWpeeAbGg=","RWs5qdq4D5xgYLAZ3JfN4w2gwuxiATJXJNuFxCEdisE=","w8Kxaud++VMRdF1SXqx0T0SP30hbzXsH7JH3Ut/EcYs=","QjR3pU6DJYxw6IHCwQL3b8Q5uZ6OOe/hPjK8WIcPRl0=","RxuOo0X5VMzDXS3n/e+MCyOHEAk18KHZmdLBG784zkI=","CoUPkzQuLF3N+a7qC9CYnTu6HYqGQiBa0QRebmo3/t0=","QvHFxB7o/fMpNkY0NLhHRVi8rzYg1dHAS/e407zb29k=","vbJAiGEOr88u25X9azh3tk2PJoIvyQpapr7sdrRl56M=","soVJBMqZEGPxzkhVje5ljMvxrpslyPtwL5wY219vxiA=","zb3i5F2+/+Q9rX57x3cD6LkqZmVEDWOoyq0a6mvr7ok=","O156IiZypGvaIqyYlF5WRGFbQJHWaU2DefxMFjiMiJg=","tzQkBwjWT7PRPwIzY292pXRsnF8oEgt/FXfV7sD+vH0=","CZ+vUksAodCXc7sCXKl8yu0sd7H7ZzA0zspMcotXI2I=","TElDV0QvH2cWT1XiR08fQL3/yVCKcz1tabY4U1sVePQ=","wrYKyuOMRQBwiIibHUa47PxzD76T4/TX/o/2FOxliBo=","x6IEWZcPWhNP2q7fd+yeXUr6df265YyB7w5f0f5/F9M=","5jUNqTPsLmFt/NKuqudU32r6tG96roUbYrnYXyBoxdo=","p9c39Fx54KJ64KiwN7KJ/JmOn+gVCVqxKqfV+DeFPqE=","DmXrv/dPJ7gtqM2xchm/smntbU3bmQtvBx753zk/WSg=","H3/GN0Lq4rvSQprrEJpvQtt/uRwGg0x7l5qpS3atlLw=","DhdbymnzTtotF3cuRW2nc0UW09Bv/UMAitEmiMHBxKo=","oDUYaUOG3o11QWjjr0UWxoCypxNF79mWrR1boDM62Vc=","mnJKcHMWnimKx1O2W/g/fbumyVUZTlpGTQzOFtDX1Xg=","nOyRnuj0nmSCMHsFfUVYhVu+3DhSUADmqj76BW31VEw=","V8gJL/fFT+xb8Nw1CUeDvw1iIlp5hLUgW4J0wV62wTY=","0BqrHiRrWOX/u9haKXBbiiKZFf/4q4Q3hc1Ius6dPfI=","YKm9NDBHJ+axjE/ba5RmC8MU2iyISvq5dYAIob9mc7I=","JiRjY2TX9SxU9EfbcSMM3ccxtf/sjT/r5Jqm/Z2V/h4=","UJRRJ4znBYF9U46LW6pGg5tDtneZq50mkFCo9kCLKSI=","VpYfnzb2k+59wtwIFms3BkxwLWlPxUdfm8prMlYYcYg=","WRIKdd50OrpouzD0BkfH65XXhPOwYJncUVrhw96RIgE=","8e4Pt0+AQy8SWfGDL0XUBM0i1xiVHoMDsOJlYcDBN2I=","C6vCs48ow0d6D5axg8jYL63r+dscGT9POkaaTe1jpFU=","mOorTvvF7x6hDgcsh9Bv74QbkKsNUZBdZtk1jfw/dNk=","ThCvg/c3IOTXGJ95SNd0mfaS1+GXusK19PExTRdFdmo=","AuTshIT78NJraXIyCVgh3WFL4RzF3RH6+28xSt0RVHE=","McSIn8hDiypJJEBPgEznsaK4mLRFXnBVWU2vyM1Pa6U=","gpw2UL5MK8R8I9j40GgaYfqytZR+Hx4QW/t6qOqTWOM=","QMpRSFhvDEKiIEWvyOc7czm71KbErAG81y5yCdy06eM=","Z4GxH1p8xcHbBuXnY57v4NmD6kDU7msj60sn3MEwqhQ=","VLQx60WMxi6OffyRpE8tLOhnIyR3YklnY940BGzUxQk=","mDHCsN2DGetdCiLFElZxyzEW7klkomIAVPrYa6RCJDs=","9ldvdvuvDzrk5xI+12DwYISEjDtf1IlQoYmRAvk3EvA=","erMnVBQJRAv1dlJloxV4iC1BimaUkgVI5/0uvwTcZLc=","7XM0A7oIRXXFTaZoDFy1eg2367i3+FjG2unx4rusF78=","mIfMJA4ZnTt7owDL1OfR4Hn7F/X57FWt2Gl9L1PXmj8=","y73lf94pGlByziWP8r9iHloUOrUcBoHu1iBHIa47Dbc=","Mf7eUdmCltrbuqcuaLs78sN/ZuLOgUmYs1sy9eiZzk0=","7TuCI85JBxUTn9xMRYjTMwhiqY8CAF1oX91a4U140Pk=","X94J+3o8iS0uVHKKtHbf7XFwKMNQ7cgZa9/cmGTVRJw=","Se/XSTQ7M/poXuKCTpDoA1KS/W6Xy7hRU3+yZG9Pmw4=","rNT1uyEde0Tj43ce5R/V4VzsmoOWWzOXBCFNWIppJZw=","CHy/a9bCJhUHR+Yhkkg1UyihDZMqkPpFuMopPzRz940=","mbfca/ZnGI2DqW5GTIHaoHM4jZbM5Qg3B0YhP9JmQTo=","Xoc5uAKvFkG/1m29jlbWAt2tBwBVTL7Z/T/Pg5PHCMI=","dXN74dHV4VAuA+vZeBxlelQkFnWKYjR/9Iqyu3X0g0w=","lXdM5ntNW3CPMMB83kYUiF5PcQA1k8alMGgO7Joqsjk=","zpZ3BOB/p9+8XjkV6SKo1DS6jTdRq7FXJ+2/85cDCwY=","ycEdNJormoieELj3r/quir9hdYFRmzaE8ZrdvGG0PQk=","iN3i0B1uaE0XdAjp/X+2JuVJyqSEQn8ICLjB999N4cg=","OWDREuVG2fu5QiKgsh/e4Up8E5GR/cF+YAxtwlN5TVo=","V4EVWryvWur7JoGOwMVuu2irsICBKJOAKD1H8y7gRmI=","CNN8/KHw3MxK9bRG2oA/QZg3WcoD6+Px+YOq6lL17vc=","uB9uQDmyXDsWIMbJenSR6u0WS+2mHGCPUgP0TRl/Dwo=","wv6EkQKxSqPKpxeTUh/nO1I/ADp65o9aq4eaA+GCa6E=","bvaDC2gw1mhpH4ysnas4/FTtLLScZPSv6+GtPtQA96Q=","3yAxBpCZLGnVbzwYX1XPZ4dJqRYkIhi7YBCic7/4jvI=","K1ZzqoeeL1wJbBEGbodtTsAOescmKES9yQtlqxH7yoU=","gDDK65X20WjXY2iA4AP9/9nRSuu/uiXzTFebn5J47Zo=","D+9tuWtizHgScSxd6UsHWG61HJbUKBGz93ArjUhv6WE=","N+gK7lNHRFYEvtwbE4KlNwrWo8JihNcAlD+qf3xsxGc=","hntT7Y6u47MaabMw4Df1+41H2jFi9rfzQoSx9rpOPZ8=","xk7xhcSUTmGQrBTvqu/zueRTh0zdYsWtwDAggsEousA=","PZ8u/RnPpwsIXOw3s2/yb/9dVeUeVg+366b9/Vpnw3g=","gqFrWNGNSIdaSxlUMiLjkvwJ4PfGpxoiQ19/AAoQVcc=","zRWom1L197+nDHPadyYYguIaxQzhF+CNPM69ZjUp+mU=","s+MdX84+vvu0HwHd5c7gy5zNfVnz6DAc2Bl4kxe0SHE=","y1R8Gaw347LijLnJ7yoCPU8sacJPBgVy15pJn+wYHf4=","CW5yDpRn0Ua/eB34tyTwNG5yHgcclM+mxje9hC9ndyE=","zwu7DANDW1eSescBo0m9UOhRPnbOJ6+rZ+QgNEMEGI0=","oC3J7MvQ05hPg83gczTp7aLDERqK2cZwDAgb5H2kFZk=","ZKOB1jwswI34WsNkMJWtIw5djCsmO0FdTg+1tu8ncnM=","b6jt8baFjFwd9wCLaZ7MnKyiuHrvCZ61XxqqmwSpT3E=","5lDspwz1R3ANiHEYOUVBXDLWfe6Z68oULVSzKp/a/dg=","9i6T56ejxGw6nz8eR4VlBLYYXybFPRCgCZp9xBVH7Tw=","kiTyzgm+w6QefNsKjCOZZGnerqed6yjMzP5rTXCoVuo=","QfuHuTIrGzf2yGdChPbCadrTvSGJjmbPxVcCXylBsY4=","SOx1tXgG+4LhU1bq1I/3+vwbfgL1pCPj9DCws2T0tv4=","usPlGN+akcnk2JhnX8R0wOJUBOsxgqPs3FQ2oPjLYJI=","EizzvtAGh7RNFz/coKRopbRR7e1aUlTl/hQDOUl0vZo=","7kft8pMsTR3sRJ1tQv71HMwStowAwNTG3KLHD5/dJeo=","Ybk/rav2qAyQZR+ue+FbUkoeScUTJeaGgGpmJFP5X1c=","D0Gnw6CQ1sOJ7B0hQ7Pj3k5uxLHI1ff6KDfYd+OBSjA=","WZYTVFbWDKA09EV/A62ucbL1Ct+EZ3GUg088CclvBZk=","YGcfeRBMynSUrrafvYNkiQ5KjnX8WEpYV8Sj5g//yMI=","D/X+MOu0FJqYjjg5MoxqCxDVjAq3+xycbKE0wLNH+mY=","OLaoVxb+ndBJQf3qvXKVHkWgQU20HhE+uL+r/eYMn24=","gBIYLbaYIfbsQtljKZJ/7Q0QRkCTNBdmP6vltp5dIvs=","rxVYQefUDciDN59qfBVX13hyvbhTllWP8sMeExu2nlQ=","kZfrwi/tG0gTIJqXCqgNaVsKViv4N/v0j/YKnYmHQjI=","sYbDg6k/k6HbH4g+76cBGVr0iWXrFCExr97z7SrbUnE=","bWvbqSBm/gJiFJSLKGWEvP2ZOLAHdQXTJHKsDl8ynqM=","1LD2fwOMJbo5GFW3o1hvq2Dx2Zb401QWnwzAj4v5Vzo=","mUCFgz02c0fFtqDiftgRFYfDkapL1YhAsAN4pEkdKNY=","5S4ILBDdUbxO2AN1ilMubq7nP+T5Ix3QesBxljgoF8o=","BcD3dzs6vRwtKJM3K1b85EEci0OaF6ZPl6FyYO95qXg=","+TPufNElDMGQjSLWXqPrTTtvu9xJrDGpbAPfprC3grw=","nKpHp7PNQ8yRZmy+wT11ChzrY+bCrkkf2qGW1/D2buQ=","WnuohY+S11x7tSDCsxwGGxScv2rnqkyMvlr1XqA7byU=","Coih1kIRuEhzngglEUxDGBNFDyCsRSEWL9B3dAOoJPw=","D+QVaoNJagopLCtDkjy69oOC4HbaJBEt9G3H3I3tlo4=","gup6PKKM9r9rDrb9/MDWWazFMkGSuXg0keo+BpkTBt4=","o2I8vYr95SCARDNTXumImYPDF+4ZHLmFXZtuycWCYCQ=","txFiZznfcnF8DbKeYAGqflMet3qhg3BfBIqmyqyVubE=","YLdtL7vCn6YrsBFKUtuhJTpyZdxAGuPW74ELJAlV5ug=","qKvvr2RlLtxoATNio+yDPOmTDDLJP3qiDnehGt7GkI8=","0NpnBp/C7E4ZCpDhlzdrT3J/fGyr0SjOhPwN9w7VzI0=","iC7agBADpQ38CGot566EFJ6QSa5X93qc72OQrbpmR5k=","/KDHG5TaEC2S22fRz0T14qmoB4hmeBk/dNrMuE0RNeo=","rLXkP94BA/W9uEsjs4CLExzCvEy6tuWpyhLBgyK5daU=","y+5E/cNGpHJs2hSX4avWHL49YA6nw74W5a1SBsgcnuk=","jPzxKzh+8EMrXxGvzejG5U84ou7K9h63FZ2LxUOz0cw=","WeztT9rrllXdK3S2R5gSR3AeP5miZD4ftIP4JgXhiwM=","nlzaMr5VlqJfGPYtDqf7IfGfVG41X9sCrcOZz5KKW1E=","VMkXYsaSdEhfOWQeF59TdkXAp97ALFfvhbORSopf1FE=","oftFvJ4L981lRAlm8305kbfUoSIQXwnK9967bn4NWNY=","3JjuDqODFqs8eRzodZOX2YhISQslgXQq5liVW3r33fU=","hCmcI748RVsEdpfpEoNx9JvP7zmoKfGHgFsIQh+xo2I=","eomKJEI2WKBml9pQ41Dfbgao7KeOoL6R+xrHEEl20m8=","dV75bWttDsj+ZDP/TNXxdYwhoBCF71EY5i2UsWU5+/0=","vtX1q5uzSYiI5WZO/NEGjyvQnu5rcTFj/IomwFjpm1g=","3b11RDUPn5YYRdeWAiXLIF+pkSYmeyIF4QMha+9wrd4=","fCu7Sj4LVkMENOme7zj8G79MvhTe4jDqKI1+SL6Ck/w=","nwt0iXns1Zz6ydVVQyxhgUhpmsGw3CPIv+OA0BXqnw0=","WwfBbPmpK/fIsjaxtRTG7tXoMoe96du11d9oryxakYs=","JbLcAeyxjpeU6oYTx7R6xNFrBAkHOCOlmLP6rL+7o0c=","MiYcDUkdajbFQT+Ug0K3Q737bxmhQBUZZz8gs19Esy8=","bdWDQQWKV2LdW4LeFerFLeH9f8cepcudn+j0jUNZnVM=","kYlM0QR4rFpmYA+m5DrwV19LsIC1F0P99YrHzb86bVs=","uKnEG2QaQBIqFAOxfeUi+D1vKHBxYW+LngwkmdAiy14=","IdZQNs6g8QUv8NRrxJ5iV0G2awMr1i7Yu67iXm2pIgw=","wvBtjZKaiN4jLi/kzYtoXCFMkeRLlc3P2ox6mMfn1jA=","+17GPdmifzCZWSUpWwo4G6icFHfwJNUN5vz4M+mEMyg=","I5G4Flz6Dwmnsb7BJY3y0RBgXXaoXDyaB8eCmv47d/E=","WPaK5IeokaJuAMZw0KKVymD3QmE5pTX6WaK99p5rs/A=","UKZL88DD0nyQzkyJaKlUaq/rrRPKnP0BY8uu+lq48xs=","6PVMRH31no/ZGDBk6JGQ/GC7LI16paLn57c1X3W6mR0=","qenKv+Vk/X8Tk16kUuJbOhm8v2cukgHEJBOOGrr/Lhg=","uxHngSCPxop2/wX+POyWsaLfZUXW+uNRyF/7oeWv9i4=","VAroQTHp/lk4wP2fZ66uu5fRrRW31fEHcKhjSANugAs=","DOLEDhIoVBRoYS/wnGtbjf0JojOeyhK5UvBIBq5pUEU=","L+6kL8qfsyZCKyU2gTZTo32pV6VBO/MIQdqKM7EI26U=","Kj1WcfkC0rHJHI1sofVOVox+u+IvRTqj8gJsLINcKUo=","keDg+bMWN31wYGYo19Xu0ICjgHckpP0BmbYq63TW1ws=","YyNYmGeUAEzLVHT4ARSRcj9+0sSFiG/peP4z+Y09D54=","IgmZ7WEhhWaczXOCvv0rKwQxl+BSL07oIS8bMTNYRNg=","mcbP+ZVrSiMpbrvqdNTUNW7wuYYJAItUCD+pWQ5hRPk=","f5y/OsmaW3ZPny+213hXAIga2J1cSrEXm5DwJdmVkvc=","12hYUVTWbB6uOT7Zf9hXn1KgdJaUQfmGqis//FfSvYs=","dBLCvMpGgSaEPxnSrV2UIvy4al3rT8h0Isdb53VtRXw=","m6I42wvbyXjdR7iv9/cVdqTZ21xNo3lvpxomB2Nc8UA=","LIMK3eZoXRKc2Gd802EWkJS7FR1QPciX07P7rHDN9dc=","EdcnJ8UvZN65TlZi1Y0hXXD0uTOgHMMgdV8/JX3+vd8=","yzdDx2IJUC6+08lHCdBipNGWUzHOYQIpOJbA7GDTNOg=","T184B77g5Hbg8Sda0QDEqt5FXFwOHLHe/mCKUWcaJrc=","CM3fU6jjZvF7I/387gkwEsrW5fbW8ZlHCV5rMOkgQeI=","mBfvY50C5vFR7zd4t7ecy7ai/Ydu0cgczDZz+4jZTDg=","QgWDQovHD2dFNz6CTWc4eHKvcAtCCc/Nsu66QlImiOM=","SL/drD9GSo/hKp4fjh5OdA/9wSKwaKUtZOh7XMy9Ixw=","lTsVMj7DhrkFGL6Fzby5hX4lo4TxlNeKA5EpurCCD8Q=","GpdKB+fGcgC+FBS8so/o7jFZvDSeuLUr5V/bT9LZWZs=","jwx/QHxA/1Jarsp6TCoaDyzNETxYKoNsoSbwSQWw14E=","XCzs5xzkBVXddCu9D82cL9UwmoEPwqJqZ3NpRZihoCQ=","u9nqer+n+Id/V9M9ddrrLwNMCMhkRmQO6SgNVBdBhB0=","U0l2m8HmUNipTIqKXU8A/g8NqW/M+JGo6g3n8KD6G8I=","VPUmI+zKz7+CnIiAGPCVAFqqAgE8VRDNmNtsVnmlKro=","Yf7griaBwmKgVaw652B5CtL9F2Xdy5wgXMs9LFWrgIs=","IeDOHEbVMTUebcwLw8hsiq1U/Ki2yAC+txy+egrW2J0=","bZ+ygZmgC4covvNZqCTNwgCOgyAfnOM3Inu/Iky3iVs=","Mnv9MO9QW4/1jISCn0KFHipvFppPe6xKp0ihK9LMuAY=","jgKh0jgMvXYYy7RlZZPvjKKGl+Ws6JCgEOcAMpHpiFc=","vF+VkB8vu/a6gxGuXCSNMaxiVLuoQAGaxtbb4k3YSlw=","Ix0tLMDWt8ChxkRavwhIJnmvVl8HTUtUthq2wW80pmQ=","ZIBRq3IwB6cd6fGBCp/V/+V3BMLqv0kGXveQTlDKSLU=","j/9i05Jpj75ZRwqBU/zs4/1Dr4XNNbFEGqKzd+gqUI4=","Z/nRC1WvYA+6Rdq8HOLkO4Jc/q/5hACNuO9mEDwz7f8=","rCqJdDsu9uPfKT9GPXufvqj8C/wfslOlspcBeo30GbI=","RPVsXjpxMOaHgQk6iranld8gWuWhn0VBi8MwXxS3Noc=","Aj7bzMHPbydNY4t+H98Wc9D70HAz/K3zRwn3q4009x4=","5Gx8pTb6bzOSDzZvv0fdMri6PtMaFcrEUzQORXgzMZs=","749x+FC4LoYB1tgzzkufjrOMDe5hRSUQ+tLKU9EFWpU=","EzzeD51N7ElemB8KS+S0aUZO08YwUj2chb+KFErcdLg=","IMh9GfcHIOeKPgEuKtjYBzZvfQMEnWOLNzhpylHYEeU=","s4f/TjvXqq9luE16fnfIOPFGLIVwjXjTWBi8Man224s=","ZsSVBnPCng1dpdjwdB75O4KMJDvmmN5Zp4n9O0zPI5g=","gkGKbjOTMTAH499V85buBCxMOqwUyle0x/mCokLL5SM=","lCQ8r3a2QP5QlXi01qJ1TSH3QeBgpM6GaTXSMctem/M=","C27OffyotGVwHdzijHcdyjKwdvXJ2f+fQsTXZV34Ck8=","3ygFLHlK1bZB15UAb0oTeDjSOw3DkgvH5OV44TGIdrg=","yH/s+u2f3Kr2v7x37nOkyajUxMNHHA/UxeEh1DDVCcA=","IxfMd+OlPD88RBtYzh4hg3ZX2Dw9p/BRwumH5+pcx40=","qHhlvWDqY7qyOHWcVhqMX4ifS2aHbBhlEbcMocd5bVE=","7q1PNl6JJjeh9u0f6abWEY9u0vyg8VGqF5cgyBKDnOU=","m9VcOwBL7XTyj3YkKgM1L8Gn5159qIscMccpVZ+3hC8=","bo6uS/XOp2EEQQaS0m2/42HWX60dCPN35SPKzLkHQlM=","manHJH8TkrXWPlX7E9c+SyPo4vBoCnXAkGrD7Lw4szI=","AhfX/gBTeoG5YZJyCd1eoCNIBtjvQVeaCYXa0hYWzhE=","HRAoeUv5daVlcccEq2dnaoQ/BEhzRi9sEd8bgb0PB+s=","B5SFVDNyKyqRotjCMygmcGfCz75o5Klh6dblfQPiWAM=","MFXid5qiNvmzFAJuCSU+XLVvBkPjD2ddWZX3W7mQgIQ=","AMzJIjnp5JE8Sv4z0TUDuAFCWo+GSN7PslvaOK7GqVY=","nQSV64HzYkTL1+HOE80CkZ2aR/mVjxc5alFT4wy6nVs=","3CRreWnaZEm7XK/fzD6eamThEB8R9yCBmhsHrxV1MIA=","KTKwdevUXw7VAlRdZPzv3gVE8ZlWyfTFORd5a8G4ziU=","fhXl4fc5SsGLHbfjKFDkIKTjLF55Ai81LgdwoSLgifs=","QDLsmoGoesqkQ3QnEnYlN7d0fQc7daI3lpkuGTTugbo=","wqrAk03/nSdPa/j3JGtjixEsWDlJ10zXovptNsp9MBA=","v5NJL/pHhElDeiaobctDpNAkdABdeibdpBjakZi8Tag=","hFGWzkf4ZRZr6zI+ONkxJc+F10QRMpQq1j7WRFjYtok=","CtmclQjT15sHA4YyAYTXa5BmIMjUdTO58MmmaWn/cog=","0PmHervIG4eCB3krX73OIwWViEFHza0bXsSPP/Qyqcc=","Dtq7ndGGYZYBsNTRZYF3Z1X+LNv//PtrQ6u7CPrdj5s=","rBzFHcSjPLR/mWj6hlo98E4TZI4ETmfYHys1e56FQUY=","4O1td8HedCc0pvdctVDQiQ2AUU9l3PQ+BBs7Ffhtdi4=","usjlsWaD5bvZ5rO0kvaCx2UbD6K3oqHMzxL+gjvtmPE=","80QwERtFJn7tOhqZ7NgpliqCH9dI0I1N2vElwTg2Wvs=","oi/e3KHgby8hzeNrYBxK+JSJWu6Ddp7CaQ/RCDCHZIw=","jiZxwyXDKcyy0h+HgJbcIQw/K4B1B8hwyyW9u4AxwRs=","Xu05ECRHPfXsuMlHndVe/ydWP9zX7cfyHmD3MTw0I+M=","LpSLLCvRoIjY01xXTAq9E00CXiNpo/onEnr+VjfjzLc=","hP8e/kicbP1M7XqqgCumR+TFdpHMKj/Nep3akIvStKY=","dmYzQtbywS3fRlhf1lucHWYMG0geSKGqzAN42phIVdw=","BnsaufbepEPDUW9mNVsKs6QVy6fNh9pLp3WL5RoNzYw=","bRjGtuaWgIP/CXoxCuXyGb3lextTJ7QmegHw+49NNwQ=","UaOlEb9VMj/enn4dl8HFUQTvdfgSUcfq6FgXoLR98Ms=","+fdeX6OhEo030+/0vWrMjXPJqiN/snYYtlggIC9qzWY=","yLPaNf7POO7HOVcHxHdiNOhY/WwX7eaED5OIAx7iUzg=","NzTUKgE16Hbr7jNq9dNVotxVlREeFtDaNpcVxuzWSUA=","i30P7ComMgY5DWceA4ENOxj9fbxLAfNNjVx6SQiK+Es=","ggVBXTd7RmxaD0NFO19/0SvEkmo1gcvNvj2P2Exd5yU=","8N/E/HXLb3JM7sZ5D/HijGtXWOmGZp+Nmgc/FIhe/r4=","pGNhynMLQIgZB1WJG8tyxl2aUWG1GG8cHewILrWVzsk=","RVdBqpq7MN1Y/OlHdxNMCQYsqQF9p7K9SxmJ0w7SVUA=","ANT7+ksscgx7jc/qO7WvQgGRIYOczqRaGhu+7wmIYsY=","HVUzUi7REA6clq2OnSEdyx+X1gF0a8qzzU4203oXRiI=","sPkj/JJyYYXubk76NWgVaEmb7eyGB8zyeggnZKjWzJM=","I3OEW3tRyr1nf97hzl7xQ1A5ZriBrHElxgO7pusIR0Q=","7079jKV9lYZ4pQRJw1t3aakRH68sIWEwchdamSwsdKI=","W2z26k94rnXw1KtcYql0Yh0CNNP+Xb4WQ9Um8Yya26o=","dGgg4SJpMm5SCYOdJ8NC79+xFno+l+gkcOmprolX0aA=","PD3L8wOVzud1A5WrwWvPleFVKwoOKk8b0SPbYaTF0Ss=","kuO5vPpfz85Hb/mq1Xro9OF79qRbq+6bwbQhsVqGFJE=","AzYda9VJFJfqwS/B/DBbcnLRSV9ayQCJqyg1EuO9LCA=","lJNUCJrnyjLNQVeayzVNbmsPAKtuAhaXOjUs7DI2VCo=","/f2gY/WppUlbZazR6/0W/FXKInJNRPHAjtSeW2QNFvo=","WOmCtUQeimS2adZM9BRm9YFgOuOr6ezWqbXF3RVqglk=","bgUhNHnYEVByUKT2hMabzyXBu5VR8AvLii4xVdCVW2s=","ljhWe80Cp/iYNM0A+0dDH7ys5hMvn3GavBc3DvWNf58=","LCPU1enO5rBboUWUJxbUsEsJnfbIePaorjGtlanCphM=","ktWWfe6Bru5ZYJ5OWDAWNbqgm7b5Tmfzvt46ZyTmIWs=","lPO5aWsjFNnVk9e9ICgTEyrKr7Ow63jB1wvRAJwLmq8=","oqjNmRlsCWxz2CwlwON8EwslZ1YiyYX1UFB9zeOWP1k=","MBEDx6aTw6IbWDC889wCpGkaHtlXibrAGtu/FwgrWwI=","v5P7LmDILPuqMrBLPG92DV4CfSyEB3voclHhXPaSHtc=","kzEQxndp7wAvZbnwrjJ2V/ph2ka+GgndIHCRlXZBQLE=","clYeI/OKvjxFxk2niZg8rFlwwxyIR1wx38Jpsfh49Co=","MLbZZS8BAFyCJZJgQg9k8IDGCsqzVWvTiIsqR+jnoa0=","PxtTYoOymWBSeZxkhrw01EHhj7vI6O1NkoXXpoT/2w4=","wHTYT22OKxdeDhTWrS9BKwreKnsgp7uREACWgY5l4kM=","u3Zd02IxK2vYt0UGbemS5wHTDuA8cV2ralrKSsyuycc=","9jYH0qRMqjkCn7wavWUr3D4ccS4uYhv/wthyWmuWXSo=","im5EJRITc/dXvedJ6PNeUgTzbWLhNBqJ+jto8RfBs8U=","G1WTnVQsSwe4I7nk9qJm6AuAXfNDU9uuI0HOhBcD/OI=","wVlra9tmpUjwyZF/5VQOvcOIOkzGeCgxxbvaX3wxgq0=","n6VpDL+V4BfvoRYGh86f5UL2gqqgOZmjyM0TBmcNa+k=","Wz+Sv2ku4Yv+Yjs3QseRxyQW+HglyL26uzC3oT6A2Mk=","CrYGA2XxaqCvJiuQcKXTAiq/LTTplQPO3xDTIaf2p1E=","B/STytU51XimlQ+XVNfNabg5FFx3NbB3qhiWW9Aar0s=","Iz2VPyFPFTf+Ftdlef0ak1BqTc8hgkypQyyhwhk/qwo=","iCpEAvRNGPIjDsLT2MEq3VmT2RTIKa6GALGdacOOs+U=","lgUwgrZaPaGRSeDmE/V3DGcAHG74wbvfQu8e5/sj/kc=","2JlUjScvsa6r/0n//84tlc9Dbu9DU1vpg/S9n8lVYlA=","p50seqIbjpcy9s6lhXGGZjMnrhK/LBe29VV0g0363eM=","IR3ajlut097OfHfU0B+U7vnoPkLe6Xa/xjbpYIZARTw=","Efyjng4Ilt5gU3JfsVZbhB3yt5GCLsWCiIxdsufQbEw=","EbWL49HeIr/rkK2Lvz+vLIiLxExoXr3OxjF5KNHZBSw=","3CINhbcknkl4kCzq1xDHoLbeuYqR+iiNLtmKGRU35Wo=","uAnbZ9aC84/mB8xER8VnIv3Y8QFeKO40TUq0iuZ1MAM=","xW+GiWScVPweDZE4c5Pi+eeNKEEQDXRY6q0RGCDuae8=","O4REusoYQt8viZQDA3M85FqvQSjf5E+mGQdjDPlIv54=","B47D0KYu4mcSwXLUL0WeQfHz6I7qWbx0e9cApzv368c=","E7JoZcKs7lNtcbDSKY2NAiRrLgZ4rKu7cIZUZl9jVCg=","W7Y0scUgUERUxoEgNLg+BdmDK7Hg46DlE38YXI1IRzw=","J+bHcSBVT2aRfzqK5tvVxDWkHDXq+vNXCV/bre20Np0=","9Znp+7vUbNyu5igy07QWxrZOBRxqILjd2wKRLsSgUQE=","9boMQ+46UMWKs+6pk9pSPxdGQWoRCTJEiXuC+eMNySE=","VQBJXM88IdWir7urwiQJgE9JX1FMuRX4iSUH9pF0Kf4=","5HM+z2PyhNGrg2EkX/FBPy6jOaw9rl0LyrCdGnTFsD8=","4RKo9cIWLv3XOX5ge69wo/oLVrFCJDMzHqqMJTV7Ugo=","w5eIVtkE8cHQSlan02PW0X0rx0FjvxiG47rI2/Z9vp4=","/bAu49ep+YHseCTvFdOPINJRyaOK0eqh/yRYA//bd7U=","jPi8ZddY0bnfaYlXHiXEEwKS9865rKMz/Gh+VJCr9QI=","3TdBPmU+4YlWA6b/HWZY5QdFQwxIzEGWXf2LGK1HtiI=","y+Cq7dXMWi+atH9Jnu0SMzxNwP+7hFIouK3AuwunsLk=","46+6xPJygKQ/a/nIPeOg4HadFaflJQKmydO1zwDWlDw=","eGgfAlKUWx+rMRGTDv7MezXyPe4HQcm64qvjG+cpysc=","djkP0qYqq49cs3G6mblhw672s/g3RtLcyBMsQjWJS5g=","8txggLQR/6oFn3c2Ec7W1MuE2LiLEcy/kY8P7lIfx3k=","Oppt39MaSU587g6wZ/iHHbr/Ic3awzqS0xR1fACGXfQ=","dFZ2rrMhEDGmWnuYLD71sV1L5oeALWwGz3KA6sfpTyQ=","W6Wnpn7ehsSA2ojLm/ovlxsvU7O/RS03XWNoJ610ZOQ=","SAXEkT8GuvPf0II+NcC2Ejrw77nj6eBzmPiPVdIB1JY=","VISgK6w/sZ1X1EQ5D+qR96C1ZHZrkUykvRkZLpy0VvU=","qFsOHEpqIA5kTdV07yzE7dSgK5tG7h6lGdsOcy+gnIM=","2gPndcGX95OlB/VT7ZhxkoXARgru2JHz3/ov43YsMHU=","bLM2Zzx43b21cBjiqDoVtU7zpGo6vd3RBAepjH2d2aU=","PuocHSxe7h2tnd8NaNMe6mE7jPk0Buus20l6ZSuH+VU=","yh+rr2D36D+E09RziBl5I/L4WlMTZWYvj1OYu4iudZo=","eqv/bTx5N7eDXmim/RreOD1V9OMHWW0SZg8QGYeV+gQ=","iJxje44Sjgs+6O+xWd13Rat8NYK6uJPIM2ueswGiwG0=","LgPScBi9/yocY0Yn5zwoT7m1hp2OStl16s6udI1QUmM=","cxIr1fGHKl9c7UHkSAFYXpbaJPkVYx4L1KhsMTNjvbg=","/YzHDPtbUN4T5CmTewU7xVBBKI+Xl1UJB3GmciqOt6E=","qoJSzW10vL05IDptuq0T3slQtv2Q59WvUWhugHMdGBA=","Wn1tK5oIIbNUn/HAegkzdryCdRXCEojX5ceOokEPIV0=","uGcVCewFc8vmHHBs8XSTHhZsBd+CJX/t6RhZQ/hbC14=","qs8GNg3GPg5I1kubk8kbV1FH4LpXuMCswAZDyileGm4=","EFRSmrEeHnl2f9h8+j2B4t5hHQ16QH8rU46aeeJgZS8=","jRMUPEnX7xurIi4OyY7+cryXEucO5/kgYx4ydAZgkbc=","Y2Zqv5e9WHsUe5W5clzJFOzfbJiETbRAykeqio6Gm6E=","YjmH5isiE4tvh49p2tYy+f2eTJ0WfZvfn0VN3B6Mtco=","WqJjsUGkFUMAdjBSnNWPb1gP6wxVAfsetJSJ1h5XjeA=","ZvPa/6Y3PQ0hm1C2ipzv5/1OJukuoDiTOfR87n+3x+E=","K52YLalkFdig54le/qyva9o3aBi9KxLzkVcIgYLJKdo=","1CMPPfxO6wKZ2CozBGJIKXfzUJgCiryjKN1DMeQyC1g=","Af/+1y7G+sqP5cv8wNjCKb/r76GBunEfsvhF1BK70Uo=","JqzOsvk+A4ovMmppfzot+xOmiHZq31jxyzr9kK4AhGk=","D0h24PLcXeQAE887fKH4Ze7S9Iz64FeXxkr27JZlFxQ=","OQ2cy+qM61Y1b5JBIT07zacgf8FHvcXHxcg23Cc82yo=","UxEAniT+TDdoBo0oXwIHo0KU0g4ic7LcEY4bavzSA10=","pWdSTq5oaaISyP8SlVCarLIpBvHcD8GqqV0Z+32yHGg=","kt5XV/WbvoqlE0UkhgvWMXF3OoFlJK3XK2O66vUazhU=","USjBGE+KnVecJe5ZGiaeq0Ah0APvav/KGlC/tl9VL3A=","/r1l34xZwRNqTllRi4f6HsemZxxYTcX1bRnj/Mvy6Wc=","iN/1S1R/9HNjCB0As7k+xsa9+etf9VrQ+dTE5nPeP78=","JDycpkbHabIb3oOO1KEDIsdaLoTyGN5LdfVT6+86Bqg=","m2teJrvnRU7nhFB8vADDuRK//r49U2tbZanCEUgcndU=","4HnIVmgd9Ld+fcaBomtoiy69d/P6pQs8+U46RmdHteQ=","+8SkfjHAoOCgKiH6X4J2VvabpuDMYddvRjeSeYkBziE=","s1aEQopaRpGX7WoB6Q566azXNa9Pb4uqOZEn2oSS+9Y=","Lm6YeylVT/uKW08+ej8zuSn+Hj5kZQtjHF7ucC7ZIeM=","qdg/n5D354H7TqLVBK79Qx7/ia/hRku8MM9+13TCZmo=","oB1S1kBJTJlBLFUwChWH4lz77hiJLt3OFGE16nC8xd8=","t9o8R7FrTzOkDVLEZd+O5efmUIG1fPPFHm0m1awEDOw=","7y52P3+Sj+Zr3P1jwiFMO11WMifQFDVQwbXIcG6gfEM=","vlNFnphl+F1bzvGNQoyyNPiN92H2q7Wgvr7bt7/i/M4=","xrmZJTEioD5NKgubFm/zJhfDHYOaigktLamIxt5x05k=","36ofwNXeNgjoYH4qztyyTZgVi+TQOqv2m4YR9RZ5kLY=","PGuqhwvHOk3cZ+3o3hSDiUOH4xVFSc2/FuCbWyugFzg=","VdfuDx0BtgvAMf3RpgtwhN+7eCOkatCyfuVBtQcs8u0=","oH6Him579I/eIZfmewjbUsQR3M8ZjLDjlWtnadnzpOs=","NBaSviHOanFatLRhKufk3kqveYX/0+epY2Eq1GTXa/I=","p5wCJE7WhAbryhNFieRWFqGEy9kVW0m9hb1l34eDZNg=","GI1Tv5ATI7O2yPBjrRRMWv65zeDclcmRrLTFJ7VoCxs="],"block_size":4096,"path":"js/new_tab.js"},{"block_hashes":["NfDCnUwhGXp7+yCsCE5A2SOvQ8UlM0y7TAYxc442QJw=","nk6xI38Akje+nWVS7qXT42xCAKQ3SKjzgVN5sQeB0eI=","WVtcL7LPpm8I07jCAauZaAwQYXPzJznSDCYdoyL8WXk=","EwWmP6iz+5qpetZm1ZYQJT/F9ta9RRB+7HEKFegF8+o=","oMlsOJuhIZGl2RmZuY6BeoeAFBCUMK6hsqNyZW85ijg=","BwIga0zPIFwV0i7JHnTXuORx5sqXj1O8IjU4Loi9AIw=","++Rbd3sNVbVsH5PHEGCUzZ7WX6QDqeO5+GNaTMDh03U=","/Y7tQ3U4L+jebq/5ttt0PyMjR0S1tzctSlORyo9XNQQ=","MBBYBnWVBn9JvZKG4akuEkXFJaG/MCMqmL0CJlBVMFc=","bbjoF96gxDqDaBAKpnBMs7wWQFTzJpTI8qq7BTcWWZk=","fip2Ooqd8i5VJFjfBpYRJTOX/SP+eyN+LS720MJQx1o=","HcOrRQPD+1wdScbapk+A12bqJ6hb0Ou2LfueM3WEKs4=","UUyckX8/qyDTl4PpGcVOWyElyCX89fXWJIPULwTClqM=","BVN/9HA2IEkT5XieNq8DH77/2IWlSJ7a7TIm1S7UMJs=","5YwtR1y3UR31bOxfAdHHW1H0wCp02V9JqHKUAXrqT7A=","wwhIecatkxo1eKHs8jNDBIiX3bAqcYyYUqpE1pehB+E=","uwOsLW8xZ4M4Pl8xNngzHv7wlauX+/pwd5hvy6fbCEE=","g1BDkoDQWwHzgqO9qB47zKekYR3tDvERln2Dz3bq/jU=","p8WEVeetpofPilGmBQS3aJpF41p6xfXmk9A3H/sWgS0=","BtvPZSoJKWVRUlypi4G5v44mHw1s71XkhWY6jbqP8IA=","JtM2boQZq7ivnWkOgV0/1h4MYFoo1k0BC7s8LAfi6JQ=","SvNaO9MRpkJKkA5tvhkHhOsmb5niY4laKIHGThZwb+k=","TwdAm1OJc0Fm7qMA25bGhYdDy24wX9KqQv2VKuLN9gY=","tHj9TkvYSMnRM0U2JsX1c8Csq3B8lhHXWtlgi09djEQ=","RWeHxIDlvGARB+sTJR6xc8UFtzZ9Qa+O3ck9g3G23j4=","RVl8XySLvatpXtXrsefyYeuAXJFxz36/nO4iqw8/gx0=","cFvUrHBFyY/+X9Q0BWzT6s8CgzDK2DVQolXapn0AzxY=","9rOj4+usehxxiXFaJWhPXVMtZIYwPTDvdOP1swOELY8=","FPOYkb/l4CCD0I8J2jFAz04g24cKsU0VAp0W6PYS8LI=","m5x1hCd8PcKxPAY8XQbP11/RXt/qc4RIewJgFkkLY5k=","6jFkFYX6PMgPtGHZZZKIgrThs47oHdgLLyGPk2IUwBw=","VePop6W5pxp3DRhabnEccT6WCeA0knvnJIwmoSCdCVQ=","2jPiqHiyLuyHg8wgB/g4bTcutAJ9BfVp1rmBaeBzJsI=","ILIaa4NMh79B8IcvhKSlCZ6tHG/bAMR1dZx0fquKqic=","GINImrW7VFQRRJxB5MXvUFybsshv5nln9AVZv+xHHUA=","TLYjWVTMQYqf0ksGd3Q6h8mXJVS2U7SStwIyAmcj51E=","uiR0fHnzN9c96Truhia5D1lcTF44Qiu9sh/motz119M=","/6nT31WKUf27TdsXk1mDmvo2A7u48pukW3NbNqPRq0Y=","U4s4Cl2Z3WEAUBBMVxxdDx3bnM7lRCaCWem/cKDKPaA=","j5KumItLCbqhe6mFn5wGFou2vKsHGyHUhSRecYHo+5I=","8YwIiHvqtoXr7xLF85U4oPpC/ECrKiPlQby3Pn4H2TQ=","OMKCxDy7XzVzqrqak8RyQtMtvUXUWqFhKTYe9KwQCL4=","tsIu5nyV9fDP6ePKFlJiQtZ41V4He5Nw+yr/nZ/ptxg=","OAtRbhzYztIDCMnmGASTzTOS/7zvziQXMIgDAxXxPvs=","MnEMRb6qRfcNMQbcR5SRK5ttcHGvzhdhfHXVkB9DQLE=","V73kgWf/5mIoLPRU+C3xjLcGTRRYBrkuSqI3HzTyTDw=","1IjGlZplkJvZyHtuKRaX9GPx/nS9jsfv3F0daIKskUw=","cd5G6iyAWbBEw2g+Cs70509Yul8bT+5eswALRgSeRBg=","WoGzo9TmjADaNzpYh1KtvlGoLPxR2czo8JGSj0dGeIo=","t+Jts38rQcHikXE7cY9mv8doTqfWmNlSWBOTHi+H0NE=","iDHRx0V1mfWQISLlVZ4/WMTss2ZQt59Jk3KGkRYOcRU=","5TFzBgjYAX4l69GjmvlgmZxFwgz8CzJRSo6lHLv1NwQ=","lboiv9aCCl9j4CMp6xP10Xo9JNqIkNUjv1q44LWN4E4=","Ur6MnkmDPLUqWpNdFJoUapKO5fYIgg4hmNSkIOu0mF0=","4xkqsKWI63NggHdp2WXoDwZgIPNvBDpkEco3Naamazw=","NAMBEDPZ2wtPHfjv2OfZmtr/0aUPdwPnqVfNLGiQRQo=","UeNVusEGHLty6gD7PbfWR7pcwxuVDsUHo+4fE4K9NUs=","x61fPCD8ZNrIxSI1i/Xb8RjC/GTVx8D6rhI2rtuJ7b4=","D5afyBzz3FebPkujC1kvo/HCaqdpt9f5uLc0Ma8H03M=","1SyXtpF1U3OeEjX0ZuhL+I+xBD3Vs820RBOpFCWRdVE=","N+SXBXj9FHpaHcdJYDNv3MmKGjZuiWlb231ArsonUWk=","TRmLHMEjFaBH3NGX5vucrRalamQUCbI3eeyU7eoHqIE=","GV7qnubaI/iRANczITK6vMFYeXh9ElgMzf5edXwPdXY=","m1VAyd7si6xo3ics86bjW0nIs7MtbuaYltxZt+lAP/o=","x2azkK3oVXE1g3SeXr8deZkb9BzY1ccZwtFYF0am7B8=","hO+4A8PLAZ3iRb4pmfNhKsuoIxRyCaJuBS15NMsIYhw=","9bjzityMFiV6Kxj68zb603xyOKUpqtcGTaE5e5soZiw=","V/MVw6G20LRqwZV6oFEpRIyLa9EM142brro5sHEgyCU=","Z/4q1oTrgu7sl6zWdkq87g8ydDJTIZ/xkNfRczXgTMA=","GENd+S4104JnH6KSEtniEUU/NvaR0gwmcL79d5dCMmo=","8hNbS7eSQtS4qLCpapPPJYXMsrM46hMaIJ9kOhhWdcg=","b2jC+b2v8+f8lqD60yEKlhCMeI2waLcSbPC7G/rDebE=","B73N7dqFSxLnJIWkVShWaZ0sGX2FtuuJn6eDbhz1AVo=","gbdU+un0vx/3hP2YAgLfddzox5LmBe/jhbCAdCOnCQ0=","hnaO746lc1AgVC+rrx1N565lRVMtg5wxpI9zxDjHqQ8=","zbhrdpFSoAi3dDdRD7NuOEgn4g5H2hC0vcwuHsBapdw=","hHkPvjT5b0rFQmzLygYgmUDIoTf3tcLHl+U4X2d06xo=","j3Z91DcSpyHyEzpo55CPBasdBp/6xjSDtJ6FjfTL5Wc=","6EvLWr5bI69jodxkc+3DyQl23znmh8l8BsfrckN8+4s=","P9ibrct2OqYQhzHHmQg12gIeXCLLu2f6BXXRn2DtVeU=","2MA5wx1JnLkjdgBTyDXQZcjMu6nRQkLu9DLnTTq5PMg=","Yg2KEil413rv1FACJTVsoUMJ6r2Bu5e7518OE2wVyx8=","zk3vrX2LBO6sMfe/dabPfSZNmsRSVnruHcY+jR1HVsI=","qIfyMHk6JJviH+3p0VYk8skOApo7SGEfC7LoobWUqCY=","UQCssFy7H+wJLam4UvyekZb/1X+YpUI74PHYSdpH2Gk=","3oscGYP/aetGN0hA39TKMlg6m2xeNODP60NKyNB2VRk=","ta/mdP9UhRykYLEOFq7t3FuazF328H+YNswQGXbz1Y4=","y15GBtbegvlTwrl2yX4ppE34xP9oYzuNLWlQSmuOnVY=","iwhY4LVW4/FDxj0fK9kg2mAornnk5ldIQMLsWxRH1OY=","t882/qq+tcuRIvMoEuqfW/3d79hJyjXj50C8H7uK0a4=","hct5wmHTVVe0AUpX6eIxK/yjrDWLps3x+Zr+AhcoUD4=","ZcLsnjYoedBA+S6zcoJ3hhmekNts2aq/vGI+Re9nTJM=","+vn4zNoooK3Q6KufTj3J/j8U4snn8zDZh2jVl8zBoRw=","DW1xK8Dz9Gnh/j5w0Gm8Aqcg2WQoS6qDLww/WPclTqk=","ugR8NROLyfLpRoboO2iXUO/pO7qSoi98wk67VK3lvjs=","aAjAuz0lGONdXZLRR5kBgpcJJYBsbkyelfEIB8sGomo=","JRUqsoAZ1K5YprN1bUj/W0smQHYneo6xDUiA9otiQeM=","TCKt6cRf2Kqr2ftTNgv7Mb6Akg9i7YoLx4/0Hqa45bo=","j6yYz35bGIinrfw3zrXx22qYBdo186QbcQ70nXnNIxk=","oob2h1ZvbxNpf0SEkLSAfqu5La+Fblrz3qGZCarFcbw=","2+3DCvJUQCk+3p7Hz4dpsXthQjcyGltwgXdsTBk6epg=","OjF1LV8kzEmGtOXl+vj7QBOrA77ivItXiyxOQkOQ8O4=","j7ClL+i4SyCG8o0lv+FJjCNJjggZwz079QBKkPlNj94=","6dinmA4kqGQc3f/aEo65KZ+UZ1/KacdIa9aTe21+i5s=","iJxEFAEJL3KmnB1+nFuWjEHudiaQeCPtna40v8B7YWw=","UXQGMnIWmL3Wzrn60Qk8Jjk3W5OvNvJEqn5NMMMSHAA=","ccNVUODaUUVlDtM+lM2n5OARbmywdT0ist/IdSorevs=","2wz4zBscU0mFTHlZwfTVlP9zifOzU0LTCZZ8Cpou9yI=","OOEL7knmRJRzbdLXHF+88MzhNumXxYdIc/p/xZxoiW4=","pRF6L2hgLmqV+f5G964iOYVcE50q+OvfjoqI7Q3aEb4="],"block_size":4096,"path":"js/ohter_options.js"},{"block_hashes":["nyokSeyLxTGXgu2LmbazgGPbbvefFEs6SHNJELA4bSA=","O1Hxal0gtQ9bGPhOJdcMMHjaS4cWfrukEV3ESw0KWpY=","F42dnrIlCqkaIPpU73yWdifz9djyjqth0DTOQFIWXbc=","qV6y+FApEc398cYNgI2I8Wot35zj9VfqiEWJNcNTrOw=","e7ZpjCt8yGRJyq3HZip3GS9bICYOdAPZ1fSBB3JPsFw=","yhs/a0PXa79NPELnXTDwU4vlr8xjeaBEUJilk/o2Ifo=","SlnRlBMoqCYw+K7jyR6/hMdLPo7YmMqKz9kraGaezxE=","wMeze17lit+i62mhNEYGaLgNsewK0xSp61nTUgOmaqE=","mejZ1njrfw84nyf4S9FhI1pj3aoP3mp1UeDABKxcW9U=","1jkaFp4+QnGjUVPDR7poEnk1F5U5+4Eprxmin43fU6s=","P0xswVD8uRBQWNWI3EORE9nMlACWtwcySqKv/jubG7U=","uneIdsyrP9RsH+tKPCXiDlwCjm63r35rvYOpp1Yj/V0=","wak7FYXsbSXi7XfkkBjBjftFufRHZbYdJh0/MxhahGw=","Ud/w7gQ3rg4qyn/eOot6Enq/o5YlSHj8S3PO9RnFrEE=","mD1nWSM/Citq71C/x/+w3I/5Txaayw4wPvnKk5K1YQ8=","TySDh5hREhqAIkoIo17cCEq6KTxIZdpJ8bYVnq8jXaA=","xFromcashLeY4UqeRleO1dY07YN1gHu3QfZyir6QR7c=","uhOQ8myxa6SZ4sg/YLE79L7zeJJ06Jgi8876uE5daL4=","1Fb759gJ2TPEe+NWgD1tFfWIQB563iN933ZMYGTmbaw=","tHF1PnIFr9rvjz/bquVCpI5j+j0eQItpjkN6oyAFNP4=","6XDlr8E5qxp61Qn3qSc6o2AAwsFHuSutXOirB+OhRNQ=","phbgnpFMxnU9op18YVf+0LI/A1fF3zFbjguY4DjOSuc=","NhE8bi2OyfGdhp55+5mYtluS4K2V7rTyYHpXP1TaHcg="],"block_size":4096,"path":"js/options.js"},{"block_hashes":["7vEIELy5Iei3icfRieNgJ8xMAaskw4Zz4bpQnztLoBo=","eG7Ieo50myDnkM+BsMjyp2nEwM+JNu6j4GJGFolx804=","Sk33wDyYKHkz5bQEEiaJb1eXEFfIQPbpuFrOnuFAkWI=","d05tpt+h0bkqtf05IrYTuaw3vjr8R8ujkkQGPnWCOPk=","e+1Ck6Lsoym3uqfoI/uqImmdcvl7p6Secl/Vg2FMDoY=","pcQFog+NlBTs/wpKvyzkMHJ1Rzno2LVNukGBd/DYRZw=","GhoCP2Kutgoy4ikMJjrTfb1jfF5CZQt/C7kmVWjn75w=","11dU0xGSPeXEIk8Auwin/THQRS6IurZrtsCjwMTdFP8=","nmTtUIDG8wxnYL0BGdI37YptGGQU8P+h9Pq6ZVlBDmM=","g/5Op8v6tfZj2JJfKjKBH1K2UZ11iiKhHivmpdNR7d4=","HILR0NDFY7Qe5mV3rSUES8LGcA9S00A7UpqokzPp8dw=","bM8iXsI130HasqT1/Iu26JEwxuVyEou7fF/UJ5vh0ws=","fotoqGB8v2RORxrCN/HfhqEPQuML66s9ZIZWmu5VKpY=","bw581j3CdGRNkJtUrXahNkxCTnAnwkXAccTxZijiXA4=","aTAb935ecrzmnNc0guO9qpGydoRwRkWzbBa2rxMSk4c=","E47eSOpJIy4+H+Vaoa4biIGActL+bOjIzRi8KYoCQfU=","SsiEr704iKQi5TOHkPsXGSt/fsi+emkTZfghrl3iGao=","ivAWixCxwwYQ0Y5GHqME0pXsQzaVtAdZIPzo05HxMU0=","pa5quuxuwLBnyyQK5SB55C52VEYCkSEEkAsNUYjAvrM=","b/fzElIRz0pk1ZRxBjyfrps+6I2dM3maS+4laOrEbhc=","d2gkl3idDtp5DT2TVNiIvHz0qmY/g7VWwc2+O/IV8nw=","v5C30jJMK4ziwvAzzkpQvne57ZGJxSXnD4UrRL5rfQ0=","JhVrjn0VGv1yco97PDVz4QH1bZJiOHPL4FgeciDlJXo="],"block_size":4096,"path":"js/popup.js"},{"block_hashes":["N0VB6TZhw/7EnqTBCcA3VKS7QOMpQ5zZ3Z+pGs8aWos=","O78pz0SDgnpTZV2so7PIeOCeyyAktn2Eb2mgvniGrLo=","cCHJMrVudwoYiA2Zvk4edSHzO0YLeRi96uHrKfh7x+I=","VH/3hwTK1E6C4PyfcNccm7drsVvvaY7vSvmPPnRG//A=","QWN9mSNw81GyRtpT9pDjlpW+Llslkz9S+MFeOpLi7VQ=","Bh2yi0c7G3DlS+VyHkvmZj+RENOaSgQMH3Xt9yNCIUc=","ON4YcNdw0bSc1PY0YBJAP8WT9gpNZaWx5ccjJol0CdA=","YisxRbRFZixp2fkIXMnqRCv9/60mHnqlXvbdMt3KCCE=","u1ScnGDHZf+d1IirlsXjGVBB+oVtBcRBugurVYpJcbE=","7JVe9iREVE6XG3QQfdFi7YfF67yhcYA6SvJ8FgyJCmU=","xL7NHZA44Sm1ECHjj/D4PNF4hhpcAy1w0gTRzpeBXfE=","J5K1Lwx/SW/E/5FynfMVG4XGJLsksMAqUrK5vVASUqw=","CiJ3fYZHUNfmWLLGs1Zmpiv65tJiFCkRjf7CkBqE0+k=","SA6/9dEgMprk54id+iKuZwvwDcXjipugQc665FUAqp8=","Qx78qBCrH9/AQyDbr8LlRlXWlAohvnb3wSHwEkvZhgw=","uv6s1G6EYSwZJY3Vz6RuJqlgB2pHc1zWRWrCyjoF2w4=","LnvjrE6GuyNKShCri77w/FGZgpR/Tr8Q/lkV6ss8Llw=","llZXGXyoJpFvNrltOrnUbWXF8tjofwaA/zBH5ASNU4Y=","Hptkpdf3zlFjGSuKDFtJpOZs7QXHRyNJxnysKMIXG1I=","EvwBbhlY6cvJ3sEtwU2mBP0fvFszGUbphFhiAvD/Ods=","CSoNsSRLA+i1jLSPlow2VfQT/TlxEXf+YKSIIKD59kQ=","Wr/94GRKnqpCNNIpDK4f8s96h5l3bdX6/zyw4QBTfpQ=","E0K0iykkS6FoIbuMmfx4WhNP/67mOjl8gnJNgv1JLB4="],"block_size":4096,"path":"js/search_options.js"},{"block_hashes":["b5i/M6eYNTHhQxMb11eMLYbvhbsqQssph1MC0soEK5U="],"block_size":4096,"path":"logo_32.png"},{"block_hashes":["4P4JGAL43VD1iVdSatPtRO/Y+qgKcb1zJc3PzQ3cQD0="],"block_size":4096,"path":"new_tab.html"},{"block_hashes":["CPAuLKrmQTaK4bgzE2MJ983ynThh0rautFM1LI2HLzI="],"block_size":4096,"path":"ohter_options.html"},{"block_hashes":["4l2vmzECr4iaV0JXO3eq7jh27YMphfWkNZIr9WlL5lI="],"block_size":4096,"path":"options.html"},{"block_hashes":["oIRza+wuQztLoRh4MiTxwQh1tU6HEE/1vss0tk6sDHQ="],"block_size":4096,"path":"popup.html"},{"block_hashes":["ZYfTNvOCEIcsvEDHD7Di9Nn8KtBhYuhE4Yv7Cmm2c0k="],"block_size":4096,"path":"search_options.html"}],"version":2}