{"file_hashes":[{"block_hashes":["cnVI34SzbKQ+wq4zjGIpW5eqB2EqZ3f5MgMdlgMhO3c=","4DHQeGszrxym+jowtQ3q0/1xcmS1Ae+qVHmPU68V/xo=","io2JSGBY1Op7eQPCDO1/fTI6hiwbgFUTZAyASDMKq+0=","Oxu44Fwk04YLv2Bz9EMb5S0c++XTdgZzwUELY6zMLg0=","cPFvfQ2TtB+tmM/AvdQVNCn55FCa6K3wLuRrxEuwa2M=","Apia6SckEcLgPRFMxhckJtBtqgBkhOMVrJ9BPbg6Q10=","yTXobJqKVXU6LTtYlSFhu1sBCtgTt35aGJT+i9+tl7M="],"block_size":4096,"path":"appforlanguage/contentscript.js"},{"block_hashes":["jWB7xEw1qBBWe/qy4JPI4T9jT+Ce2V08qTWnOMJkyWc=","bRm8cE3JsPq/UlG9xj1+mzLREtc0kvyGywXjxqrXZjY=","PqmJ0to+SHEYt0Trxp/faHG6YVqCppJ/he5Dve7YajA=","aZMa/+3ZHLoVOMCz4pWmvPOkC2C7AVI7U3YbI6VvOzg=","Iq6/EDDmnlv1zSiJD2D/FOzQAcHr4S4XkvwF3OY+qC8=","t5nK1iOUQXXzi0PDjxbkhy9ay/pd9mTnpRfxIS7Ux+0=","wTUTqhv3j6VH4ixyopdHutpcX2qu5SchTVzD2H9VEk8=","dZWsfP0mqzTg+0jfUgd3dwlUBjOrj8bzEVb3vvgsks4=","93XNN5YGMPTp0ysPEIuQBTv0wsllP3+/cPVhVPJ6KIM=","KYBaiJNFgHHvyg0AkbEUGGrHMN3W2qq1sy9Id/098Hk=","jMjSzP1C8B1vqs8lqXhua1Fu+/7qugruV6SAJNBgCrI=","LC4/XNltPsWt6GpdMEjXVh/oHUSM2VgvN27KZuPK/Mc=","nFkIDRS3K807OmGRMCKm+pYdGbMx+5fgLD6e/+SpuuI=","ousBgkh4pknAlyN8N+J+pp2B4T6WXUq6/5SPT1V2riQ=","c+fOvw/HfUJTOFrMvJdMnwlyHdWkhV/IUfbIuInFh4I=","qJ9qCTziNNnBf66zgKjDcpkBi+VWNoi/A1gptecbkjQ=","0tb08VtW7yXDOzO9aPeLIsjXbmQQm4sO9TSCwnK5Iro=","3XN/2Ju6Y38BLNwpOu5Mwm+ML1BLBoRA01k2KH5JtOE=","sr3gvzU/oEd5C4RnYQdx4ErHsHQeGEX8Ou8h8yu1/L4=","gogDyR6mVveJCvGvjbtx9QlHrjlyFETNU809mWtMN7c=","zc0/ter0B+2R1CbQOGOY+AN0J6wWJ6bc+Lwgxc/c0GU=","P5Jyoadl3CJKAR6D3pNh9oKGJsvOyJ5zoA3Djbpir9c=","jv1SqO9dY2vAs6/LVQlIBn2JGGLx4dS9mfopuDnmmJY=","IW6j82UNvnhBgeMapH8Kw2Wi6SnV3m4EFPx3L6clOS8=","8l4/pLVDo8MiNMkkAGDzceus8c5A3ZVLPtIQ+siB8hY=","ghjZDqoo2oORMHo1ixcpfWl2rowvfMXczQo9j3LxpLg=","zwWtNWE5CEw6yuN32GsejOpPwH2nU6Fi64enwbmJj5s=","PtAlhC8AMX+TyJWptQlgHi2+FcZEYLf6LmY8uFnJjBY=","Yn0wTkPhLa87/sD1phrykV8RQyzrk7EQQtkf8PaUAaI=","ceO9LEaPaya2Xie+is5UqyVv7uXKfSlzwMzDH5WuNGk=","SrWSrmxhRkQWJB3mUk8Dy4tM8uhu2uijQU8JqaO7lvU=","rwjt2BEN5FthoJyw0PO8nhRCIitER69pwVjSj8QsYyE=","dgx3UKp8lgcUtFD/YYWnSYE8NvzPhKwbwif9NS1cIB8=","/pVuA6dXUp8r0F6AxHs6FaDrx3dpfkUraX/Q9qIyz6k=","xN4cI9XViNpmyPf1i4EI3jcSjMQRUg0kbcMXib5AgGY=","/eqQR5pyoXf+5I6e+LeRA0mjY63hgMCgExHY9Jxq0w8=","iovnUjGkwnlDCFibvWAMGLKxBu8hftFo+I8L85OVaB8="],"block_size":4096,"path":"backgroundscript.js"},{"block_hashes":["zfljztfSWg+YkBpUdke01uLb4Bl/14yHoFmoew5UL+I="],"block_size":4096,"path":"backgroundscript.js.LICENSE.txt"},{"block_hashes":["iA1TlH5qooMa6dU0t9KTaaKX7HpHii6r5V7wXA50yb8=","y/0SC6ujQKhQv4uKlVuc4GfnKI/5qT7+QvNoxcZfUQI="],"block_size":4096,"path":"cancelpage/contentscript.js"},{"block_hashes":["twZCWeXMzkiy7+NDC8KP6wGDbSthZu0ME1ZOA0cKFXs=","wzl1ZkuPULYqh+YPiweyrbUSXKwMclffw3iv/hCPpxw="],"block_size":4096,"path":"cancelStripePage/contentscript.js"},{"block_hashes":["jf1u6UayM6S/jegt8V8tO2D13mRjxhIYCQhXWu1NAu4="],"block_size":4096,"path":"images/facebook.png"},{"block_hashes":["Icki3+x2Zmioe8KPE35TSbUb3ICgagkMrkYrpAX6EoU=","Jf35KkkzU/f8IzFM9klp6FiWk6CGZRg9homJj/2D5aA=","73Tm9IYgyAA9PGbtiOl5BbbN2VkCY+mI0R/Lmamf4wc=","y/M5/G9yE0iLLMRmLSH+3eddQapJ2MQhMrcz61jyEjU=","qgKvGHMeSfNk7d/vjIT326dum1MtoiBeQIfrsVf2hr4=","T2HsGkZz66X6FmIH5XY6qRj4xvO0HusedwxpzFcWVK0=","UhJaTXYkoJ14yPNTpLwEyDnHXCvE8pXkUa687hV3oe4=","ykp+A4tJUHu658SfIqQ8c3UVQdbgzsws8nnOk7HlsHo=","w09Bu5bm8BmH7fq3H96TYLyswvkCr81C7CjPzu2vgsg=","EpDi4LIToE+jn2znkCi3wGirPuFMv4Bnl0AJPsjv9zg=","9dG2PclDX9Ml8FgsL7dcS6fyoa/o6bjB7fUihL+8KrM=","budpE9pPIEp1kAXcaph1fH6MVAYJMhlSB6aPb8idLh0=","/ZZGS3lOvStg3d59+fayEXqW/dPGvr9M2TWwqrB29bA=","/mefgroFFBdpgwpLjxIqu1ZZzgDHNCs+tJgAkPpiigA=","MPDQo6roO03eKBlnxDt0zq5ka1DCIxus7h7heFA8Uig=","OywTU8Z3seRxT8eH9jKr6jxUVaVoIiukovz/CgLxKBs=","RLszO8QQ/7puukC+lgEFYA1j50WvNBVAfjJQyhznLEI=","0CwejDo231hq1QGTh/SdbIzsBWpz0PO3pmV+WcISQXw=","j4AK5TutlX1z5o8rhYj6IDgvGEZVGtizDZPnL3eb68I=","skZPWpsLO9TKu3hMUYwgr+hiZzH+XJntu7pdIzy1TW0=","PzAbzg07Kbuxvd9maTjZ+rLxpjFfSjUZu3/+4ahvjTs=","AkxKHReB/3Id6q8Z6ScYiw26Q3oX5knrFxIoqFRi0dg=","BibUC0+gsz/lnepPW5zCO5JleLy9qJAH0XR/r1fPZ7A=","tKmis/g3/mxxb/RXaDjL/unLrYhJt2dU/ddOCG/83IQ=","fa/cwaXg9x8BJksc5tnG2zOW1jlmsYR2kN35kcoMxMI=","JdF8RhJauCPe95I9xv4c58bBQBF4F0zCSAbesF3sYj4=","mKfjTYk585XJo+5J48iYscegF9Ze3cokuTA/CZLE640=","vmFq5vsfTBQyGfWVfiRVC2pBxuT7BE2rl9tmj9dOZv4=","vfoFgRYOS6py0JfntX6E/zrC07qLGpU621ikKSl8ENc=","kAv2B3HmDUeTCszdAhP/O3AyF6ifl/2d3/toM1URsCY=","+nODdXsJpJMjdiaprLnJ+d40qEAcGHKISy0bWRyk9Go=","u0MGBoIl9+9XFSfr+3SAt8oxXWZQn7Zu5MNLpCYERsc="],"block_size":4096,"path":"images/funfluen-logo.svg"},{"block_hashes":["WpNRFxz/k/+HVhOjYJL44vwt4I16HPyNs+SiBGifj84="],"block_size":4096,"path":"images/gmail.png"},{"block_hashes":["3J13VUMZ2XlSNZjMpGpDVtJbOzVNod1p9H8pESI/zWw=","2vxyaeaqhas7AnVRWvOXch2kJVYJtB+lnv4PhHpey2Q=","SDHzVrEmb3U36zrQ648C9W+g8L5mggcitJUZSPFkeG8=","17nwnmguk9k/fcKZn6xhdb1GodVhUZXPwyk4zcd6+hs=","SsoHj/Wf9lNG/qUkTSKVlUO9MHHbJW0Tzi+x22R4498="],"block_size":4096,"path":"images/google-dark-btn.svg"},{"block_hashes":["rkzBsJEBjHcl/vZmUTd3lUamIQ2oJMREOTkSJIu1gyw=","V1sQd9gl0IMSk+GMID2jxw07WfToZon6LrGuAY58DYc=","2orbxrbfXEC2yVEchPAPqx+AT0p5Mgmd1/a26LUuif4=","l0nqSIVS9J3xTCbstMvaPNr7Tev72jVQPZu7V7+YY/o=","YaZPMZ0r1aeLoL2KbxDVFJbSeMFl7elH4hwV7TlG1NE="],"block_size":4096,"path":"images/google-light-btn.svg"},{"block_hashes":["Iwip0I37or0pV12cKVwrlKJ2nXfMVyQvdA2o2x/8Tg0=","m43QufUb60+HXC7IzAaNSE0skyHkFfloskrjhLiT20w=","q9RTFNyVKK2/gmO9z3ffkqI9jLLSAHOM+7vfkczKm2w=","jmufWbbw0Ba3vHWUqIyIBlXPjT4UserVINSldDz1Ywc=","g0v8SMaHRaSW4Wb3razwCiNT16hkX9miFdpT9OLgNgw=","fSBHIz1jJFGtZJIWXoi00/uIdFiap3x/o5+O8TbT1xU="],"block_size":4096,"path":"images/icon_240_white.png"},{"block_hashes":["ON2jlBDIOwtOc1Sp+OBKKiuVK3MtMOIfU4vv972t50k="],"block_size":4096,"path":"images/linkedin.png"},{"block_hashes":["ZYfE+3RJPsqbMlqDjSUsMLrVwDLvdPJbJHQGZgT0Fzs="],"block_size":4096,"path":"images/off-extension.png"},{"block_hashes":["zz85U/0AhKXcIPeMg/Ry9J87mCGCSciNsxVx2rz3P1A="],"block_size":4096,"path":"images/on-extension.png"},{"block_hashes":["gw5pAnRB/d6u1q4Gej7htwMYeLO/YByzBCGCCAseC3M="],"block_size":4096,"path":"images/telegram.png"},{"block_hashes":["h1Qfbw5nnztTyQZE9ZSatPyPqhpoaAouSzLTn0ymP7Y="],"block_size":4096,"path":"images/twitter.png"},{"block_hashes":["at8VrkZmh4tqCpenss0gVktD40QeyAoi2swXQ5th4rQ=","vTjw8HDhHeLz7owPoAck/Lq03U0qg9cXws80LrcxDgQ="],"block_size":4096,"path":"images/whatsapp.png"},{"block_hashes":["Wz7T4iwfRjitBwJxVwsA9ZKGjTyS5/cJ7MmS5L6kIIE=","J2RZgXs12gqt5yK4zJ6BVIFyLpSRHRt00FoFu8AzdsQ=","TNmUVwxx17OmpI7bxusqbLIoZmRXaCsWnFD5vaLXeUI=","BsacjkQsE1oqeqepHVtGZInanAN2a0De6sf2kiEZHVw=","3HBC+xbmLhfOfZZg/xgz3Xbt1OoL9r7HHTLaZMa3UCM=","N5XSaHLalIgqvK0GIglqVYZENIuLmM5JIvB41nUyBy4=","LVnoUXJWSD/xuW0AXFt/dMlTiZhxhZtGII/h5zwRlnM=","JrTSYSS8JUuBDdje57OFZQ0HgI2TDWtNUvTgGUGk/8o=","eld6gvlaDDUxq8v/MK9OzgpYaw5KglpbPX8LFuYoF7k=","4/tTQoZYnmk+lySKp9jn0SoCIiOptuOzDTwUtzcQeYs=","8Pkx4U/I6Cgic31eYMzjorQEsf9dIVOfJgTf1rYD82w=","9Vh2eEH/tCv9lN7X9w/ymJtij+KVqSSEqx71sjD7zCc=","ha0bw8Je7vdxnUrzCDV8YsvcUiLs+C8kFfZKUi6crNk=","aGNvqQX6UZCED4si1wOECdScym33DKzoCgybmMtyXok=","RRlwfaDObE04Xwm/K/GMluJnnbAqThSCSrYckuytnLo=","6k+ZJqop1Y+qKguxEwbZBqLJDxufmWEyC3qm1CfyyeM=","/gIvxjKV5Ecntgb67gM5znoCUGnh4qU72VDQH9RYtgQ=","fwZtXucNqmkDViuqeWNVlxm8LcqhtMfNDzhJONgmEdk=","aabyP1GHQqo6gs0tTObWpN0HCM4wNPrkMg4AeoiC9qk=","b/ya5F+ycjtR8jkBn0785Yu+GwH4ldl3W3APatShPLE=","zImUbvPUxsUNYqCaFaMz5XK3JkgFybAgc7UoMc8eKgk=","d80ahUM2iufYzxUcl9hUsO8u1u41NIaEEMj68+zxYYo=","x66fCZzjsiZDpoDqVzIoviBXlo3kNR/pirAJQ11hUCY=","sT1PWSnzajLz9+5Jtv0QzC3RYZlkWcYkVgm2MwMfRgA=","Hho8V9nWAC7rruvLQWiH0aG061BVXBnPG5tcepPn7II=","G86AmKML+r4+bn4IhAwqyzKhg1smty5yeG4LahcLBP4=","N32a52YeXXcWDUMpHG9M3aof9cbFc0+v866BI8BpdC8=","sSfMppkDxrbAZYlV8cgJGJv4cMXqUY5jlmLq29cJJ7U=","1KsNwWxJRzJH/MT3B07BCvQc1mQIpoqBLC/32P6BQ2A=","5G/UN6dlaG79duR8D/q7CwDLGoBRH0xOlq8U2nSYW8E=","Mc8WvwhYQq+vDHIg2ASGt+MYTDksh0PpB0UIcuBhES0=","kJZ6nYjSiurdnnz0ffTrWSBRaHl39T9atRiV6YlbGtg=","sImQNF1E6/DP5TrWD9RiNu9JxicfqZjcsYV/TsibREo=","l2zAHSyAJvR+biZK0ZeCYSrYmlV3yM3+DshBRqPRxHI=","sWkkoJ6khNL+oiPZbns8tqRSv0W+pjUEGB67zNboOc8=","BpR1s5SHaGuSwQWDyhAR4Z9rzcBjJvpNVyptU1uLGHQ=","u5kJOe9eOSYjppsnbdDD4yy8JQYDGaKkkE4bL472fRo=","MlEb4Fr75E99aaoNFdwPGeh2cf9ezPGoFouaCArwXTg=","or7y2B0uSk+K30VxiAQElb0NFsEkn2TPBAZei8uh8oI=","xmFvMIFJXgEg2PFopHenEs0ix8m/25TflcwW8sNL++Q=","iM5djimbavuBujivmkbU+Rh4PjHgXelWnS19Bw+uegM=","eLcXsCRWlD3I73cqNB6payPW5mGZioe2IPcBRjthVag=","U67kgt5ohVqO06t40xtQFqNwFV2tNpa45YVHdYrf5XQ=","O61dsyLwDhGWqtj1lWVuYz74ohAoxWvEXZ1KTp3ZoPA=","18aIehzR44WHIJYHFlEsG2B3SIc8NsbccYcmfFptlSE=","XY3gEE76K5XuBb1ZiQH78jADdjElT7KxQp+2vGgmC5o=","F8CBtFo2XHUh9Pq6B7ShtHepDU8uygEaGWP65L7AdMM=","hTqCimDgs3rjTzNyxsaNpVeC8f/N4K8hqHqEG9t2gEk=","jn5qrFiQDlvq+ErTZvm2gMrUyKZj0L5rEBQdyRkdVXQ=","lv6JR1HxpU1NBs7Z/tKFN5s7nt8bXqFkHccalNeSW8A=","EqX3RuOSbceEN1U2WYTk+4YzH0UGduYM489q1gN8sJ8=","V+UM/4ORh8GL/nz/NxhGq/KmcsK+2nnuwPznhZ7ToNQ=","5k34tytJQ3RMyyahYXDgAbBv0cQzo2vY9OnI4al1cqM=","jsPqREW4aC8333WQnJAu8omvyrZGbUJsiBETJzMGves=","v3GKcy+EhdZqGlKnF0joNtLNcc6pSTR2L22f6yMc/PE=","/wiyoaFwmwvWBfGnZ9wL4MTAdxsItgHpEzhMwzzLD5M=","Wvri64Q8oRF8bHjXOtVoP08h9QJqwxkuOkaBQh45jrE=","wvDUAHZgPjO9wn9dG8ZjlafW/DPqElSQD4MOJ9FyqTQ=","kcwUtJ4CZy31wKmrtJUiRQgHKfs9+viSLCaWlrbTDbg=","9Ktj9Lnn8+G91EqfKr4DSheUFDN46zicGqzPEbogg9I=","133lfAEIhgBGgYyB3HdOFv01kVA8UXSrUh18UwCnTYc=","7jZynndOEiXaGiVeSvm9TQ/8b4W4Ybzk20+PRsd32YI=","r2SHNe+3fi9JCClx83kDKEPJbR6WURdNOPqbKpkN0xY=","sizgAgWklxJ/LaSddyzXk0RvnnRjCgY2Xx3y+jckilg=","dZTLtBk/TZHIzrSONoXTFgpewyOJFrya+ZWj6u2iiDk=","l7Wa7PcBE7QJ70J9DNRQMZz3hA/jV99aQNlQ8/ue0/g=","VAVwROr8RjlFrUnzq9ZpWIa/n7wgwBm4L64WC7PotCo=","4t6l0FhGwSmvZR5ZJl4z4NAx5phvkTH9bGZhozdxvMc=","GSieZFaiccjgOGzFLS3TiCy0VydVWl43g1/3Z5RL8u4=","tH+9GRI2dlDXhDtJ+eypIKlBYiXIxP/QyfgMEPGABIs=","oHiV7Dia4GfJ2u/syWPwEXVFAN/DP8Spq97lqmiEWYM=","/Dqmq0Pj/UGUmPNIeYi+SdygIL3Fyr3l7OCfi0UtzuM=","w/+n+mPh3HYVI4AH4nSCZpXYHxol/8hCuk0yoWOw9Bs=","gG1GLUG2CHDfn3wfgzMBka8ciec31IytuwxhegUoxcE=","+e54JnC6MOmPO0rEEJE5LkOG5mY6E074v9dmeiAA9gU=","wcqimpUNFdCGUbPci2cRGTmZpMowgp19uXn/Xg9nDUI=","tD028KKmkcdB1EHQfWKAv3kbRL1A2rmsZpEVAqW70Nw=","YSmIRZY+RC3M6u7v/PaOxQpLK0+PF5n98U/9MgfBXoI=","+KHvK7U5ErQ7a25SUMiC4OwreT4Pb878n+ggLQIz/kI=","fWaCbbJLtl0m1rxcfqYYXNVnYpJg8W4YJfYP7997LXs=","xhYiOnQ7lUlkIvurO2DcMvavYEX+E485FlS/V8KflXA=","N0dpUhY41HXeWARmhztZ7710Rp1ws+J8NE3Vp8kU7Xc=","9vhIgzwqOLYsw7dHyeTyWCY7aehUWcG30Litz+xE3sU=","jhVgz/gOWX9A0km9FjZIHbuPwck2u/X8Z5aqTTOzHGY=","l9KRud7BmwKeVTgHZZbPBgWtmzEunfYSxCTZUYlp1p4=","OP5aN91kn9tXlkrFm2zeCtGWrk9KvQ5Fxau6hM8HoDY=","7BVx5fOtvJB+pREHaEPGnvfdqWe9556MPVCIZ6ib74k=","3Gzzje880o5GyyaH2YfIfkIrOF6NjwAG59RsBTy/Xbc=","5Av7GG/PJjDna7/MqQM2/GtLMBAhOkOhOQ4WrzbpP7Q=","7M8gdkNN3mA8QFqvkKWWv9wMGS3IP6QFMe/A50QcMuY=","upvJ7TA2GApIMVAkspPQrENNArTtLQ758pOI2CEa1Qk=","Q3dgB1AiwOHmws+gIDegeHzzQfYDcTbRLZE2aKUfMpg=","7xt7+TquS2srZgif+WPUaXjXwyYwiLA+hDjI+Vpy/P8=","lpDWsRfrSae+VgUO4fex36O2jSggALGY06nLwfO1+uI=","lVNC5tefm8Y3zhf+AyOZM4yK6rS1O4nAB8M+QhHX+zY=","AHOJYPjsAkVYZbSuPVIce/e1vn7zVY1AqmtKgwc18GQ=","Usj3Lyl377Nazxkf94/PrMVfOwt+XBC2Ha/fAEpEaBA=","XMtbN/d2VwWpPD9roLudPa5yfLV4trzJu7i8z/0i3jY=","PuDtedS9jwg2YCk9HblYDY5Bjp2ZimCITeNDGi+7/io=","+gJI9cyKxTNgPT/YJuFLNeDBJuRrDw2WoDFhTAODVLU=","GngKXxlgxm61fPgRsO3ue1rQa312kWlFGnloWx0Rz48=","YaZdqYpOMEnfvsImhf6yxm6lbCHDNwp9nD0b06hOna4=","RWvfgzDVNttEeYYpn9CyCtJmdf0aHkRKsyD7+QftxqU=","1SS1Me0l2u4+7Esk2Sod37fpF/amycQWjCg6wKm2bIg=","C9aebj680IQ8CX5muIubvC1cCvmx0gTB413Ny6tODoE=","UjwMzOL0zK433HBvH4BPi9+E4ZOsemeLfOrUhVnAwaE=","ueneIv5IJlF9IIUG8pp6Z3O1ml0boKmbc042XUHUNvY=","lDT/6HSpKrGQkMIfxkQfHoAqiRHxrklqNfv4BIf2LRw=","yVDkrx8vV2SnUgIAwyCVA56/1IX/J/BGJXmuRK7Q9TU=","SVyJAzHIE7O/E6cWNSWIWrDHDXpNlTLBXvcEy+7uEZg=","pj1qvhnWUkQ96m9Vj9L+wdVgP9CvGNRJ+7LOmDLJhtI=","R1M4cd62rki9nThpHiQHLumBmEUMGf/Yxeoie8gKFjI=","eRKT8jLw5oZOjrEEQnRJoKGSKpmAoEva9CFHp9xE1uA=","V5ya/+hC7LM/UEleS7NAKUeoOm0LgZjRKDEDQfs+rHk=","uqR1D0J3cnQurqiV7ivD4ixkquINvXeLlQkrF5qR9gM=","wWhGbkAxNX8kn6LAFfBQFLDvxLCmtETK05gn5BkO4vA=","gXeERrZWSySxl21EOvGSijVCv5FvOUJN/KcsIIDeeT0=","cp06VuqHdkFbw8tYwDCX2TNi4CB3vjMg0eeO4fjAtdM=","EPUl6fzaEeVLjHCeuTZ4TXOhIjMnt/vQ6029k/vrHJw=","+Vbua+J6N0wcJtVUPkpfwG31al0RcYkRkDcJfnoIHfw=","o3hZR4+7vRWiue/HADpz+f5eCRXfsNc6urRrWTOswzs=","/BAQmRZbWBfcuP7xzYjI4VbqkoyU/Z53LJVf0+h66x8=","hroNLpOlQdUORiAuOnptJfD95wwOWfNqvuu5Uq2fNz0=","+s0V30Ygku1KYVGwn/DMwtA1619LLVSKENR4fM5zhQw=","RhOlou1FUlG2iJwiW8vLmDYBivhonTHbc6Als0oIsxQ=","A7Y+uMIPlrOHQzRBu68rez8KQyHBfRa3uPHDZTMqhjQ=","nc1S9CIU30whe1atQ6MEB6R4vWTxJIG/NCCemoh4RlQ=","c4C8AUQR9FRFJJ+VuY5xTtKBrTRfEi9v6Jl3sE4GzNg=","MPx5C+am4QkDRjpPNG8G7/T6LoMFqQjwEt/C3VnZ/hs=","5dovtW0YWZauiOLNdlYVqbVNWysldaZJIbLxizC2/cU=","ZL/5OjyFbL3+i12gicUaB6WdRc3kDF31fDJ2RovJJ7E=","D1OK/he02Y+FMn/enXsub238GHbGQ6Nmltxddhjxknk=","+MCbV0LpC6Sexo2CNNbghoZjPbQqJ4rLtotJJKY5eJg=","e2Z0kv3CsjMM2guA17nM3qcskSEhC6QYWWgJa8hNly8=","wbjU9e3TzKff0U4Ct0FY3TprJWStckoLEVYJ/yK//IU=","OZ7n5AvRqHqs9hwwrxcA/FXjT1f0mqeXNlVXkYLAohw=","T3iYKcr69tCgr1/I5XE6PRU+wCvmmqDP0Q/N3jhcFC4=","KRZmRrGKKVQnp1u4svz2I6TmUn8T9xkkBexJeipQ3R8=","o8Owc1pZ8YF8D7EgVh7/OOTnJ7NzSwwUd8cbLghAvZg=","W2fxJtYqVbeUrtnpDC4cudNWjP+UNNMg5DGUaJBwUHs=","P7/vk3z1YbRVGvN+U3MA3c1srgcqR0hIeZm7F1FkvEU=","9oRDFUjZg3oqtKiZaHJ93ZBOC9957uALEPyzDTmHQLQ=","ehxRAJjbSkSOfHcgKYyQcKAyi1VcaOQGweIsW20Oka8=","e52mW5bAcTZQQnXDVgezJrAPr0xIlPhPg8K9n6S3CcI=","71mx0kJuOxXeBEiuzABMEs9JK0CNFz9bLXYZIZoQkzs=","EkrwHYE4zbZOoK9jfv1MsgURfEKK+mIQQMfrjhLzir8=","0/OJNJraacCtC0npVIOryiDW0nZSWOs+SyCSsRppqlk=","lLUldCv1RyqwsKAGQazs/pujEz8TKZcrMjXb3jDTNIA=","ytjfZsdnFshd083L7t0XU9ZqSQeXiUM6C/YN17HSnZ4=","ARVQibuaPDLAxeJ8spGGMuHiFktDMD1T8w2ho2vDNWA=","2H9U1KD4svkOANtgUJjbPvi5ONleTpyG3XUJKRuK3lw=","qIA8T06yBBJZ8up/CpEgW4G/PnZpN7+aU5fb3yF1f6c=","IQKFxRHAlxKm7XtGosIjHMnDyZe+10BmpfPzRnNd7Hg=","FUsqeFScwJ4opSlcPuk/PKd/6w0n2I4N0uXqAYXsmU8=","cjIZXEnwSedcg7N2iViXTGxK7cumLNoMxUdXkGhLdoI=","EhYZ0pR4O1e5M0pLQY92ubsg+WvTTjsfneQWZ5pkcJE=","x/eeKxbEXhsxsLWYsEhj/VK2FP5ZFBEuCuXJjld98wU=","amBpIMjpL2YA04KC/lMidM6irdNd6pDk0J6uPFUiWBc=","ZadTzg32zgIU2ruzR3e5l+9vSqCdW5aNPaHIVTwEH9c=","37C4a7kFGXrkxhG7Cpv6vVkntS8jTagNiKNDkunJWfg=","RK4Pg2IJ+mDFtse989LDnbr61qg0HSJLlz5rj3eLuSM=","2z5E9RlsBj3FRXWYgdSdyx6uzMInLhdfkDSWsa+RqHo=","ruYEfARDjhhnDXbKky0rC9c2rDJdIxnhOM9FYmKKC78=","FDuPxZQELCSV47hD1dL6V/alwaNiRcyanq8LpIbDmfI=","zRRAWHRFf4g25xbcKbNEwek+r21R/FfZZvL1zExFj6g=","AZOv2IOTTfawIGV30+ZpYa5iAAQz/TsoiNynbklhXVo=","uhW6WxNG5tdPVuqTKyKsHv9C4+R+72MH00hJ0jATun0=","mgHrDjesbym7sM92hDlYC7m5wNE60Ja6e7qgB68UjHU=","nFh4nOPiwe+ZtCq5qK8/nbiaV7ICgcidhBQ0EWcjC08=","BGjQPNdm7lj4gCCj/bAQX/NNp2SWLLJVdtILTJd+0K0=","dmxydzFzgz6ohoPAKIavm4t9j0AFAnMnWCeQTgjyfSk=","qXQYokNjESwGKvMlAM53BktgHnJENY0W5QGWwlioNdk=","1x0qmXwn7dnnQKvVFZsT1pzph/qJgUWxcsTiIpt2Eus=","nl2f1u+HOxT/G/r41++jbFo+q2nbqJvRv/aB8GsEp0s=","4NbQyF9KjlMgDJmnI8KjC6L4L5Q68bhG4vtvYy2bugg=","2yWYoBo/f09t28wZbAD7zSPnsVg/qSbHeDHftFmLGZI=","C6C7PufqNZJi11itim1RSNQUhiBaQstx57xdf/GxBVI=","c4qt/T9CHaBAuDFVj60LNt6sLyP4U60VRRUTXEKDaDQ=","uliTnlMSrcF6NBbKrL/hj9zSKiZksON0geB2cqluHZk=","qOLDshqQWOd/TANDV/kffNKrF6HDIqRTzl8kQrsQqfw=","+3Q32qSB8FlQzGeEAOLXL38QDZNZwTmpVllOM+aHDQE=","XDaWqEJXX31dE3WCdUAAGs2Li71yA7/pV2m/DpXDAXk=","AyezomD59AuqawqlH9wxitumpUrY66D+JZW+UEWdY80=","Wn6J85RLA0ViMBHgzmHk+R0aFR5OsmFqEFrmDVX+POE=","K49z6M7WM5g8FUgeVghbVrT/YfGJl4DLJDyh1Otr1NM=","rIc6BHjU9fxOhwQCxpLpLCxevg1Vj5W4qc5bzUJFfOA=","6LMsdXiTDWQ5J0Cr49WD6FZ97GnOvop05eDmtIZp//Y=","mUvYgMXMJS04E4C9ivZwzar2Jy0C96m7CeJRz3yzlwY=","v1gXwvEW23lWkusL8IIJ4qx4dEuOBYrACBRv2/Q3J94=","Zq/RCXtSErDuDN9MYaXFLuz4vzZLMVn/rbwogef9/AE=","klhedbGmSqF88NQFIDFCOpdZRkzaug5wTLyfWnFdjSc=","L6GVqhuTnvciN5Eix9H29s/tM1YCpaW28wbiNkJ/TKE=","kc39WvWpkymqgmzQv8Z4Furkv07BEinN4El/y+aQGYw=","Z7CVIlO8/Jdm242JGmE3AH0c1TpUmsvqTlSbOtd06L4=","PqGPcVCGPbcC42qKOaPANw5d25xhh+VfyaUvWP23afI=","wxzQ6mTq50o7iDLPYcPGpYtrle0MiFMLYWXAAVDYvow=","vQRnhmKK/EWHwso6XVJmkXXT+9LFIATZi5Y2kojwF5s=","gfh3XcPLAVNmiJlNsg0KalbgGxJPV2wLEOnBJY9VtDE=","Hd/lA6asxO3Cik76S+1Fghl/bgSlfcS2XtoQHp8FtvY=","KPevipLrg0btBC+1FwvKDy0+PI0znujCXKCbT/Gmh/k=","FnlhKnSXA2BXGnmg2cX1Wz1vO/9OBnhfakW5iSRwM84=","7mBiAhEnX++xhufA4lisZs1+HmK4zaAxCiqP6FOWC3M=","zTxh1VV6R9gfBQSXeZICyVneylLZjZwKwYroPrAHRTk=","HdshWoYwCIEKPm77YSlboPcSk4VMpIcoQ3K+ma/P8uo=","9kXcMiItwliQ2tvSC9hZreBkHOgtNAY3X8y8GRCQ/FE=","rVoEMrKGicjI4qtUzvw/DFGLmNL3sLgSLbXgsi6IPQA=","KX6HDBkLUulK2tmuXrvZIUrep2UMBhztpXSfhlhKW48=","76xpASdZXp/eAvezimS6gm9KPX9+VT4WUXq0BdIRZsU=","KMhbfbW97VJ6l3hBUQz2Gl9afSyM0iuB8TeQYAUsijQ=","PvR77jYCcPUYeFaayv/kKvZvQI6yI8QthMA7kfY1iIg=","DiHHrR4rvAfGGPP4em8AHByL3a8Fl5+HefExBSm+/Q0=","GMA6v0mDVhAHacRwV76EP9J7UeoYos77bXMRYBZNRTs=","fY5JvRkXPrTRw+JDnvUf4MVcidWIFJ3PmvF+ApArdbU=","cXE8KRGF0Pv89b/loH4GAh4z1pB6iuDaski4ErZbwgM=","2VCngOtA6xtzsjLyfq5LhK1x0YzYzWP8oVuJouzMPH0=","IpdZxblVvT6SkKfc1ELWSCCzkGohacIexG9/+z3/jeA=","ofXfXQlpgYeLzN+aP+yGubK9CHrIlfpr8QyWMdewtAo=","3K0VEe8ZRYxwLnk/PElDxDbo0iwgSoTOn9t089V2kYs=","HwJ7DZtPEhy5dT9FlvNlCJ4I3FLZWb3f1bozggqBeM4=","i3Z10WX8QDvySEq6z0rikrsGMefFlzHKu/Bo4RtKMlM=","N5LHi353sLY1WoGFwqbDwrDJhjFoZO4X4nMjd7TmoRk=","rh3MbeM20pmH9qr7ljfq4U8zPpXgMqXOCKfyEQ19Kb4=","PlE1e2ONwfkdbRZxy3eDHQfPYdv/9o27yoZS1WmpO7g=","X2mg66QnJ6hi5GkYnx5IIOmGveFah3ADTFoEY+NPkNM=","WEb+kZMwr4w3lnJ2qvgSBJPQsf+e/kL2YAnxLcoKn5Q=","im9jGrEEN3q7qLibEVwlxpQmCpBpdoJ+KOg5ndJkwRY=","ZpoiuUvW1Qh0V9DhMprKnT5zS0G9JvAz6G+ntFvNmhw=","NIb1TwofQziDIfyuYuwRf9SDD72+h25gt0j0Upn6yZI=","GZNjCz1P/fxWRCL57q/HLH75iPHKMtBgWvrYxLnvZrs=","fqXJxC9rVjOPL2DI3lF9ojyfrnAH6jmAuhhP8dT7XkY=","9Zgle7whShWC/jRZQDJSOWYjL6mfnaEHhEuToE0MePU=","d2n7yhZfPVER9jscB3TvMx67jVfzG4WnRL9+Jxavs48=","PERVBjm7Q4PTGo4U+cPAp8DeW8ZfmzF2j8suHm0y27c=","gR19OXTgNw8fjICRqFMvBGkAU7oSPUGic3gGokEBZy0=","oxflwdVS10TpnUfD71NtAZJ+M10cGSqSULRYPtrG+1A=","JqHrTBp9i/aC0ARmRKx8pAtu9EJq5LcB6ojyJNRD+Qs=","D/gGcQzaWzHMn5FdYZ/1I8oxQCNAnG9c4/J3kJXeRFE=","Px0j0BpvpEiVQY1J1cEZGTyk5ew2ODW8YePe5h80uiE=","jXhZlehP92VJtbQrseJZw8bKLnzPb24Olzu6SRyh75Y=","Z/eGPp1K9/zjB9Z9D6RQZtWsZLqkWzeAneBE00bFXnM=","PEi4nsQoQ3Oy0vWymatx4Xq/dfrLb7hNCOTSia+kH+k=","O19SQX5Ep7TxEiKlqj7nZmNKuAo9SQbFjCmXFMXkT6M=","nNQ90s8CnlV2JopjK7khMUIOn/kipPf6bcNCSpYrVTk=","4p2oIJy59dPoXjiMlMqzHP5fbvx6cinVCuQDw1bAEto=","D8bqXQEzIv3AThBFTCY67mdGQeyZ1vE0vS+fIN2lgiE=","FMMIXWdjcsqHqVaT0lhKtsccozABhO2VAKI2Q/42XJM=","ysfHzqGhqnEz3pJLC3AWYO3sik7G0i07DK8Z65pF2to=","2JYsu1wb+bao7Z65KU5qReNdZ2thZzrLYL4RoIx4F4U=","FZ5abl4w3Zu5YVkJ/+6al3GRAro1V5WneIg2XnDGfhw=","xBfI71D3vs7Yo4E2G2rDIUjiUqthvkDXf9/OkCZYNwQ=","zjxewyQ3m+cMnKK08ME3Q2QNFCk/a+N1BZW8BDJsFCE=","Ukky4/wsEZar1iu8q+5UA4tLYZQ/2+otf3OU0Ws3X8s=","tl6ZDKmwv/+D2ezrEjaq4Nxf7tZ8KAb+njOxQq6iffQ=","zdLYv9PDMiDYGFIMkFM3ZTauXHbtTjWcRkpOGJ1Nayk=","UagowsUHTCwqaff3YLJDGiFh6k1Xpoi8MYr6cH87p5U=","9FcyZZtdXXeNBUmUdxLjVTsh0lb4a3kDUtSQKo8c3mI=","0x/pl8rtu54sl+ooiZA7W8jPBU45x5O8feackSqwnBs=","0C8ByhmcoDM/pIwt8vnrVlTTf9YNcYDce7i419v3Pok=","1+2R88RiMXdvxqbpgzuYvj87fA2jOLU7ewBA395iQy4=","y4vaMF3+Hrj+gj3FUXnZ0cZejryvOlytG10Zc3AErMY=","XkHjKti8OeJzLEI3C/PlplsiQwEcMPeKRv79Ux2XjPI=","3KJ/j6RlCkxIZRfdul7yBKqwNRq7X4D+PGKk6WqD7Kc=","24hS+qTymkdN8i3iZSOw7CDYMBp4UhE6FYn9r9wmGmA=","+BdR4Uqg534OgpSFRVjp2RhNCdCF1725/zTu1YvF4Kg=","mBURA6iTS7f44jPPRqurlJFb6NtnYKaq8DJDpn1tufM=","QFgjSaiJ2j84xHI16Q0Fu0YWy4joGTTAIRbwhriHs58=","x17cVKqY5iV0jslnkQd7ZvHX6WjeOJeY4VqhvXWdQRc=","bKCtDkEWFQJdnLdsdLJiah7G2xp0ol4SidkuCLsMvoQ=","V2xisnV5mSPX1wDZKNIezHTfFZDvLP4RMf2RlsfK82I=","zTMdBTnIuwxwyM7TFgffdyoVG/Zfq5fDAxL87ynyWnM=","IoRZi6fJk6KOc2uyKJnF7xb6H8hRKIGrp/0z+qGFu+M=","A0vk4w9kxrPYwRSg0De/uLEyQEWq8f/tbfktZii9+SM=","4amk1JzrRWQEN/kziJKp2+vuSiuVSn6fEUC60IEaLP0=","a04ywQnJA1x+2CRiKbhqaq1Oe52vi2FrcZxHD2EyPe4=","EzKnM7d4IzFvyqE+FpCD2CfvnbDVKk7aeUdoaUEb/0s=","/MF38hsQE9bK5az01rx5C0Ou6f+73pN9GE8r5nL87qY=","tsESTvMzIswE+C8avz+SWSfq45czGE+rE2SoeO/eVzU=","iYZaKS83xDtds9ySbuDc8MDjLRglS3Mh0lK6W1Ecggg=","NLWX8FxjAzYN6fiWH8W1IxLM86b0fL+SCZuUwFoTuSM=","izCP2x8R0OteYPhCfTzqfEBbShyOANyvB8PvSp3VYYQ=","kWWrYNRAJmRRa9iiCnVfFz2vJMhpAtHTiYXRrqJLrMI=","GbqITTAtx9Wj9MhtJe49GHZWRHjyhWeKcmRc+C+IP6M=","58+tBnNHb/BkkOZLNXHA0YJRz5gqDJCd5DiT2J7UGZY=","KDK3fjdaa9txfHTWX3/WSrjYp8wAUoNBYKFX/Ww3DXU=","NDjJlkS9EnLJZm/dTsDXUgrpNM2Y0IZ09o0FTJCWSWI=","xl5HvHUDeQTnF6/eA/3M5pIPHKWdxuCP2EpvIXoUJvk=","hbXOzbmTMf2oE2/FQ/2Z/pUQ0+u6tI0iORDjaAhfuM8=","kTzcND6Cm6vgQxpBwGL82SMK8vvsAZlzRSbRaOqvf4M=","9d1ARX0OBxbD0EJDWLBcF69nurHeoxBsi4qQ0OZv6iY=","/CR6vy3/W+L8P5Y8MGgKWWldljKBjmLSgqp0jDvzff8=","Qh+YsTqebJnhobdHZzoWZTpl8PmFfRgXwS8eJlNH3fk=","DuQG2+P3SzhFAKaraqIEoaepqXBLnTyAdfoXfeieAYY=","2D+J1kiOGZyMzj3C7WqQYK3n8Hqz8w4DJRulmMQzdpo=","PW/GuLbT6D54064+4yYA33rDcHvDdul1GpxDZSTHFiI=","2A5VBrx/TYt7+7Cp8YztuATnDYfA31YcCJPsaX9NSXo=","87DNJspX9Z4dCGesH8PWoO2+nXv/wHShXhLsiR6rWz0=","JDizanONqqR14ZM++IxtxtlCST0MdOiJYsfyAOWUykM=","JbKyplIPOGmJwGp8v3HBzxYTMXzgx/uI4yyeoLKWo/E=","aUNRyPGDUquVsp69LGFT10JemjGxq9UDb6aOmCnBqXE=","H8jx3dfFHWwDZbNYD2zmDkVma0P5H16pZDoaoBJpNtw=","DSivp0MsJQhjBM5ee8GzV80TuhV2dfn1Zfgoy/2qZxc=","cC0DYsgo/PV0gZyblgw0R2tr3xc5Hn8qx8E0guYpusY=","iNsjU/FtIahFXDWrUuwI9nXYyiw3tLblPwYBtzK6Kds=","EijaIOBsugr+2h6UgKBC7oWihJa77lBYZxP8AFC+2Go=","sXr5wJc3BBSg0bfqxoRzWpK0nxDCTdd6Ale2W9mQq+c=","wPsBy7XlHPVwZxp/X8zeLI5b8/E2w9G2OTFksJaLzYw=","VQPDFfAwlRGzvPCUrLxYUh6jxeDzyKtPsDQ8Hw2XmBo=","ArYyT9TWMPPnrX7rBi2kmLd+WJPza65N8zSvrALPdTs=","erwswGQqR0oY943J9GMStrJWxAj+6KHsYQv41tMxNhk=","lR4a95qa/HixBP8DWAG7nhtoAmQ+y6A0HOfPw96x8IY=","NoWcaQgECWbjHltHjVQVpZdgjAiJyCyIly0uUW4kmvE=","Lrpv98P86+QkiGKxZ40OMwnoEiXClfV8czVubovzh8A=","vYxgz1OP7lkRZjbsHFOSDE6qsiNdNKC80F178ytt1xQ=","RohAzfhYiQlkbAF8bfqgzsfKSzASqVnURDmoD4b810s=","8PLCHPeAfSBa6/vhfwksQKVDNNhnzygFynVjipWPrWI=","gTC/y7QJbwbMKzqsXAbRLdcOy14NmI4VdLUxUbRFfvA=","A2PVMJ2LL6vUyG3n68W7Q1ePeKFx+UublKuakDPxwBY=","rnGrIJWa1A6IB7AvfOWpt/awZd4fPxEVlmarrHyEsfU=","1gSWZr1As85E5DsPassYYT6RkU4yNWz/UhD08Ihjru4=","El3/OOBDh5W0syoQTOWtLO8hEjq3z0SKD4Y4q27HS6U=","+T6SE9uvvr5EoeJZ+4fptQx8Zr0JH7gYTh7t+YlMWQA=","rZlnCKW08rHAZQUBoCI+6fbtKgmDK9Yc65OrxVCPVJw=","5yK/SIdP0Thn4rSWQqSz+3aAc3T5MNqNkxndu+clB1w=","j6nUuhzXnSlMoZgTGcqAHvg3gV5AWtfWaZksJL70gLc=","UVaUyn+GkGm/8/w3NxjS1q3vgID2+kTJpfR4baMzME0=","sxEaUn2s/HlA1qwD0M6gt46Qf929h5eSq9tlUFWY4Yk=","/rceHgFLQpFc49PZZgwH96GiVJfdp8aWmoThPp/sQPQ=","QF16teMUyJz+m3uECWfc+oCZTyIpxEQ7skMuO5tNXxc=","/3TgkNF/m6nXzRJZeFOfbetbU4fithTj/Jwk6GAzH88=","lOAb5gZD5/BnKf9m6Tu1CZb8yktbBO3D86FzyKNyRXU=","oMR4yBOGlNAarm7NIDC3p5ifzKWMN7INuf5TUAYmk34=","983u9e5BDznbUokX9IIo6xvm5yEeMp2WaS5wl1AxfpA=","nz6sMHtjb95Kv/dy6JRZuKSC+ui6M5TmZxUhfM8Za6E=","k9IqAunwr71YmU3sQ6oIMCDgtiOWbmH2I+RHQ8HO2ZU=","kMqVclstNL5zX9GYUYFmqGx43lGAMZDwhtVvDqTXHoA=","gFzdVKKIhNfSKUdKulxoAEVvAOG9DgYHkyvYsvA3y8w=","laDAVLq6YBBNZZLo2RH7wSklDYQucMQSsRgMyYtBJ8A=","PEt/eojPjN5zidsU4MbqjA4zipv3X+lzVWmdDUIZEoM=","fHcVbPESMtxGItVGxHbuZvhBztkHmDrdZHMpyZhEQFE=","4naTTlrZMBCqiw5iEPNFi+T3WAceFfEjmdOOdszUlC4=","rrInLFR3Z2K9ddjuIGaPC27tvheEJly5QhBDD30gu90=","uzULV149vzGT2+c4t3Cq1BDmUFEOnKNHgOJlKLNFydE=","ZzR81mB0qPTOT1k/S1CyMrmqSbpa23fntpAMDrUctzw=","YtzPgSE2j+MYrq8VsNQHXLJW47UUErBMzsUwx7aHVhk=","imOHHddFpDY6MTzByvefL2yzR+YDBqyYBR3f4j6kNbw=","1pc+V4eL6dMr1T8K2OP4hJvBw0RsjI1fec80VWknd7c=","GbtRdrL/uAi4pdH9CRF7cbnNo/GkmxnMUtc1/ruGqPw=","cFolkOyZpGJmy+axTOJlNoiXzP16K4rr9JC2gNOsejY=","glHYiE5dVBHTht7Be/HKD40/wTSojfvL9y5FaBksDYg=","JU/boypkIa73rHqidkwZ/OsywRBm31Ue4guQTLXK9N8=","WENYCnSNqMjk9gQEt8u9VO02G9zbAyd02IRddFIOcBQ=","uz3h3GDNLY/KRPhps9oryT5i3ra3j3nFdbRVmqn75m4=","8a93Gp3I+zVl1hrFRGg6olMxMoxf4xRF2pDqt8m/sIw=","HwwSxSEEyGLHsi4v3i1CUj6ZCjgYHcHbaUafDUVpW4Y=","XMklVf8jvsKmlRQUmxHQH0h0nqmHAC57uZlicJ70iAM=","Y4RcMPPxtrMryLoYEuHW6oq1XoxGMp0kBUSoiyitdVE=","fm2e5B4DajpkrX8+U/OWIZUZ/yLm0CIVFM7e0P0ddw8=","kES5jVuVyVzuQWRsMX+jTUerxfeG+ksioQTLaCosSTc=","NKLAWJEMrNd3KUISoWQpReZx2ysGbUSW+GXpRGN7fV0=","KPFMVygbW/wyunMdEJqPGVXiRR+GZgxVxMNGuSsQSpk=","b6mh9rk7SFTSK50MaT6dnrwUFz4q/hSe/+4R/29YVZI=","kIItRly9odb0gFaakJeUQs/smC2nWSP1/qtfAWuB3BE=","B7S5GXSg6VVspggPbTKNqhZajubC1kjqvhGWhiOqw0U=","oRVMMtUOD+T297jtA5qaLkRp3AH9nkdwpa0bPh5SZoI=","NoSmn/iSY48RXmn5gXqsDuy2vN+xExznoeU7jaxYgGo=","JWW9DdNEfb7N0qxXNSrZnY/TzojNShd2rOkMpNwoxQE=","e8xVddgmuBTVUgkFoHcjJvuz0D5YxGZ3jYRCOvQEyCk=","Ujtvsw/xmpYtW2gX7Op1oBA5PNw3AGLYG+SH4E4fliQ=","nVf012Yt5UVESXRHCzX8RblsNTu4sgmeER+tZ4eda/4=","eEVp+bJEjM3OnffCr1alWVZTRHvj4rhmjcRTV13oZUE=","hH9h1QS08kuI8GrEhoBEMXSndwtDMZc9ByEyFQZhlI0=","C2nhAwM6p/fMnTFHs25azDYlIZzfxIWkeofPn5aqWzQ=","m6k03aGDph5YTUmxmo2QRWMBhFf4oifBSkY6HF5oM8E=","8NJ8JBMzx47CCQlJA5aUHcZibZ6jqgR/njJZWs0pk8k=","/X6YMbE3FdxILL9hOf57zFScKOny6MbuU6kZclHU8UY=","SOwCSNmjvgedBjSFIGskwonB0Xb9H8yqhmV4Gnobp7g=","mmrEUpgzaNn0fOqTTdEX4ItQgMi3HRI756NCE0GDeeE=","TpnRT23M6QqXsDyK6ADnVjrXVH7TyY4Od5DJGRLx61o=","qjsgjXdPn552HD9F3aiUBYwdeiRLnYRcJLjAlNiOzMg=","srfTweuLArk7KT9HozbbNfEX3mdoAYgu/iGU6e7QqRM=","R7IED68dlG8tUzWc85MktaTKQT3bpm2576XHb/JWGDM=","mYSznhzPT+OzVdneIbkcLUvaO7yCLwvRq3d+efmz/o4=","E7pyeKDi6yGVMAFwUPgD3i35rDp58q+ke59BiWC4u/0=","b+YYxwTATrooDsZ1lSYGS38e6NtI1+bzLu3m7duFfJ4=","tuCTJnPij4miDxOFhXtxY3qYPaaJ24SoKdPEyU3jRs8=","KZAh1hPoAq6AkCfyLfs7trv2wB+k4+QwM/G9ZhAaHGE=","v1rfBAy4Vw+60ax58AQewPUlP2C3pnNmDGlC0w2Gm44=","CRLWdyEZ3mslFn0pD6aEZWHF5GrzhtV4RLEMU5H0R+o=","JX2yG/R45+WyPiiAjb18PQjfOyYxe3TeTG79G+v5ahc=","8TzEP6af+EpmA2iPLp05Xd2JoOJ8OwC6bamnpyYgF+0=","ofExZY/wA3628I2be+ebX2PVTNXNns5SntGpYZ2tlHQ=","NlhPDurrJOWrqpMs1917YzPXrjI9C1AI/KelrI46Y00=","p69mvewaGegQNnsIPSOFajT7miAIoVGMOqmU2xXR9uY=","tqEZYj6eAhUOVO4lg7695z+RC33PiO+59JEbKEWYJx0=","o55JS0WteVFKLUyTLYBZ9iT2Ibwi5hNTjeUNDknjiuE=","TBQLfvfzJnpiJ27zyl2EWNwlrrFmtrCcE2J9r8V7FqQ=","VfrGYXExI1BLpdeDomba8YkulMs0wyHsgkramBW6OcA=","9dlXo/bjmr0JuC52u+jEci+y/EkwLqtyVnAS5CGPTs4=","ggBa4au/ZIlCSfphUEwXTTCKUNLME5Z+rEcLm+mVuic=","IAVODQK8YbPtbGX8D7Zl6vprQv1VG5IVFnvjZHhb/rU=","q1f/jlkSg74zEbtBKovwumua3eHYvW3gDIt//aJgwJY=","7bRiWyDe1EiX8bbyaagrtt6TBia/+R1ir4DueCBjbc0=","RGLiO+hL172Z4drcKOYMgrhwkSUmxtiKe1PenX1aq3g=","J8q5E1wsMvddl22z4o0sdHgCGJMNkHJlIjcyxQgowUs=","PxtBx4oaGlYjKpsir9ZsATy/EtiYVa6xWuvjwgx8PGo=","aqilUPnFu3USEYPx0VaF277XGdvFIBKXkVIZqukTOLc=","mYS8u/Vf8Z16By04m9/JyP5vMSojbvUfcjp7BfrDRlg=","u/QZU2YyXjL9uttq6EzAS6aczi+QcK5DYBagwz97c4A=","+3TpLJaEfm7UsWYlj8eHyih+VjV+i11Ezr0uYY+qLw4=","SjX+99r3c0/eSDdUICyCLeURoEhvE5aJcOfsOFtxHEo=","MITRG/qaSvT2dSawDVlzwLdf2mJz1Nf5VvvABoWX4tc=","xZtHIGSC4yBncYn/yquc9MFudvmVPid0yItNrTFx6d8=","878ZxSau009eRo27OFaKev1DbT2w7Er1HtePkcf8WHE=","WQslm08CGdsb0bocDft84Q5DF/6qBDXNb557L+sDnwo=","9Q2L+IxUqf+1JmsWmfmhd77BEmxGSr1GKXJbG+Xafts=","4aPuL++8ZlWsTLwU5ZZNyHLDnMnM+mmr2xv9QmttG5o=","MvWqz9ohB2F3U7UodmpwhfTbtNTBXjcP3zLwLLxZABo=","CGpetBjDXuxqzNKdIiUr4oMq8OwZIW/alnxCkq0ImWo=","mOGgugujFAD+bt9DGShgchnzJTSMQCoVFW8ICZyzt/Y=","R0vl6ZNBT13gXMN+i54ZTDBAc5TuMsFk7tpmjhVUcc4=","Vj9YubuiHkW05qsgsB5cNcJIrD9sPaG3J1gR5SZKNg0=","4ozhXRrrLRKLyYW8qzfKLwPeaqdcmcPsScW78FM4HpY=","BLTQxFuXICOd18VMrpUWJ7LXH0JSpa/Dc3G8yu+fmuo=","UUDQ9aCC3Ceg/cf/PC+AIC7zLRLQnfPUkTLVC6O8EV8=","/BQMydCXiSp1UjuO3Cet2WqIwKyMCCefXNWU+0NH4xU=","98dp+e+GoOdDT85WeylqwUDnkqjMTNNNQ9Tg4jFmERs=","RFf3Htd4LOk4iaS+8LRg/2xHfdM7M7SOnycTaJD2atY=","VbKr4yt5++BUJzoMxJNXZoIi3SJqUA3TeynyPuZcTVo=","+ti+lGpeH10lydiXB3jtI0TlP/1yTGgzuo8GE9MjZlc=","Pu9OhvztkhIcTLSZ7jaarM5vONoIW8n+NI1dXlUBCVI=","Oc09b6aUGx7ohG9zuR3rzV6XagOiuUEjf+u8JjQNxzs=","reHF4ufT9H94Sm65E0ydfW2KkvAwMXxRxqGCZlXCxsk=","brp7tCtxtlCqHKBzi7FzOC3qBvc1n4HGhAfOnZ48e7M=","UYoOLT21QSpMLMvk/IE4AX6tc1QGkIRUAJc48qJBygU=","GwWd7dQvEcL8w6vYZM+rHWCfh/Peug3EAqboaJVAPgc=","UNqejQnMt1h3knkIH5GxY0jn1Wrf1d2l6ATIg+6xAJE=","QDQ/zdV8ulmZq5K3dI/cRGrgqxHLKJlifNP/NhaUpQ4=","3EoXLygYVT+l5ifLH1n/V7TsS4VJIdhVEtYf9ua/v8Y=","VmH5Xx6rejDou3Y0Iu7KT5lL1JFC1jWe5jMUkgPC2y8=","O+kqf6W1P/dIw+ycUphF5rJEM4iM9vmxukftWp4ogHg=","h2Y7VcyreeQGJXxNq1zLBxxYkU0/JBTjZ+6ImLzvVjQ=","CAswM1reYwTyMOlSKiXqeCyWk33kMG2PlTy8ypDX4H0=","COLvGGzsPmTSTRY2YaC4thcklqF10nakSp+9mX3K0nQ=","v2B9IYkyz46ya7rAYV2j+xfKb2/mpdOSwlUk55nEYt4=","uzfHUl/9S7HelrXmc9MfApG/CSvpyeorpO+DCT/M2iI=","UVOd43CJS6ZBbLvXR0zEy2vmgUIQ6a2Yz7aEokItOvA=","QZVplyLoJ3mHgtkmwvCLwlrZUVLwExIX86mWlZvI+z4=","YvEbXM2DgFNrgGz5lqUDZzFdiNxnF8gKZV/nBmyQ85I=","+6oTsjo614vIGpevyvVlhGHSbA+N42FVdeOCcLXY8L4=","jdHxepG4KKxlvFTrlub1zp1ARfDxpfuk/+vDN3Kkl7g=","LB6SZkhapfDKVO+fGtxZe5YanXIi8P8bZuDSkRYKZ2E=","WJEriwPaYIXSOmQeXH0QrdRirw1fSrqSBFZELtjV0mE=","BPZt2xK+eBrD0JxVc8IZxU/4x1sqcgUFY/inX08BdhE=","SDLJKAbS5DXqRbOzhY4AZvFx+D12cL3Na5OHP7YyKXw=","QzsJ70OEnfTm2t7nDmkmgoP6DF1JyaZeyKNsIxTi9Mg=","W9y+Rdesry28ZObbsIRaRMjcGlY+YQXB3XIM9daekDs=","UK5jC/J0L+G7MUicjbKzsvdd0OcCTdHjURj7OOBPxOM=","91+Of7+wyvXkmxMJperK0tIQon3h32OxP+7hFDk9tVA=","NKg18HqupSFMGddyRg47txlqlj0mUIrfg+ufKZwEguo=","HZFuq5kUm8ftfpxm8ak8z7rpBa72ylsYp5agIz9DbWE=","eDGDKCbqmsGn7516mpIQedjAOKwhcNal2UK899jxeXo=","lNa3wnGMsoQ0nRHxXbejAOhFtn8qw16jqTAgcU75yeY=","0XEb+X9kENYG8RewuyI2msRmwpbRkwXWqyzBOpphbgE=","6RWPF1NxHp4pTNECBOBiVOwOr0JhBfS1i25UiMzsvy4=","g/k9OucXoUCPliskvi+b/UXhtficC2uft5lRlnYQz+k=","98tBfzSdWU++Pw/5c6gObNyMgfthKByEWQy6rM5Nucc=","X7qRGcyxBNn695eDjYiTe9sYLSIR6ijg9mdXY99OYkU=","C8r0RYeiMFXBu3MVUvh+HaBnMr2qaDTT+qgNazntCIw=","D/bNqJFHsIx67Ac9crSs5SspY03zKwAlubPHg35RW00=","rwEKgV2QJ35N9UYw+qJ4OJmfL6NRpg7ptnIIEWuUUNw=","x85vLlkm0+DLdMbotiwWl3ISucqcBbk4O3iTuj87jl4=","AHyK2j9AZwPM4RZuVV46atqAWq90oP+l7mO6eNXxvKc=","ObAtLU3VuuttILU4RDl8XM2bOIiGAsJvFkrDq2ZEc5w=","jYX2gJufIemUrZSzrXa4gwSuM+QMBm7YTgRVyPEtQgU=","coAplHVA5ib/Z6iRzHeDXDIwDsZyRQAddUAJy2CH6ho=","DVy4YTeVAvYcKFFoWxupttgKvbVShefdUURRytSzS4k=","4nHYbH2qtM4j1pKKVIkLoI/k5hYu4A6FBpMURE4oyUQ=","SWBmWDf2WxF7KKyFa11UcsLz9Bd5iNMCWLn9phsatIw=","ySq8PO7O1Qp/p74wjiqmbRHJsafJSj0gake6ZjYpnRg=","8W8EXi8sR7LMB4hJTvEtz2zlXkpdKDf1+mEMt4oJeFU=","wmGKCXVWDyf8R3GtdGu2UguyZRgm6P5iIaorJ8B7w1E=","TNbdFagJ+2zWxXkTakBK6M1wM/CI05qYp14Khuj7o0w=","DRN+J5GFpe4g9dNUmKZJxCaMEdS6NAvPifOZT+VLnvE=","Xeh468RaUK0VfaF7THSHDaG//l5lkLddA03WJXMR1zU=","QPpR4Xo1P3+s2/FId/uHI/qeGvV0lv7jrOHITnrYN/c=","NouG5H8oNB4pA616/nMoBLAxpubujpa2fYlfUbYWpuw=","bY+aZeQ5rewNqpG/l9pV9y/ci4RAQXf4DfNJjgoOzb4=","jkMjWvwcrB8SjqV4gOX0QLn8hPVnlb4xcolHyAmmvXE=","s7d12wWcMg4Vmbnex7IlK7uCrk5lmlMTOB8gdplacyw=","KU8hfqim9/LDSHVzOY0a3da21VdVgob0EXJLSZXSObU=","N0ZeojZyA8TLI5v1E8ctWK7fXFhaA2cpdj6ifFkeZ6w=","7rWvU99X0lpD1x+zBOYpUufRQ4K5evIj5i8YqE8zPAY=","Lt0REurUuDaQCcaxAbGzDr06A8jdUnGZLyEPSHMzzzU=","4htxQNpB2so0OIvEKSITSfTRmU5Rs4aISfWPC4vD8GU=","1UAej3bp+rqEumgFZRM63PdWuivi2KoYLI7WQUzHv8U=","LFiTlbypS86j5+6Dpi1Cww1+Amm8DExMGSXc8i1v7VM=","cXpTEtcrynewbpA28czKYI/FC82MAXHk4CQ3KddZ7rA=","QFLcmAu797AtcSt3a0iP4nB2qggyTbS6Bg70iD8dTWE=","WZZmU9ZlXQp3wIqYAelMKnn/i24lz3wuJd2FsKTE2k0=","78gXT20Q2y6S3c0btwOs/9wuiUt4uIg89Na24BGH2x4=","sir3udknTvPlUP56FeY0ulwuwGlUdTBpd4XFaGOaAbk=","l8p4Bg5k0z/jvVkyZrW2foAVr25X/ZADF+avqi+r208=","SOLCaA70J5rjFIiBLLjT3Sk23vtQYNeNthmK+nFnCMg=","sL8v0lVnCM6y4ByWMnzRKF102lytIgy0Gk397gx5qT0=","ZzNjA7pW44EpqeZdbdNmnM1v+lzGCw34cfUVNH8NQ00=","t90BZhAs4wg2mKTcbdRdPpblPl/t6JDgsdEA7U5TaMA=","V/tM4Pifs1xrOVnv32LItNeI8lbQanhVsqRY8MwiRxo=","M2ioYhR0hYpPer1dWoeK9T7JTnGKBLkBGoLa3DpnM54=","0+IhWqOSU5MDjGkwF9/4MJJ04XNpNlA2GCmQ0s1i/ys=","amrn4b0s8uJ/llbEwxtpim/fQ8RTPAlYR6p8IYZiwBY=","S9+Nm/GK11nunwo9GyPBCcQMLtjhL4lLFxGO8QGB7yc=","yxv5YxXgNFb1pJqgemX9gVdgNu5mzlryeZZbw2ZM99E=","BbPg0zUJrLupMCxYMDlm3KcqK/RdQyBXGa+QTPCIRRA=","w+HgMJ0wm+4z9csoC6Ku9CSMbvoEZ04rjF9sSvjPfWE=","4s3yEVDotammnA4MlnTT/50L7V/WpmRL0PGEToBUuH0=","combP3sL1xVs1yxueJFZIxIMRB8Cvg1s5PWkonO6NtM=","oiLs3boY4OadmY4X0KeZOLdA6JBLvsSfI4p4lcgthWU=","UGjKKoMyBC0mQL/hvdSai5NZG6IOZA8PVzR9ixRoMpA=","Cc3F8vXQExL0n+5colnag1mvGEOQgr/cMuC69BOgSJs=","EqNUBC/lQcXiljoUPTugOv6JUw1UZEzWK/zjZCgd6b8=","+mLzTboDMjzCVRG8VkxEUOIsXaGwXyYIOjgNjV+WbRk=","/eY9ilFDd7bZuNP7gCyaH5OIMO+KaxVKFy57SwoxU+I=","MayzPpwJvI9VS26xckxH4laKbmkbiVJP8XnhCx+JKb8=","Kl/TCzOIER8HnpOffpStEalTFgMD8zMiDlPejgcSMTA=","UKJT5QI1OZOC44ZtsBVvfxZ9NJcEEt8kvPtauGsBSKM=","/TIVa0oPj03YNh+a/ZQZsKLgIyoCxP2bAQO1Ki7/3Ck=","EdyIC05QppI4yQdIIQDGjWHIAPPmNyy3xiuxjiq1VSw=","HHHK26a5H4SuVJZz6QRQbS1r2v9RJAs+y3gTSGA3U7c=","X36wAC9ZnaQkfV8joHjzM56L/N3Ncb5O9h6rT3mZ/9g=","O9noOCkM7d2ptLXbth/Y/wWyI9Rm2mCCLh+H089DSCM=","JGM4cR2FGZY+4ZOlsIAm7Z+ZJ9e9hsm0NVHbRufCOtc=","D+WSRTP8nK0PWSVsNVk6ZBcTM9prdleOOTCluYYolMY=","LmE/lYEktAnTfTisYiII/vUWxNrxEXMgKqG1T9rw7k0=","3NHbM9fPz3uzgetjUgtpxiUxltLjUvL1NNNam+E90I8=","j5xiIbHNGmcohF+KV8b6ut6llgxHmFhAuqOrj4cG0OM=","GWWDvYkLIVJmBMBEQfPFU9nxgDXpkY+agmktNHuyPVg=","0N0cg1e82SB8JLfV4hjq2ErrSWvOXoP6eBksmC2vXL4=","Q0H56M97Oc3jZn3gwL2IxKu5W/DjE3T3yAWzjpUqY+I=","wqTVGtuF3RSt8lAaZN9RwnylA8QLEXevfQVqUH8vsNQ=","pXnFZjXvp4lET4RTm2/fl0heQ1gpz5bA5nKfb3n00Lc=","vEt/V9JHkfOLhaZuaEY2a1o1KQWZUucZAwya2rvXmDY=","uWORVM7RBhcbIUquGaOSAvnjzNhjBzawSxVFEn6nOkc=","u9spTFukIVvtoUTtTPHVle4mjrjOskDQC5h+PAM7Mk4=","nQk1KRZGn/57THpqQLWUvb68+8MbqlPfPS1oWe1BteY=","oyUoLhNjaGSd2QZzLSvGK+kVNvHyfmOCG7y/FhHf4Mw=","4IvfGtXT9qmLNMJHtF+RaJmevU4w5maawWf5Lt5f5Cc=","16xMvPLieeOPN7qmYqjoFhLr5022AYBQZV6OnSpK+XE=","YTWsrMVKIMwhVqMzBJ5azuhq+HF1rTM4ekWnmJJDBn8=","Dv8e/36x7EK4yOnVJ8svTl51V/YYvAR764z7fPsGK9E=","8GetGAceRadWvWrIRJZ51Gk7rN+b21NaJYdu8ExiAHU=","9n/rcsnKX+c7G6nxUDNhoOsPpPkaT+dZWWZ6AhaPCEY=","nRy2TmQpMPgoDUQwEJOK1QukTs5RlV5GiG1SEpJxVQE=","/3swwJtJ0bXABZ7+bzFTvup2v3bZ6KXd67vfxXrtgDE=","puqWjiUEOB3yJ6fT9E9XxdMgrX2BJlUP7Yq/GfHpSk4=","fcX0a9KDLxYtxUDDDsqJvaHOIQjoUweyr4Zn1dU1f4g=","p3v7lsBtCxUzpY53vU5V0DW8fjzuQXKD3Nk3V01/7vA=","yvVjWAqgZBGxdo9L3Kh0/YTX9fkYt7C8e9L3FcsNiKw=","LLQwC4pCvT3VSpQTyJew8qfFTBjCnuh9nr6zJGsHZ8E=","Vl5/vhSxm3Pi9K04SK3aepfK3VrlbCmDkc27M2uOcr0=","75dA5yNQG/8xjE8l+2mDXWpxv9hKTAhmZ1JxWKcCUXI=","KjcJMsWwYA4LsQ4ONIUyTk7ovgqs0RxXXjYC6pHJObI=","BtlBVA1TOVeaJJgVR/coMDxebu+coK+PItBue6Xivz4=","uUcSzBfeC6ykMUz/C0tn5dS5lkUQgwK/CtSA+o56Slw=","1TmoiCN+noC0Y0yeKvp3CcEVt7AXxiJYcik2wln1A0o=","FlyOG+KrbgbWSxAMLpQUimUJevxVOxmj+BTGZTnmBAs=","EdFJezoBpF/3dtumiNgzglri7NLtulkPS7ay5qJg6GU=","nn92ARKIOzWmJBUu0rtyfj9IvwNKsBy8V44lLySJNos=","1mfIYyDins/jDygk/YmT1G5tsJA2zWxPpHvM5e9NdHk=","vhlE9LLVpDXZAeIQWqJpKYhbYFh55u5QcrOLkC7VGhg=","2IXLQbBjgHns769wCsjhh8WnAKTAzTH6hR6M92Lr4Kw=","cDonU2guYHcdczR6tKxDTMFa0xtkPfa9HyOfqwleeww=","2F7f19Uzh34UO/Lah1lfL5B5lZFzhwHH3nf2TG7qMp4=","WRH4WbwtdF6leoPdxrY6tjrWOQFjy5WXYnwhCizZ+j8=","t1vANzmHCdub9eDm2YOTdmEf0xH9qfgUPoCsh9/0/tw=","U99wn5xcGcFVepxKBVBl6VMv7mVTF698GlLGGqoTFxc=","XGV85/3uuSd9IBUMrff32j8JPQHp9PJB4rejeRnZ8ng=","VvtJm4DW4NfcGCNv+ODwdVBoHFYsAk61ZvXd75CPEp0=","RSgHqEpkXNf2ncBEuAE7636vNJcOg5mc2GC8xLKvWO4=","4GPzHC1i+1QRVt3r0bSG+ac9Qcuv06L4Rz9UtlwBQGw=","LeATK5Q8Iwhc05Fx1Nox8LubiNNLNSJdz6TC8NAv45g=","bvgRYg+/3JUoHq2LS9BQ0Vh6WlX/p/svrk/NjEbhWDg=","CmB9G2w+ttz2LEtMaOkOz8Q4sMyoLLe7lM8BE/tTEUs=","OAjW/zgGQzl3AxroaZX/4I4RZpz3illNNRNQ/EGCM5E=","M8J0Z9pf+l2rAkHC7xeU5dn57fa2H+x9OTiGfhW6uTo=","tC+I9ZFIZYuw8vHHo6Xga2LEQG4/K03H2eKLXQh5ujY=","1cp1ECn7Xpo2KvbZqFLpV7BPbtQPuBTu7fmFAmB9T74=","A2u/89/xspnm9O5wjyZcWct/kqiHz8ymqONHgGBz3Eg=","oA/gXboLVs0RS7gXyYdcPlG8R3resj2L5zQcaam1l7Y=","Z7M8uU+RPvB9zssRoFVifD8jpGPIJ2+pzRjE3Dy6pnA=","SynG6wgG28n9C3krf1cS0eqq5fivzwifakXa++nwPpo=","i25HznwmBDo6SLOZDokh7Sg0aLQ/8jbmYkL5+G/Gx/I=","m6OoMIIcrRSZSrqbCa3bpJcgETLzicozfCt7yyKWRCA=","6763KqfRGa5mXCPgsvspytO7M4UZX/6UX7Bt62tjEtA=","Q1vDC27H/C3CzCEmP35HTSLqKSYTyeuX5w5PLQ9lzvo=","1qkpHxzaBcTVaDyeUv4Y7Te67/g1PtDcpi4xElZEmQM=","v2RfHfC6YOGGZ/1D37W64nU1J0bBDxOYeeu7J5OMh9E=","dQMdfCRpAecZc6imuBi/ZYNRKwhzQ4G3Oq34mLqznio=","01m8+4L3zszUiZOC8IWxC3T+RDQ/DJZF3sCMdJ/2TkE=","2EquTqGr4ij3K36apan3tfyXfrV+PQCxuTDiFDN1SDo=","zTh3PzW5yquA70zgDE0XRBgbN54oQtCzvqlvEOYhWK8=","zetsfUgiSuczDEP3CxpX752tjec/aUFyWSvRWwHXw7o=","2wDQ/lP2ZaU5o5sWNipZ9k1hkjbU5ePMBCPkgrm2b28=","NnH2R/g+SbJKrF8ogkFbxsEIabkqJkOCZuLN6TY5eQ4=","fGlQG5tWn7aCqIziSzZlzriQhhyP8ZY89ASqYOjxWbI=","uOIED3HQWTxvbHtedfIsQM23QjJ4ilNmgDXo3VBGfw4=","x0cHHTDlEUA9hZWNVTZ1W8jBXs8sPE09mDZ0Y9GosPo=","RFzdvLD9+TOYqA6Ms5eUQtr8qWJD6aU+qt5vJUwC/9M=","tUy62vXNpymUQlKEng5pdVb300W0sS94FRU5u7w5+cg=","YqpJlNenYpxrzIgJN+UXJ/+Na1exjgMcZ2sQBZsd0Og=","R89FA83/a9WeTNqF/hQvIrLulk6iRW4DOa/Ele13rXM=","hAI5+n4rUcbxyAdl0lX7Jdwiay5oPjpMSQkcUsWxqVo=","xpN1CLW4sSTSvka4HRHkdQt512u3I2D9e7Ke+ec9vtA=","rrPHOy1i+ptdZCJ3iFC3M83tRWohAMcnriDurDlO+U4=","lwGdTF5gnbRniafKx8XgNoVUb5fhFhvbtl7WRsSBUBE=","3r9wb65yL6A6dAYCGRVIEvD+VYskeMm0mtgnZ/oAW34=","cGe494XX2yYzasZJ+81SocGldMouFiOUJRoxpF+5Ac0=","TXzPy8aJROuDdcm4tTiDZ3ze3pTdquc1mMS2kVkvQjI=","CH6BQlT80q10+thghWlEPOxG69EorsJ4BVvB/7H9pyI=","4fVxywc5F4Fa3QJgVl7GQvuFyLdnAz+9x1SmzWk/FYI=","nfqJVXPzIREjxzcuIqBPidjArHG0KWHVm8xdNkmATNo=","w0Eo6hQbhxktkSyWtojdZF2mJQuhacgHQpzIVrFREM8=","O++tRWE7abtPvvKw7FzvrtxI2Zk8jBE6FzsXhg6Yqgk=","ADtQY6yX/ZvwMcJC8cVZ9npUN2mdmgWCyJ92myyv43E=","NcEd4jap7+AzeXB2TaiWGAtkgNlq3IgWHBluuXK2TmA=","I+gF9DJB1PWMugvYPGFhJRifM3RrX79CfEbUBKQl7KI=","j705zy/usYeZo4tKXk/JCkCMOr32t1d6IXEuSjgvBZ8=","t/4HLkfnqVR5CTR7XIygnMNBUbJQXIX0PfA5rQn4Is4="],"block_size":4096,"path":"netflix/contentscript.js"},{"block_hashes":["QSl8tib0fWdeuttPzLfCsoBXSBBBnGonANBPwlQfFmQ="],"block_size":4096,"path":"netflix/contentscript.js.LICENSE.txt"},{"block_hashes":["4faKEnzZ1gXDMmbZSUEFaXLNcp9GFvBLeN3qZ6fSSeI=","R4JeoVu7CboOb6KNZU8Yf09VHxA7/d8jlvThdBxE7rI=","jbddH3cRwwQAygSLnR5gkzPa7oq1WsCCIHdnxFdLvbg=","SiCzaQ4EbfXoM4oBdr1zGW3gHQ2i3UGNkrvfUE3Z4A0=","Qa0M6njwdyOQwD3D4/xUB1rtOqEPJpUBo8c4zUxIR2o=","zrspAYtboX39tQCmBLPL+Y3kkpMCIl5X/kS72BDLVSI=","moZ+doDaXmO81uPU9TMZsNb56qGM23y8M13M4yspDKo=","VxwUYTVh1fgCovaMTks+bcopru4XsRjPNfydtRg50Yw=","8oygNSQSFm9TmCiUV9QYavwbEpeQtXyx5IUFKXlZ10Y=","xwI9RBO4AeJZeFnAme6Iuk1havVClxkNDhByTDdHrTU=","eFX6dlSO73ibp77v8CxWeM2kAknJwaxSUj55CaXIWK8=","+H+6jxYVQJNmDcFEbTfhumstbI1DAkm77NQV30ivwFs=","1FH18WWg26EeUcqFRsFgvylOUGFoEy5ApVOL2zBECHA=","ywhjTukWtgR/490iagGtvXLp/z2h5LoYx7g72dHoz/8=","WZxekau5KO6WVy/uYmRmlEBUaQDTIaxkmqfO2qnGAXE=","gtZnsecxnViZGqKMOKYuiHp9+JOctV/ZcnhsuvvCe0s=","AIIIOg5xwWOGuR7+pl2E+H5ENY7jAYtb2vhNlTIy7I8=","z/uSOSrsiXabNzAAFmZuxuDkrSRW76tize6beTHrkks=","0OJpe20L38fUzYuN2xTi+rULMZI9FMX4T6prRodmOKU=","pwarIRT3ehqO8ZgHd0w/iZPEQG+pzi8CfonwjgtW/Dw=","yjoU8ruOygOqd4P524/xliIUSG/YDXxN/BdrezYlwX0=","JnsfJLjB5zniNWnn/mYPezs+jVYr5nstVkhqyDRwvyU=","hpYDa3gMumGRjYwgjFGQ3TwKk/3qtls4ybZcsRrhpwQ=","OTstUWH/7CuJnTpP5RgTv1qHePR1VzPtZxew4wwfjOo=","iDsWkFiW8qhE+zyqek8FU9ysnF9Da4L/36LYxjEhE+E=","qDpbGeTzUTowHxPYKS6XL17WWzpW+mEJT/xWPw0rv9s=","ShStcIxZKvLkeECFdQY3X9ys/8bLZwDPD6MIqHPUvac=","1n0Q/iLQjbdX3x/jRt1zBAjG1kDoQoLPAb9jpsrEx80=","0RWJPBOshByUj+6Us+JlIORJa0AYwXnyXSvI2FZ6BFY=","8p6zVC1dm0KUMt1pKM0QiNk50wuD0UsEMDGzASFGNj0=","28poZzKJEdjpd7FFhsMnwlUGIdUCmYzekqT4Ua41w/U=","+dAbGEPhvI7SbVhvczlD+pOFPDw2GC+DOBRnTEEQWAo=","EsaPNPOfmLiThXZFhbw2WQ5VcnxYMFENl4c1LUeTgn0=","9xvvT/h1CbmrW+IqL/efCCSPVY58PxYD/OWHh4FNifY=","oEMom9Id296NCGkCI92Yv01yV9ZAf9nW6S8rVwOtA44=","539hpSfvfA1BNRfRT+64bqgsdsxqJbI3w9tsq8IpmpM=","CAn15o9TPwuTQ7e8ETKBmfMAXZcFn8gKpjKaIZMldkc=","1Qpcl1wPOnGCf5J+d0wsNgVkRyCJtz6kuImoCSURd8E=","OBr8BwP1MVQgMoGuyVnRfmnIRMSPUsucHAQpoSHxznc=","gOMDkcW2VsXykmGFZL/SwEcMIUoF07XkB38BqXkJG34=","wTUcl9TgohwX1ZSxx0GdHOoEx2iQuzBbpxCZA4bIbEE=","n1waQQanmnaiYCR93wRTq7eRi3+wPP6SYxM3PspN9HI=","iKWw1XMniVxLx5kNRAPnSIReqIOJZsbGycamv3fxGys=","SxEHvBkqr9a8AQsRT+8KY9Vhc2jd4scE181tDMQdfAo=","pb8NJdIwAx3wPQ6wOhAaV+/vsTo9WhsL492hmYdKYpg=","24enbczbGKAyoJl779N2QXB9JOtmrY3V0krLnWj6zPg=","2MD1K/5DDO7+unadNJKZYEEuhYYwwV/fYZwzZEXL++Y=","+uItnSL8//EQOODLnDoDvfBabXIM9r3G7xQfUWuR/6A=","lkhMOs5mmHkwZCRR9oeyl169xXdTLSQyStf1/4jl4Hs=","UOyFLbQDGphDr6+iIa2sNqBeZYeKJsf+hpBXDoAEHkI=","TEVBySYRVXuOuViBRMV65pCeWSXz7nTlbXl8EYgK3fg=","8NpYQWVQiH6nMQAal54yCB9pen6sjvHs52tglNRkAms=","UEE6laz9xr3wW0a8I38iN5H2EBU4Jj4gm54JuUueTa4=","heuHNPHE74Cbxk9CO+Vqcsd6vXIqQ+Bs2ttDgAB80vQ=","T9y1FQ41qKlipKUGdEX9/DtfNGGAkHvsNA6D9u37cxk=","xnE49O8P2jqX4kRr6tg8nEGekUcpWaU44oCeJmWaI3E=","0RpEz2MCdAOrHQN4IFa/dXEey6mG7KT/0PXNXopuWZk=","SLTZLf3FgdK+UVG33xFH843Xv5PKZ8gcTwV59tYk82E=","TlprqFTqIlFbNtFUHzXJd+HRuRksqMTyRV/zskrUb1s=","bcb0spNw9rrLUuxE9ExwnAcOdquB7L4spRqNXslhMgE=","qJkHMOoVEONAah1jLkRih5LJJRUIn9+fdXc7M98c60U=","j15jEo1jkzoa5jZxnJfG9TDck+3FDPA63UQbt2UO6SA=","Ivpb8U+BaZeWUvwD4un2yEuHROyJq9rbLW7vHq6L9xI=","/EZ63lWDhqSww610UzLnflpkOgCWzcsJoN8Tc6EO0Zw=","SWNrWLGYiphjiiJYHPu/aVAyPz+5pVFpYr4O3K9q+xQ=","8v65F/OP7IuDuTsBxfDt8LkYq713XRt9dU0Vc7K0+SI=","te+bVmDgM8XGN8OzwG1GmA3TjEhnpXTBbu9ETyCTdHY=","36xEyI0CLrA5aKNUc/5kKDdyLqWC5IRRNvbAMiO1biM=","0ZiPtI9iD1eRBSfUrfmDEtmUTopepHCU4qj4wTBNh24=","aOff+Dm8+fcgcN5vsCsRUKGzhZjlXM00/Jj+i7fum5k=","wsGE5hYnxTcRjoN4aXNDxS4VqEp/5s+w2H4BWsHL6Xo=","q+Lcw2ramGeD+p9iFzHgvo/k/Ew2IKPHkdIJqx/PfCU=","aA1Eo6AS08F+PGpsmZOgglOS0ApT5XdfpN6zGD6FK/o=","/w1KrsmK0pEYL/5h7Mm3+Trs0KEvgCX9x6ouXI+fDGE=","2DTHwPV/TCnHFrD3syIa0Ir5TPDHpTi4aI507+QnWWA=","7zMAo8mt1RBwy3/6y1q+oah6ULJhEyL9ZoYcFCJMVbQ=","fy5h1l0nK93GRfilKeWjwqQyrQXfmuBJSuaxTxrKGT8=","YIuc8nyiUdmEN+Je8Cj7ZYZT4cigoezte2vIYLn5chw=","7gGbN8tDtlROua5hIQUd0M3ab2qzPfSRT/le2IVTcOE=","f0IBdzDyxw8IZ/ZnY5in7Q/pLudTu1eC/YaNIKMrk1w=","sWC6SvaZ30b4h9QKj4sgSmVg3wefOz12s7FbsGi5uzQ=","qcOyZLwTIWtw3O8ncEz1M5altENxpCZtCgdj6YL0BQo=","e9dgzpBmRzlkvUjkRTa6FdR0WEUB/3z2h//h4m8titw=","ZID3sgvCKGNqrWPThJZcNN+BVDw0LhG9KemxHj4byIg=","pE+/Z5uJR2uYrOWrRmUrLmPu7toesn8s9k4bU68mpk8=","n/ski1PjeMs2JHcbMXkajN99rBgs11wtL6m6TgmldHk=","vKqFSmN6Alazny5+g/P9QwE2JsZ1uJ3iNd6ow6vd0FA=","ZtcrLh9oKPk6uT6dBiZwAHdwfL/eMYbWwMHK8TKQY80=","0H9VeFUWZWn8thOd0tUf7MBXxBrYoE1AlvHf+Ul7TuI=","+h7+1a7weG27HGiIXgtG7zkuvutJDYkbY4d2CBKGY4Y=","R5N93aAJSnMLRw9/koQPVOWAhhf1GTD3XQW6ctDe1ts=","2DG6McjVFK/Yu8ZDbptdakTQNgt8wov61ztOhwRRoGo=","J5w8HTbMhilwNZNl7nAPtVKlxZ1T3OwsxMoLR5JJPXo=","NgVqcDUStNQ6eBQ5JJMb9SE80BMdlKEzmRHhwm2UPgA=","0pLwoJwW+hA4YNxryeR8rXiALru0HHLpuMxUdNAzLno=","vEjjM2R2LXeUBExaFjcdJhSeujjHUiypGyp7PjlbyZM=","wcxcVr3MsC5f+3hrLdqRYmh2gP2PcfZCoHdGG3kwRpk=","ZJTd416Md0zzl3g6ztQNEkl0hj+Iu72GdzQ+pnZYS+c=","uTlMc0luEjXOUUUuK+Y5N6YwsM1mqEqHwGaCEQKMbHs=","N+MXkjg66nIyV8DXseKxBS7OZK0p/Peb1UpTNwPG3SE="],"block_size":4096,"path":"netflix/injected.js"},{"block_hashes":["HUOP3cZZ81P7PbergiFqVecfaqOvolOYSeaBkgN+pic="],"block_size":4096,"path":"netflix/injected.js.LICENSE.txt"},{"block_hashes":["2QQUFBBfO65SPTIbuZpDtfGfgfMTl3oyUFxpkBqiHrM="],"block_size":4096,"path":"netflix/settings-panel.css"},{"block_hashes":["z5ad0D9/c63JZcsVJK2SRMRFq7nxNB7n3lY/lLKMF18=","InljG+uU0mc8DyHXTkPORvxlpv4ncW53YE4NJ50sYTY=","jCPmyA/iXFJ1qaURRcZ0dFt01vWlsyGCLqhrQJvXWmg=","z7RRmtc/ZTVt+ayXCkTNzoBKo0CXFzOUWlRGxL53lhM=","BpwVgl3KaPNhNBM2pUoigWPreSKOpgK4s6Kwd3inXrA=","b6tOJ79zRt0+q5oXxgDtiC2NJiGLjTUrF9uJEgN4KZk=","ljp1XiWNnwTY12+SLipyecSbXiS2cjIifEImhjuhztA=","iIDdcymcQvICLSGZTgufO8gajMUJinkCnsmwA/44yxM=","PfJ0QD1PJhgSGnKT7611to5o5K2C+itBWMwgxeNkLTw=","91t+RMwTO0eo7YG8JKxpi39vNEMe3xO74E+C3ZGomTM=","VDDFEaaDXkr3BB3Eii4GDacRLCoIAidX0/64TeBy7os=","aM0GfqMqytb+Yq6B52Ce7vhi/4lPCXQ4D+xbRLiZaeA="],"block_size":4096,"path":"netflix/styles.css"},{"block_hashes":["/lwqP8P1YVtnQOyoYR/7bh3yE+S6KqnrzZgaGk/6BlI=","lQRk8AGlcEVHQKuanPPic7NoY6wwVWPqU8iN0l3jGEU="],"block_size":4096,"path":"packages/contentscript.js"},{"block_hashes":["sU83a2UuwYQe/8rlwlSV2x9LlOEB84DjiSHygfkNpLg=","yRp2/Y1GxhhSNUOrIviQO2F0ZO6xgu17UbYYCUUeFcs="],"block_size":4096,"path":"payment/contentscript.js"},{"block_hashes":["IRRScrK/CawVR53PeOt4QsSmFrrhjKiUuhYmSIHvJQY=","BZu+AScz5bdeUrV74+/WBootW6h5pkBjssN8f0ZWEzE=","sOiRG3nMcLNqj6ATorOkBDuvAaihSilVQHrE46NVmI0=","LCQzq+TaSuOEDiucdhqDtjzuppHAghp8j/IcONO9SqM="],"block_size":4096,"path":"paymentpage/contentscript.js"},{"block_hashes":["zfljztfSWg+YkBpUdke01uLb4Bl/14yHoFmoew5UL+I="],"block_size":4096,"path":"paymentpage/contentscript.js.LICENSE.txt"},{"block_hashes":["xyzxHI9TaWTYO0JWGuC5cE076BSJav/xO0RqlFCKlB8="],"block_size":4096,"path":"popup.css"},{"block_hashes":["QbgNXMO7uVt6/5xs03clPE6/tcN6P82kj+fchIQUk4o="],"block_size":4096,"path":"popup.html"},{"block_hashes":["c6UqfXJLBqUZeL5ehjgesUwWoenx6hQOmrSSUDzrjBk=","o82KQhaL5cWiBrj3crnwAeK1Wi9FnIOMCjjlKsvBL7k=","z1h34uUfFkH9S7cVRfsPjHjrPpt7IJJyX7p51e7fmec=","horlerslpNtCj+jkE7WAk8/Pnby2OdZcMb+trk84UKo=","Yfi1ltIcX06p1HZVbFp8i6A+xE5QTib8SAYNTz999II=","swP3AXexRBnu0yClt4Fafh4CfTzaNJSwl6lbnGJ5Yu4=","Dvli4HriEqL0/+jslAFj2ZvLERPFEN3VFZ2Fqt8B5+g=","wHIIyXBPifFOvtrwFi/pABLwmN9EtbMgg5y81RjS7uI=","55LUN8tdzu0l6gOADZ/qtTCUOvYTLArg065xB8LZXK8=","qUN3TGRweAosp5WKqTt8td92szDNVbDY/51RNKOsams=","uC2cXwR5Q5lOFJSqOyjnHJ1G2iCNbhTFsykp/wIgZJM=","LwlBHOA/y8VPLNhWPoADnQmzrezYKRPbSRIfabXXaOA=","Y+ajxlw2W3cxdjO0HFn4WQL3yUc/wdb7MgfteU4FcaQ=","Ty88hIfjiRExcZQZnK/MW0zH3qg1bPmFP8aUjlOZw+w=","GxZJKLmgpPlGGjgHk6adml6qmM7znhTsSuriG0nggbQ=","XTUjvwIuANqETtdigd6bU+re/pOcz8r2bSyaKqEKFuY=","TBJkpE2uUcp+uXzmEvyKqqVcfGnGhY35RpZLDVlOKLE=","FYKPUdfqrWRUVMXXn8SYj4b4YQO8YogTq+JfhqNhZMc=","2bkG6LkO/4Rd6ZrkClDxSVu7Hs/I0SZTowk6UikiI3w=","M5zd771J/ihcBtzhVzo3UAPROMgMtiwazbI6fDKEi+A=","PfzgViGfQW31qSDNJUixxjvuDquITQgTyERs1U+z8do=","nIlUQEv1sGbpOKH1LVE6zxRuQKGelWm/YaO9xDgPK18=","wfPHrOIDZgo3fQnpZtbqQJus2xL9F8fXfChK3BEejuU=","KoIt0PY3FilVO5PzpVh3gfAfhUfzDL4rw5kc0LDYZCc=","MLaFTlAwNRM2ZoG/1xodVvZIMHS4CcY3pNPflUNyPQY=","qUwABcHDbGbaV6W6Pn2105hGdLwALuOIPfju+NP9hVg=","K5wUpl3Fh4P2DqBpe/wyPb/8cForA/RW/WlmPiGBkqY=","lCyYmliBA3WVSmx0EwUG+6wQJlnhNaiUTARg7jEDsjk=","8NTA8q4LlWUTKVo1jTvN29uPVgUwdLYTN50yMHNFncU=","cKQn49AgNdllkLWtp1qowxwAzkizSYGA178BG+rPrmY=","zZGuv4Np4WKCbEO+wlW+9bNatOC9xphghFLerqhrtyk=","+c2QaQkJse/fEZXLTiaoM2M8qnqSuTsHwNW0JJFk4x0=","uj2M7qOz2iVd6b98Bm8IQgzm5PCVNRFIfqZYT7C5dMM=","ZRVsMK4zfNfNYm31vT+1Oe5pkq9SNxw4R4nfMX9fcbU=","cxcIWdsrvPmAukZ/45i9CoImR94nqgbJegc+y/QCBew=","DQWIodXKAZXPMluHrMtT3wsAq4gEKW373MXkPy439jo=","wxPWYxwD6Nw0E2bgKk8bMueGaHIImQEEk14huCu6jfo=","Gfi3MUHrIwCIMr3TdUC9ln02b3jfRztEBxl2g8kUyjk=","YeIRYXrvBCOtQD+sP3hxkvj3xb6T3rXpwCjpVgb38RY=","r53igAODwfj+yLJWU6eLNVDk+3aKnH7nvY7/XHTG5gw=","KYo7gtvebWTvOGagspiiR5Rf7hcnrjtz/LEsASnwN38=","1ltmHJDngURFAJp7wMHmX43pU9bSHRYvDR9JDjp0fyg=","e8YNHVOJuAVEv8N74Ghqc6f4KvdLENK4F7LoEWSYVNU=","mvxtvl2Nf/Hg9/HUQsCupzSjYaafRAN7sZO7e8rysVE=","UsdHhLgSsDkm3NKKASdVZvypylbCsuzWYxpSTehH2SM=","Odt0B6wE9lkA1UTLnT/g6VbSyHj+ULLPaOjK1bsIfJw=","+Y4dWI/lcUzJnaWlUFYTW7VfNY+asWvFvxHrRjhrXjE=","C2stJIQrLUA9EtbHUVwAW756zNQJvc2CdzvI8SsynSs=","ucQOmiF36qbSXZM0azpuEo83ukfWlkt9Ay088+mbmFE=","WxI6mNdVJW298bYXVfP2FqpIgo5MxV8NWUWyC6Kiz0s=","DuGKo7gN3Th1/wgrXg462iPoKFnlqAZ12nfmi9VflCY=","Rf+FP4dxNfk5hdove+eKwrL1CQwHAOBhUw/4sj/d30M=","NqFG0bIE1iYy3DYkkDPbt0Y9AjKYDzbX0ingpQiwczA=","OkdU74XDoe6XIjol9gSb9wr76PuegGdArgusz1Abohk=","J/OHsATHJUJ0MToepB3SiLYsF8SNkDJK6FIB9V2mNFE=","rtC83k4xJ2667xQJszkTaLbunLL1jou1QXo8B+iqNRs=","6bySOz5aoueWdkDbs/OiZqqcmgzd7Y4PH40+3Bm0C8s=","Rb+APZboeRNDxJV0NAT6ajH0El4RUWSvKF8cA/V4flA=","DuvivtMpXr6Ym68tcmM5y4oz2kTHe1ykGeXs2DYwAW8=","pEkTFgnN7SzR//GxTrC2ayR6RNy5xh5e9XcDMmETxKI=","jKm76G+UuPh1xDh2PyrBb1Kj6JdZCbpc34l/zUWtm/8=","lkFggBEYi0r9deA8qTH2pYedMrU9aUXrUy/abSlHE8A=","4AU80bg3zw+/H3hDHtud7nbsP1SRasXe1tHN1dGoKKs=","BWHsAysX98wRsFr/Q4afZ66Q24PNFysr5mvAgpcwc8I=","bYLPhR7EXUMc3A6xIOqcbg/0lxw5khLSJPtOJEhT2eM=","XzGvaG3i1dgRNnNPZMgOa1aZJTR3gGM8xN2xQ2ImW4g=","QkO3JWgDx4S1mCfPwgiOKBnXjGtAmjTE2Z+xQEU7C+8=","0BiX9NSCkUZlqQJejlz/QjIXwKpZdzlozLgu4MWj6GU=","cfZ8M/WUxGSbbz7sydIdGq9xV4tkvnCFARwurn2uD+E=","9BHUe2wF50N21PfSaUDQNWWJYy35ShhYau111nx/0jE=","rNEpxtuQ1ks6YluMqfDxQKTLBmPRlgCcaUA3vKpGlIo=","46KyMAhPlLHfexqck3slvD4OfpEUN24F8wHpJyVSlF0=","BcpnNAL+JLSXjJIxHen5HL8pVG9VIvUJa+TnFeMHQ/U=","KZqKl9rmvykQLlVqBqnaIc7sRe3AlNKzYCvjWhH5Zzc=","5vqmmUzxIH8K7t06bWO8Q++vVjjY8xtFvCIGza54uGg=","PlMJdxLc6Gib8N9ZDPLLn+0qq+3LGXVk5aa2LdfhjZc=","/KAdWAd3jO++HGOXtSAQFs+qrh6a+RQajPHpunNfx9Q=","EvZ9yzAtJYus37hLtvM2C/STk13oJ3p5B0BPeBn+Cqg=","7ipef5ka0Vl7vO34Ci2Ttu0qD+olHQ7CKHJ/rPfGvGo=","ATIrUwJgqpR0V89/6YiLlyIim6HzM29/wXEGpKdzLQg=","AEuTngBR+l+iEtVt9X9wwpNlQisnC7vCzWFkU9tfWVQ=","wK1oVOhXpk9UwSa9usjeHY+6PA40g4c3Pufh1b45Ags=","uex5jvq6wiheOqvXFZTf90CvqqNR/40q1e0mzynfRPI=","5GUfDvnbJ/AvY8qhezDw9eIoLqf+zPDFJDxK3UhzUqs=","drKd4JQFpiJ9SB93kvRAMSSSfH1FGaEgjyIu+AHEkFs=","nbwpriAcVx6BoPt3B03ZzMszjgqHFdTZJN2Tgyorebg=","FzuAJWbNTE3521J915YuvTn7fmgfrJa3t0W1eLKJc+4=","psi2q8TAEKxjROAJ02Ohvz+jsqR3Ye9HDehGeK/igsI=","jVtLlT0y+RaGmd/tJzS+QUgik7bKiTPtYfrYXYPMbVw=","q+u1ZlR8VbUlBVNbfaxRUg+wx9WDQEbi838IwbK6wsc=","NSK3DnmpUeSi0l5Ha88xk+RaBMe0XT1RFdyihtRHI7Y=","z2/ztLvS+5OZ+ijtqlY4XHi130bk40RqiPC0Qs+vU5E=","geQJ6wRtM9MlIWeEL7QhymCXvuX94pMTWkwsMR6JMgw=","l/ehbHXZL2JGlrkBPMbg75tnZW1Oo5fSV7rURc5AvDw=","vZ6BxcqHjxzH28RaVdbD9GVbdfsD70PFXkV5IiD5bMI=","lkRzIXkKiudeMwp8ktnQhW9sn4JxxTYKPBTfmQZNe2M=","5/TjqeorG2lBWTZqxctlMVNpnmetcSEhN2kqW5x1zLc=","cCmHHnNhkWrDPKXI9Wy/dIP8Naa+FCIcPqAyNlfG0YU=","jDvVNzDo3Lq8SJq/PT1pH5kxU1UNKoXqqW28LjmHgN8=","6htwlcj5yoeqy48L1dcGSKDF8bDn0HbupJkeQsLZwpA=","eRoLLLsX2jfW4BsLl1PysfjFPycXa4H+aGmTBetY3Tk=","dBOy0ZhGX9OSE45DGkS+eV5c8BExZwHqEgGGTM0Bglg=","4orSB1XxbwUoiP2vretLxHi4iDrRBhFCh90uSdrX82o=","PR7HsRHTdZ4AWqPR/Txky7fsG4nYzAaJPcHV0OYDw0o="],"block_size":4096,"path":"popup.js"},{"block_hashes":["QSl8tib0fWdeuttPzLfCsoBXSBBBnGonANBPwlQfFmQ="],"block_size":4096,"path":"popup.js.LICENSE.txt"},{"block_hashes":["S2voKLs1Nlhb7P1gtQmmrNQzG2NcOkk2oLpEkAAkhZE=","XHckwzkcld79JJsivDbw+J3Dt0C55tdZLhqxIndTwps=","MLepk3qi4Ue1ty/VJ07Nc42zGFtGMnZimcEpX7khbJ4=","atm26G6/jkawkkUUXoA8Yhs+67gwl+2ZIevFw5gi/Ls=","LU667wcdIVErUZNZbfow3K29ZHXbKiF6hB9c5sZTKKA=","B7QQYTZHBrtnjbamNue3vl7L5gOqwnaguxu3pbO63NI=","d4SvVUiY1nmvEvSj6nhWNPB3rPEJoBT85ASSIYWH2U8=","D+W3WeDkDPbx40MuiHR4wAyumMDlQt9ldgdEsAms1SM=","vsbshIu5Kx0e/SNa7mZ74TluhrrgawYgjSJvVdWVltw=","1SmDASxe8ksaJw+DHXe8Ghl3c7x3wGINR1xMi7imPWI=","nN3pdk9Ao3zuCHGIcm1wEi++TwGFJyzh5JL3eVFuaWc=","GGPkuWaa2eHuXSgjRIGmp/12jCpQwkjeZX/ppfDUjS8=","xcvcY0Pr3XNu3DJUn5aJ01lkO480Q6+sJCbyFVvHENs=","JAj6r229jbbWhf8SmREu7q2PdRMU+fggnbrh8ekmjPg=","ralZMB1JB47jzv8bOpYBYsYmiUGdPIsDKi2ICq1gV24=","SWcGvKW9fQFRFNRhaS0heLRHWVxjpq0LntxbKzuMpH8=","rScWRL21lycROfbDvmIerk2+BeCD67ZOO5Nm01ap1gw=","mnT/7gy4sLSKNYjW53w9aPa/cP7pLJ0KGz1lP8WgW0Q=","WVEtF83Wb8lzBmK3MurZqPQ489d5RmOTh0mVSPFzpmA=","M1zZAOxIsUXC0Cn0ZmZzfnqEG5GPfmSJS/HJqectQ3Y=","09MVdTkOCul7IJCj8yWPwoMAAiZftRj4gOdkkYk8x8E=","YX1Dug/Dnbs/lqTCkYZbnkTIcCq+6V1S6KKDbTpGIpI=","CZCHVjuEG8iWySlw2N0jkifC7pH0LEX8zbluDwhGTzs=","AOGVTluxcjaanGoYSGJ8zSy2v0xkcb2CfkN2WYgTYZU=","ibs+4iQsFkNVzwSa5/2bCnmjBbGKUXaLxD44AzJzGsk=","2/N8RhlL1Qr2aqUuVnhQoDUK47rwurCn5DPleynikv8=","+KFTO2jSi4AFBFvSLVF4cR3T/MYRNY7JipkvhRELvMQ=","NucMjJERN4Z6oSqK/X99Nryz5d/u2GiG2dYVAiKE7eI=","8njeFbbBpDHIET81vwlq/B7xXkCwIxiYXr8Tn4E43+Y=","0tp70QXgRqa1cncXaLX4gjmF9mDILncc9pRKU3ky3nI=","BHuKuA6e/e0+NKbzHIHO/OXyGBe3h9fLpQXjAsqiJJ4=","vDNvAbP7OOLvS6nOXXPXX29UXI2KEV9Lh78RfnDpRkc=","q00/spWxmMNMHUhxsYBMnD4LeLzcBBNpZex8NhEP8Vc=","trfJ3bUwZ3l0Nxe3BdsOZ6BW9zi0k04wq2bJwh1BovM=","LGzWdlnosWEXRRDJZcdbIe6Xb25UaXWO+tYFoUsGFf8=","yjXVHjpPa5mkwFVXqg+5bMuSyzM9RpPGBY0WAm+0XiQ=","F4QRDU1i8Dt8/GbBCeJGLxqHm29kLhSpR8mRN8/+zoA=","1Gk3/nwnea8jiwjqWVl6Twqyi4t50U7TjoTGuid+BTM=","mi7urt6uNYshPqx8oIe/t9eMfVCimtCPu65yU9YBPRc=","gDO2wmJ7Zeq8WbLlgI384cne7c6VS3nJywoG77fR4XI=","4oGKsD3QRbNf8Bxc6GtnqfejSh0FXEVcimPJNNxI5JM=","+cbVT7IVtyIrN3DPFPJqxx5WyHnlAIlFkb4KiPw7Gs8=","i14pxwQ/0zm/vVfosdJ0uQDqUTWGav+x+92KMPbVx0k=","nx/YTAigFl3qq0I6WWPYU0s1vCGGzSJ09Q548IuZIEc=","W1bw9ZUYZBw2geWozePg91gU16Hbyg5d5Ed3qtZk1EQ=","SLn3gqFFBNqsWxbhNSCkMc58jDkD5BfIk8McHZRF+2U=","HB2CgobztjiK35DG/AOnwp7kyGRRVRpSbIlkzeH4/no=","8xxvW+6XJwL6FcNvpLNjxsSzlkAr1jzp11VF4uI/6qk=","T2PtC7t55HAQOvC4vA+VosYa8D74zCdfZkR3FJNB7Hw=","oRphsiwBJ+0c+6tWkODRkSf+A3vfzk/AbTRPyIcDVzk=","QYBWXkDOrf8JUuUyFwygeuhOZqd8wGDR5P1bM64Tpn8=","tl6zC9GbsLzbPN05SxQNQV18KIEocQ8emXuvYnZAATA=","LKhHTOcZb3Yr+LAoMEQCUZ14HZ0B1UygTZHdXihSOB8=","EvC2bnyAtsEiw8c1fELI6vy47WFrwAxWmBO2a981o/A=","BXZA3aj0mi0wb8H2PfqBPczggqwY4wQ1gWRVQSmPu4c=","1AxpT4Do7dT6tRCtMrJIgEJ4YO/R139h5vFUQegmGoM=","xtX3szJip0CrWuXYtSFCAoG1hGG0arwmc9mtSR/mpTo=","LPazu5pHOtSr8OuXKE9p1PT7+QbomOulVI3bOI4xRlk=","/fq1Ufei7sM9hpre0V2pWeXCXRCAibf+OMtQdbznEt8=","9Di8jPQeGl0MehkIACHfn1lJoo16GIr0YDdW5yDh8tw=","8/NbE/mc/hBZ9uRFXGHOaxA/XIf/ou3Wsa6iuFy5KiM=","aBQTs00huttE2LFT2MfRROYblUn11U69MrqnfGj652o=","GefRK3cKzQUd34U6g6PxsxiJ2iusvCIK2Wosahfau5g=","8UItiFN/6F88rnBtScHgCEGJfnNPexhAzw9DTddEVA8=","KGKLtF2JOM4Ratu9tCbFRp4NwtST/Za2qOmu3r6y4x0=","qK1BvaFuKy3rxgybewnf4Gb1BpjCTA+3daZjFF2fzoE=","lNdAaAoELZg96hzOjbuEDZ8ht/CsdWikhpNggUpXSic=","1LGNCyB6kp/VOWSxXOJa/RthAGHHJx2RMlyJB1zR+m8=","YZLS6j6/78IW+eApt1ybcqgaGyHC3dAFOVXPdZEpFDg=","mDsP/0CJ33LWPv3a6EeaBAbKSmbaal3DBfM5VnWQh1s=","F1JPS8OXAPUn+ujFtXInYPMKVTuttkhbQ+a9FAIZTks=","94LgigJDwsm4FsbEB0QwHblNzVB6wLR9+mr6PBupTCs=","PX3WJwIwfFl+Re7IiRUu6G03OqwdLkoUGmfysmYAK78=","5HyjDoMSAvoSI/t3gUhoZoEco4cDaTcf+4rNFnBaGm4=","//zX53emEgHZ6eLSdtmZHy0qZIA0JKJ/TMPCdTk/ro4=","bMSoXzL4gKFfnviV7JONkIxZTTrGnUzOs/QM5hMsH1Q=","/a7Hm3WfgvN7KmNwdhO7CZb8HbDCaJDInQ+wWK/eGeM=","TyRbgcB6ak/a01oglba4QGrkuN+tjcPxdJqjLdXORz8=","QcIS5UnfL1Bbf2yU55kljWdtNlA3slQhKTx0O6/4RBw=","ORB5Cj7D5yEK/CkzHX3zDPlwssVlgj0gjEvp1yU0bnc=","+U4rdJlwf7hKbBIPhyf8R22SA8sp5fdrMj/eqgCax0M=","db4ia0o+3kWOIq2pq0YoUJpU1d3LoepyZJgDUp1u8Ig=","epVvggKiQ74blh3TW37BcPXc2mLHfDrGE5w8M9WsnIw=","+F9mm4SYGXV/W45LGggmbeQWGzeTVSQBQB1uaV5jQP4=","8opG4yJpD1Ieke45sQmN9wHI43LpBLXapEjwGi+TISw=","1I6aSEQFXRBZgZ17WLO5fW5sSrPH/1G5zTll8JVJg/I=","7kHSxawOOcPbnX94D3kzEDiVFgRBBtjAvULdb5uF4fQ=","LdH0cvtaoJzQ9SprDtC1ur1zJcupbgFpEC3n2IVcbnk=","NkV8z2f177gNpbcVuW9NSqGhrKU7lqxVSFsJR2EYnog=","SCdT7/VBUbztoUdNt7aom1YaWIHny7JlrklpEqFxrGY=","snma7nwNAl0ju94QRLscyvPWsVk/DGo6PHDpiFq3yS4=","21PXJ3bGrP/O4c/Tq1mNeQ4yc7d9BvDe+QdjPB9CG0E=","xyPFRDMSXPHkA3sF2qtaIPMRovHO/MTWgKNAoHUpu/E=","nKvjDSmPNjJwvgY2OK9whUonKhZ1PND+zPYElDlrhyw=","1mBqLZS55BG+KrotScR4Cf36ExoLwrQCqL12Q2XNHgg=","bAFjIazul/WwDihUDU//wg3LjuVr6S0H0j3a513PPa0=","ZJxvP/Peq3fgGwyJCqzx4ipOY09OYuRRMLWpq1hH0ys=","eXcOTSIUwzmCcIqgVkd2qLszYFyQIfGSS9Z3aP3rcQ4=","4YR4JwFp4gra1OEkwDrN4L3oAK7QXMk6ucL8TZzSf2Q=","0QyVxO/hH9fHEvKJxRce0A4SlvdW/M3RTkTuI0GApXI=","lxjAzL38QoFDeww10+JGyZMTupbok+4djnrDmIRH/Bk=","QjALco5D6BN23tkC2C6vmmySBDy7tOUS/u35dnHd5+g=","C4nr34M/mqgrzuX7zelveDpeh9fQKNP40Ax4hZLvE0M=","+7pcJzLglMNpnUdy5kVteg4fdyX+1hMqLnth36giqV8=","SK9zex7gWwfOTxZzvaOvV8udQUXNMwx0QahY54+zliI=","rk3q4Rimhpf9TSM0Lc+PXzQwktrpE17hTcFZggZ/SoI=","O+Rse/+jRxO4AAo0fFWaYdXmcTL5BuG8aJMygoNDUz0=","CiX6kau5zuJsjuUBtW3VfmpOULM2karhni58w4PJf4U=","dGiI9bCR+s7HYaINHx+q5a9CeUVfXKan5YnnhzehO+E=","Ouq9q7LZ8dFbv6uMqiS4mCxKeVnOx3yj3Tzo32cqBmU=","7Lr4FBLxuyI6fPBQuOJmWBCeSBo2N9h0lexQ4Y6ZB2A=","S4aLZTfM20ToPxeVeJwyngx6AYWyePmRpbfVAt4yvIM=","Pe4JGDR4ClIlnxasYTH3Dgutn6C2diwzxEltFcIQYvg=","MCd3DWb0CgTT9fxG4yLuUU5Z/ResNdaw7eyOpHL1RWA=","Wx1EQw+uATCZTDqi1EwGy5OU/CDeK6A44k8jlDUrHCs=","6zzdYnvg5aEgqaf7dbcyibklE7asMlaRCEiGMcmR3HY=","8yooQSXY/Bb021K8Pozy00OBMVxIXSl/NQ9DgND2hH0=","XgkVA1EDy4D5P590CPPZfN/Gq8qQgwAaf6o9t5M6Xzs=","mucfW6beJLi5D0Jfu7oZpo7I+omj6qJffflgxaQSNTE=","zuqWsg7T3gA8Kmc2RhldP3MVF8DTykyFHNFxAciFWX4=","cG/vzkVRAAEbPeqc8550z8e6bajYs3QaKQaCReNmc1g=","Wi7mg3IK/3XY0h6CTsyp03wAHSpuZRPwtIJPdRGiMNc=","hTIxiIT1508vrXN/PdLAqsepeJ1i0/aI1KBKFGt986U=","ZtDZYxbPncd/8EoZ3/4YwLF/Mmxy/5ysNmsYLYy3cFo=","wQ2ul5nTqTVz7lRtCqXtc2dn7KoM76bSkUNcEPhEwOs=","0I2kjExGpd9HdSatTT2zLZwbZ3t6ncAZTHrbf9YRUXw=","Sm9rgzvaAGOSwlxU8vH8RSOKRzLBY1kBqs6j1oxnDIs=","ECsIiIBYyEXN9OUzaEO8suHQFmLBe17SrdW6vjOZOmo=","LV7H3VfqvxmZP7hHV0TAvv0L8B6HQlWaQqpJhL434Lk=","iJHxVEpZTp1KeKQXppvVXTmMm4lHRcTVBTxPrTRbG3g=","MQM1wsWFIg18AXNx3KqaZDao54FauyNrSiqER8d1fsE=","ZElys/AyokAH8mV1X+xbFjucDLNWdzD1RPHzRbJMxOo=","3JwiJxKJ5CA6aasM5XypI3aPFaTRm40Iyfuxkb+hWoc=","OU0GmwcJUOgdhYEApMYSfrHOz3E8okEite8e6plW03s=","SKzuFjC19tGVDfLU0SfZwI93Yq1C8+13Iu39LpvI1lY=","dubqZbNywa+AOYpFHgrc0h8H5VKh98PowUPlZZksO3M=","jXs/HD+L6PQORw/W1Lt1M1ynHBJZVMivLXPdfbpbric=","/4QRTItWHvYuz+eHe9Y2FuLDYiNYuOcbrQyztyAq6fo=","dDYquxcn6soKsiUtbGFicZX6ibwkhGC2cEnqSi9I7kE=","eDplHV3msryvUHdpAY61B57RXxQBVXLFXYFu3U9ICLg=","khN8GJANJPSg9WUFP8zlbF2dy6QGEU8d2kOEH+XpNA8=","HMiDHaKDyAAUFKdu8NtQwp3r7yafCYz5jpm9YBvHIYc=","juU81BlOA2QOfgKuOBZwo+BS+27O92qNaUu/RMdWs/0=","/CuPfkndxhq8wrZpEY3ocPv8L7r0lk2JCdPpAIE9ha4=","8MEGT7PR/c70F70WVRjUVG5FSDCX973sPtzJYF7BlnQ=","M6AwNz/f3jMo8UjZWfk1Igmr4Ju4qCge8gSZ6fQ0nnI=","HiQHAgiceCw5ZS0XYBRbbNQBBDNgDYPjQq/GfJ+hFTI=","zIPE3rDifceW3V9l5nMTOgS77MxnxHC9xUKJ2ZoKEMY=","i6SGA9P0rXK7dwAA5mutVuEcamDDctiX2liwftO6pJc=","RfiOO/gABFqvwEmv8+Id5699tEg41qTpZqSv6Qyf/3w=","1M3D3iXZ8DZhhBpajSi2m4qsOsCHQHhWXgmdn/orfes=","jebel/4N8R8SwJgZ+ndWE5WLCtur1sWxyDmTde4MyVw=","9lbjW41xczlKM4+1MZErS8jOQFZwXCdoWO0o+cWugyA=","PtZDZUm8rm0oXNi4/l5mrJRDE94iATEQ+tUB4WptySk=","g7O0jdq0ItKZccDZiWbQHaLYbuCrcfiHi51Wb4l2n6w=","nTcpKJGXK57j6CfgcKRcHPwIc1VUth62+kXAo62Iq4Q=","Ekj3w0ijyxLoGplqNYd7UZYipiISQ16JNhZ+N7CiCTQ=","o4ECZRJOSYpGSGCKT0RkzMsSYTggYzSt0rtFKOqGP1M=","EmzzOgNZCSLRxnUg86d04DZNCaZfyR3jNwAQqjKhIX0=","gOzfRrTilfCPCB0xkNf/Hi83P7HcGnHQPr26R4chsA0=","Hgn9snYnGr1lrcmVE8OUY2X4tUBkuSf4TXeWbWyeRyc=","bvhS+xtChzSh3wt9W0YQfJ1jw7yHyVr/e98URepXYNM=","JPzoVevoquMvGBwBq3IiO6mx2kd82xhaeWKhSZ5V3GI=","rQOdAg65gkJTPpz2ShHjAW9eCzfSj1Hx76iwfCrFegM=","xSPxj3/J1y6hR5Id7zf4akoXS7S62HuJnMktqsgdsF8=","EPR9s8lIWtcJXLdWpw1oGmrmqDUGIuGOEruI3A5NP9E=","f/vYe25lhJHvAcWH/21itD/Sq16s7KptuAucS8trvsU=","x7HykqwmPcqJ2RmWMKwQWwFXfByxy9lSXV0chMAelMI=","qvQllSL4pI01wpFdpqVvPss22AzCSluBlzBC1BoSx0Y=","1SEvf2ZAIjYZjOV/JVo1LqEAvRBQ0Am+A+CZ2rPA3xg=","uPBtj2CW0Xbt2nE7GgjNeJ3WNOrk/i229U4PnaW345w=","7nzJGQ1Qe7lPsg/5t3bjyEElmN4Yq2L5+6v5Edbp5WE=","HJwoQ5w/ljoQ1hPHyoa7NjFpIJx9JVwCiVEBctzTaW4=","Cn+w9/2eK9rWpVhoRbC2HUKbeNAwpyh92FmriMsL/+4=","13G7LgLvcxPoc9Nx8qBdOAdNqm4nvO2SfPS8ImfdKQ0=","vbRL4r3Fz8v76uzD8O+irvFttjw1wo5zd4vGoDFFY7s=","eBAHOJrwKFsIDwlbJZfwsoYaTHMZeyAKx+G40Dp8CBY=","GUWo0QHcZwYKMBpmyND33eiI8Ybn7j1B7HNGLQsxSt0=","+gshOhDl35MMZvyJUx6x9Hg3SOACFG2SSu2c/uQcpNM=","/e524CSwyqUb2x7PUvYFhOR9y1KxfOBtHUKnw5Hjxfg=","3bQcArWLbM10R2xCuri61rNBRKbBF2VNL/hzHuXoNIE=","5q6VihWrkyCpZy33Nv8sOTLfr2DW5w7FuPFfs3gCLVc=","ldzdN2wfIItVZv0a/yeeAmj1AxnWleaaXEQGNhOcYtw=","zEbDup2blBUXd0Z2XhSwP+GIS403K6lKzCBS6DBklLc=","gvUmDxJrvBnsHucgsJDIom9Wpsw4ZOoE/X7rAt0y6UQ=","Oz7KEO/MqT1Vz7n3N8JK5E44l3oLbdwlY2SB28bEUcU=","m2mBhe+EjRBxZ8cLwItAGQxoUXue3mmTA5zvyQNCZ+g=","IdrVUqpOJqrGqK/uxGBoyTN0CKFeERoERrEj1j6Htjg=","WsAKGt5AcDjyKXZy+u8jnx+nQXoGzvZkX2SbEgwD5X0=","lkmVC0nt22oBG/DdqChTd1uzav63b4XVBgpv5kzCM6Q=","z2ztAxA6tNClmfbLTzG1xmNb2/T4e01vmz1cYUE9sTo=","LuZAnHvek3PcT+O3l6NuJOVvnb3GVC8yWt5N+s3HLB8=","03zLkh+F6MhBGwKqI3eoqrp8UJzncSx9yJoNH1xaRz0=","9+mMLQO34tML4OO7fqABnVYtlr4ejJ2pa4XuVYsIsGQ=","6/6Fxb2cBc54U0SUX3Qq/qjfSNK9LoNHSu+iGNjX8k0=","afBpOJMCLJtme9JKOZkEWrp9ki34OWc0N9eAJPsxJr0=","IoakJMYS2VQwlz7iFyYwhRostGUC5t8Qq5layRXuJgg=","i+cS5hYTMYBVzwNZSU4QJEyD5wLYtkeR/54zX6lJ20g=","8xSc1Xl85RDMob51j6EF19coVDcw4AVb7pJ34N09pJk=","sU2g0XmjRRBTeze6ABIOyIz18JxWWBb8/QF+41xoYkE=","wEosg8UNT7sKPaKDbcgPSA+F7FWSS+3/ktiTfUFZyuk=","cZv/0Xh9wcAv+wXQ17QRy8RezzQiDA9qxx9eqdxceR0=","wOSRhZCU4V2cx4cEobSw7N5kPzewlPcgBmCcFtwTRdA=","KZjXHS6ERx+v0o1FaFj/35BmSwPcMJsxmBqOi+E9kXY=","KUsZHuAVGckWNEnVxd4sutB6G0c68oFUu2lic1vSi3g=","dEGbYActyBpJpDOIaL4D2VEl5d4TP33XdDjg2JIdVag=","dX522Jh1SvFusBHWC9O2xb7D+4MCYKpdIkUGeRiRmCs=","ImsVgYgC2tSuGCIU40fOqns1qwWm3yNbZ4FnJeYF9x0=","uzjxOUVmjOPIPPdpCMDdS85BjoASjVn5m5GLVh6lWdc=","SoUpUm7q24wFe5qvPE5pJAif2zdGkMbIGadumRWFFss=","Fq3BgFY4geVEH7WaBEr8ISKXi0bVR6589Z3loLZHRmQ=","V3IkIvuo/hyN1ygDghS+Vb95TC4GUuOQoG4rQOWv22c=","Le32NfE+bLZeihOy1vE18RPMngWFeGIZWPiqhwHYwe8=","AZr0wtD+rnRicrJeIhA/H0WInEpvy7/dY2JFHfGJ2M8=","W6cBl4lfx5bxU5JvuevqogaZ3TCOU68n8H6oh6Pvrco=","mmqWlhsYYXEaPVdzLaoyWwDxRNZtooTPz+gFBj/CFNE=","CABJLkBDZtpmw7L9Ts3K+NRlEO+aGsX+oUc8FDusO6Q=","9aE8QPL0fOE1gnW41NFnBy9JYqXTZfXZ1AI29oM8NjM=","QA+al3bnJOrnx6XNBXcuCi3qluCjW/tZidtf+9av5zI=","0QbeYIEtwffPrR+VqZsTDn/bec3Fn5AILf9tvUcEoOc=","WzOQKaufMrOYlb+LQXIPcruy1+uPQroGQxmRFq+E3f4=","GtGZiWEr0MG9PrlD0DdG8NP8cuhJugoiirB127+katE=","87S69lC/KOLaXtB+LQTWkO7w+3ZAEU80klxD0C6ZR3s=","/lJpZ/JELE5Wa9YiiZrTxlZ0YwEbQNq0gkfAZjkYIMk=","cjNcOekDdLuJ/QsVG+i+8avj6VHL88WnNzAXQ6gUddA=","jqVS/lBrJ1Ztq9WViWEyZQgg+q+TWNO2vCnIA7j8lkY=","J/AinsVvxfotJWQ6xn9b7KWgZaYsCH17fpIhj2U5I6I=","uTubpvFFlLthNQHtdQv6LnP/nnvVQhnC2FJevJS7Mkc=","oDrroKlKNuXKJ6Z3gL/jdW+3zL28ZGbGikma0sQMSXc=","xXTsPGJHWV395/TXpti8UvlfMTX/qVyDD2a0gZJIk7U=","tc33UX9Ph0J8rHF7s/QvIOUtZu/yow7Oenu5HjfKnd4=","GeJS3HzxZWfchGqeWIcHPND++1Q+ANglenm7kFVJ+aA=","jJU8ASwxOypQCTJUKjAlBgfuZGvUb7ya1/O5Pnw7Gik=","HSTUaiZ61lkThV4FzCU0YMyVyObbA4ZpcMXj/O2aJHc=","gBcyJtCuRgAk0461ELWY/7FSqeNBCFV0qXtYtioZoh8=","0d/DN9EspP9ldjbOmIE6QkN/f9sRmSJTpabu7OGmmzw=","UnSBt7b0Y0NAswnzjLv1AwwTndGTa2rA3JYMywC3jXI=","I+SkkWYGTK80uwqDuDulXzHwv1KSJHJu3ZUInwrZrws=","K/q5Gfgh1eReAGwSQoPrppfP27d8Yg9VNmPKWZnHmeg=","OudQLnQqWDlWzFkiouDblEt02251vDNQrCyeCOOupSI=","Sr7lY0Dp5jxuUZQLlnTBmkKItCnpnzzgweCHkIjwnGY=","cQofikBXHUUpO4v2FSQYKz8Jq7xswh4hiiL4Hh1Plyo=","qhl47xLsGZoIApOZ6PYvbFcLtnatbKavUnVz3QQLQTY=","bC1mLyjMJJfonjehfXMgnEET0JevUSThUkm+KSRiEHE=","4hamQhN3yeuPCVOgqXKq+rxxgV8nheJfK1zaBktMdjk=","b0R66Mndl1zDJyLg3Q0SoMZ5CBiXqU4DczwvTkTVXzc=","YCMMJ8Fqt2JTBMd4I1VXZM/8jRRZ4iT2T3NWJROLnIU=","wL+aCJR5BEQ7rz0/jVOJzreXYR3R7epsNBHxsq2qQbA=","GlB7eRNpBiXmP0Ll3fFr3HIKumAjKp54Bf3QuOfH3Xg=","urdJ9Bz9OBxyWYjNVj+pNQFaPrSoqu7MjnoH1OPKo7E=","gkHooCWqTkNc/IGTFWLPiB2BCdUlA4wfxhLgULNY3so=","saKc547zx9achGfod4LIuMa+kCOIq8sNdpHTXk1/1sI=","al1b4x+p3df44zahIYf9T6BDkMkpl/+sgNqCUcfKN8A=","qelleqlSdIZw1cs06oU/1SUHxLQVzY5Ju3NOxfeXsIA=","5Am4pgfa0Pe/8H+c22v4omg8+WBK5yyCyMfStjdj2g4=","CqVf+o9VyIm89LmKxl4TbKJ7/j/pWd/olIgjegOY4xk=","gfcUyw00hFhApxrcYE9hUBGOUqVT1nkZTEJqi/EVZZU=","H+AoRmny0/Q2b1OrfDnenWQaMnkuallRHGR171+VinM=","JQ1SYeuJ1KhxatYv7R0RaNp8EZ4ydn/cqyL9QBc1JRA=","lvhJ/V493uU6Zudu5T+s2yZyGAs/fCAQ7WxSrlt/Pk8=","arH+19KO4DHpI9It5RKj+Lzmk6qqNnjQKfvciAtMoJU=","mN6YM3vGhdMAeFKhUGF9WoKy/givt4GkG366aRA+spw=","Xs/1ttyK0wE2qPpr99ElgdL/jGKi8Kv6PcggPR/znlE=","SbRdLjhCb4TjVedzrFnjH9GU18NTTIyhgB8JoTD4h2k=","QFpcDpE2k8iXKxYSgacGLfJ2znJFFsjAL83+tts2/u4=","Y3aGKc+aJht8xtR2aGOTnhyF7uIHui2DG1uaGwh24Us=","eZO1Teba1foXzCCF7q5NznIc1a9E+yZdd7fcSayyNlA=","HpEMKjLxyyab5zVzEEjP8CxQXxAybjHABlCPVZzq76U=","z5vq1/EtAmsFDgT4oZGFpINkYPp+M3hYVLeQSJOd+D8=","FCcC172Zxpoo4gsZNS9wGI1mdAQ40M3ecXhtuhPy75k=","UYMWjgXVZA3LH/LbQxK5ayhCDtoCHUwrqidd6ocZ4a4=","/CVkzLBOhC+SX72cAFTY/1/F23GBgnPhKM/imnzQkN0=","Wj9JLAyU+OvIS339VV3+0b3puydXp6by8kOm6Pbe6Rw=","yqRyJruoAoAwbZ9WOhAZOJa9FaqAYkp8O/qkthal2HM=","TCE+oal/RDNy4J0GcRpoTxZ1EfH3m9l17CHauiNVtH0=","IsAGtoIukY6U+A2011NZKGh7W1zil0UrY7fyTogRagU=","hUIe0zxmH3Z8EKpwrv615o2ngQldsSzwiIG7PMWCjLM=","GV9RYOitRI3doXqRgoR5w+BjWY7U3EwkDr2b7pTACuo=","teKKHLFVG4aFOmtAOriufq5fJV6kvxaZYGekY9xJ2ko=","8p43E5ref51GHn0rHu6TZxueyFajAyvflmPoGNUJlY0=","3Pxf4T5X/Ze3D3XNgINN2g0Y4/BtcmswjEvgIILbtuA=","IcO+HaUNFYK+/UgUdAdErd+prq/xI0AyqMrRIEeWvLw=","0x6EbyxVvhJaKD+j0Gf0vwZRVT8E4I1iqkgmnavfPEw=","ChSlFd7WDc5ygBzguoJ6FYNaZ0mcpA+uOsdSF5EdBPc=","F1sXYMti/HRN+ONS9gxiZ133O9pYN9AAdratUSmLe2o=","sx+SHpcC+wpasIfgT0Ot1IqRVX4/4EQjslCrTOqG9zw=","ELA9PRdkYmxEp93IRbKBXqdH2q3TpOAu6aScFwlWt/I=","y3dcpL8N702Zg0I+i02lYiLuH6i0BAGCRIyyKOwGDok=","ZrW+2mNvAh+8EYGlEAf9NrGmLfZuecRkE9KoUcdCrQU=","SKZq+6R6ZQXrN02DBvLoiEuBujXUkXw1VTI89Q5SNoc=","MzCzJaQiKYJ/hICvbsuZXzB70lmIdojpaOCW1+4DutQ=","JJsFjFZ0M+o/1afVGZxU0qd0joNqiY9OpePgMM1Hg2k=","AqtlB0IZuWg8wuRABQUB34OnkHAWvGml6gAZD7iIXJc=","VTb7wyM8HvkWT5yTk+bpwwaDQoLEKyRkPRRBODEgIuo=","7c5Ok2trj8gWS0uxodEDMbI2D+Ogj/vGTuvkvq83sDM=","tCXo7h2B+Lgy6IsKpb8CH39G35p053Kg57OBdOlgIqc=","Cl2NCLoUquOoNNz2rEgyt8IMHV+FsI7hh8loq1dUz4k=","qNU7nIIsE02J6HCFKS13joKcHlGzviLTj5rvSFS6jl4=","jmfRM5YLF6oVqDMTJQPVGq43XKzpq+FNsUVPYKxAgdY=","ljFxc+DC+FOEkCh0MAE7gfVvP50t+ipI0hOHndy6gLM=","sxpzHZftc+lppWY0GeGHa1fJjcskIbbZr0LF3IpsH3k=","+1ojxx7BHNxhhcypzkdrZQ2KwpmJRmOjKaCzJa2Srqw=","wZeHA8FgiovcFQAZS8SgPg8RsZ0/R53PmyBJQEIEP9g=","yim7oyFb7o8ypzLFd1NUP0J4BGE5g+U8/aANI1HjBIw=","+h+IccYPxR2VBwFmtW89ImI781okbi2w0EhmOC11kYw=","UTPWxwirZLMXjdjsQ9p9uoH4EMrk2CBRzm0EUZs4JmU=","k+sbYN2KOJFpvJO8sFkQLmJTPfDJTHiqg+8AWpRkxbs=","TJ9zfIjMP4favM4H6014mnJSlVmnA9Nfu8I/cy0krac=","yVE6a9PNXjQL71j3I4HThrUywQLSGeyHI8hFeyN0H/s=","7Ofahs5uDJNiffeWXJzJBd+3cnkwHjMYaBIe+cDI/VM=","+Q1Rv2x5AQCsu/ZZpvuTgOp60ITeGod1EQcbhQwzWbc=","XWpe8LCYujInteErNKYqejTyMQ/2O9qJ68BT1huSgMw=","tgkTWOka+lNODqfzGAS2Rval5Tmn7/MeRAq3SfiUS7o=","jdc4n6yUsJo10hWCcDqQ6k5VGAeWTvHDeoVoy7tPypU=","9zfxTvEGAwlncbja8FYfzsktyNEiEw7OTQT8Fzs+Rnw=","z2DQo8VjKq1akJfdkYAcWhqFuckZyvjcKPkDfMr5zC4=","m0zE5X5mwk4+XIGJ4gXrSJqBqXJN1/Q/3qwh3/eebik=","woKNslvgrRbKGpFHNihw/W2KNeg1SZFa5mpFfbONHtQ=","+em0amMPFzCko+pEVrOCwccDc1KZN3xhuBNQOyd1I7Y=","mh4oAGzFUary6wZzXW8srd4bPkNE5DxVfwVbruiXSTA=","9GBT/gU0DdnVsRckJSvTiFodNqtL/UvbW1R4kdeXHLA=","dbVlPJi9m4qNKTZbikK7o4UgnwCeMc4xDOJIoSi2PWw=","67Yi97t9vN4mETRglR+6eVbGlM9sBrPLiDt+nYtpKWk=","2NHPZCjb5ETil5q3EgUBSPyOEhtOpi0MDjFFAhEo+r4=","MPAhO+V9e5V5+f3h/2ar10urlmDD1GZdXz6gxgqw+Yc=","aDsPLc87i1YNAKG3SpbR60HPsLO6h/WzlJoY/sQpluk=","3UG3wL4EpbpjzNrtzQsWrq6mlyYpTwEyBPSTDE8uDfc=","QvI47ewEZACOQcD5ZtGEyviMXX6TJgfR+ZUtjRYsIr8=","qPjb+yPMarwYPNmYiXYkC/UPulSqWcSTseGlvx97OTU=","+Bo8Qj84G0OO/UAaW9eNUggGM9xJq9nLRKeNM0RDTuQ=","EXCzjUpANKsdljm2CRvmoYLTs5RhQ6eszFyK3TQqujc=","MusxEUh6yefknfqGtnO3QMuPjZZdo3IgML+XBsbVuA8=","/s5a81tEVzckTPcnZTrMKE/5YdLLP11ApAqz7rR7RfA=","8VsQD0mb/3MAjlNbf24wu4dhTp3+QPUKo2vCcqeCJiY=","KEfMedYXYGBP7FFL26X1/vOVHOnRhPeYEBi0A3976/Y=","kYeH+QeFk18M2g7+Pr6fz17OQ2GtdGpw0iZljPjYFLQ=","quzy61dSR9jrDH5TSTgsNE7AMiX0KPMI062WX4suHfU=","c83UOhdwalW3GzQSzQqA50O7M4kXEshkujlYpP7oD9w=","A6InAw7AwygCVv+0Tg+bakirTZ34whfR90hx/DzeUx0=","6Q/Fv1IvYWMChxqEuTPXEE+2Di65XDZs90Z+VUg9qy8=","gFFR8U4Wy0ZTWAlvjq+LWnrjU7HTzCXAmf4CrtB58EI=","iABvr10RMxL583nZRm07NzhwkaizadEXZK7BBkxlQfU=","mZjU4joK4DnqJj1idhyRaDW6S6NpnX83z1AogZ3iusk=","zTr3Lk7FDD+ckvJb9ReDSX/1a2sdUGevIGCfmvmt/tY=","U5lOMVfkYoGjWQwBWwXAeCbBvX+RfOGOPBiH2IGmGpA=","bjb9Juq2EAR2Ta9jFNwC7grReO9IhXK+BUFxyo+5S9g=","3yEON5QiDCKxtQrXNrsbHmTafjTLSWdh8Q90fTljMG0=","lWLEK425+vr4ICHcBdsuUFmHnt0cdvsRtcs4vs83F9w=","/KKww+XfHRF/MMOhXqs0sKqc1KGJvhsD8PHDb/peRBs=","zZSGJQ8453vkV/Y8wv5MIwiwC8Rh0CA7mihjiB55WSg=","3sa8bCwBakdT38Zymyrg10C46V9fBAVTaLLcXXUaIbw=","EM5fYJOBbULqf709H2Xf5PTvRao1gOUWBgau/KtPnBI=","J3uzox3fBxpClZ2vqaaZtPoqYHE0QtyIXHhc4PtS1Gs=","QOMxkzV9gOspj9971XOXMctXE+IBKD+IVv0l4EJoWPI=","5ZXxvFgf5idtwxlCaydbxGJT/nRmBstW1A+DuRsNddY=","YFT4Z05LkotfobnwYsLXcwwlfmxkd/p6qNtu66jTNk0=","/F+rZ0iGo8ftFMjn8YBQ+KLH+g5N6q7RCM+DhBOXIHI=","cKZVctUzKhgtcNBC7H8Q6++Do7q41jpoxJb0S+IfMjw=","nE/oTCCqn3TwwEHxAAYbj49Gd1ysiJ9jeND3Low0cDs=","4j9bYE5Pj5jelwLVutu19CwvLwuRVPdtuZuls4kT+ZU=","foeaN4XMXG/kCrBVTVEKC/Dd3tstknIqW8geqBmTOGE=","mcHOat9TbcwgU8270IE061oUAPzKIr1lCSbpTgT+t4c=","J9DlasRuDlDr8W8GjpEW00AtkKxL4TQy+3ccOytVC7I=","U4G5jvuopWLTL7l8H2Om00Azt5insCO6IO41JoOsodA=","N/JJWuaCfp1vLQGBt8C26zGfLtVfrhNmdfbF2NJx8Pk=","oVIUpnFPDN6h0zi2HMpL6+JiTD5edOaHmfPzXmgVFlg=","EcrgtfRZU3XQc9puUxIgAHJLyKDxOapS0D0z/stGA1I=","DG2WzNquBvPBIQlXrsyNqvlmrkueHZ6h92wpX4Fz9j8=","LXttRpY1bEZXniHRQjOJmQOlxlKAbVURJkDFn5f454M=","KD3B72qJlbm1nBm2S0MyBwqoqQk548Q5QM3NxC5Zuio=","l8zFa6O9OIIb7FQn5QkCt9UJS0Fa/QSE8xMdeIktMkk=","/l0CJY1E/qvR86R0t3Cal1YLpgQ28RR2CKfzdiuVmn0=","2oXywfkndn2X1v4WrVIXltapD2yEUGc4H2QJGp8m6+8=","vZJRDqTQQT3fXFWYlNoIE7KdOcrCTAxE5wKCTJBBx0k=","DcNw0Pf0jqHWcpkj+md7Pl1+oJxEsvx4Mt/0eJisEI4=","nkPnetfbx5SZabRFxJnZJlcgpooT4TT6mgd5xn662B0=","knq6ZRnCaqzA9J9YY3vaQ1fqO1mDkrKv3iMJoILSZ5I=","8w844bTQ5DF8HPSomfc0dOdoUba3IMPHlzLLT9u3ynI=","6IeYl/iVaEi3c/ASYCUKywbakYlcHEYV3moh2LBYXnM=","Kp89T2Nu+Kgdj+99SFXolc/m3hlk30tmHeUgBIJOkBQ=","t4a5OwDcHI1xncibo4My02R3VC7O+W10mtmKHkPAcsU=","BDAmbyfeag5FVVDdaJ9Hmf/SbzVzvtdPSj5xoaFS9Ac=","U/phrChSoSnnBTlFS43IupqAhERKRVJHCuT6hI8dMRg=","Mu6D2s3fwnzsfjoAxmteFOdAWpc0etspNMdHKQFTVqc=","DEuSXW+C9AEdwVGxROOkRZV7msMBcieakmaq7bxMYm8=","hkDAocGt0UQZ5fVdnC1otPq/96AzKN5ExJmcmWL33Ls=","tDHWTUG8lbLRBt/Eu+uiqf0IDRyVwIzyRXyRUWfH5zM=","w2DwsBBude9xfgwUI0f8BAvutc2K0YivRdkRwNsmn2A=","m6LarsFVNEO77zui9nX/d+H8cYDe2gU9Qm+nnpm/CDA=","9lPBxT4BQlUv6D1dUqKJQJJ6v0w0xplFWhBKE1bkB64=","qUBDFvIHdXIgLbzzOPCF/KXAYno/gWoCygMWzJgMCZw=","/ob6t0DP2kAR4aNVixozNzqcaT49ayE/JGTKFqwEThw=","e8I+36Oy1JuLKOnbmNvCqzpCFJjqk7JnAz2msQyJCao=","KMetjlEjNgh/vMHS+I5vWv48rOzaMHeE7h0/FAxt2y8=","+dup7/MPgDqzk90n+gd32olCbnA6Ta9stnqr8Q3BhTg=","PDlHoGeh8eZLnyL39ZySqKOoJZCga0F10Zp1Gw2oUBY=","xXV1SFf4kmgLEnZB7pqA1wTNBcxdm7UWpfgR5gjYBZA=","iVKbPWfiMt6BNBUEPFXnhRcg0cmklOfnin7SCAPfVzc=","xXjS22wVfOH37ONgUNkFELF05aMmYIpdeWdhoSqRESI=","HaaAMQkPYRiE5l3wqFqp5gt7Tw0PkVLOLWONPrJUx38=","Z6XIfRFQkxRwPkKC03vDWu/bLxwU01WI3mbR7ufoPGY=","uU6T3DN5H5J4JqnHFsusNfQInuGNgNL7AKMCVVVXTR4=","7EIzKIXgdrGjQSE2OWV63KnULNpH/6uNVuyTg+ox2MU=","Ykuo+TMItFKfBDcu1Svw2kqIdOdGkF2IIhoUNbHtqro=","imskIWDRZP3DTez8kAWV4nvMhnJ0Vz6ZBeyiG++1Vvc=","igX2kLhq8Yzk3SlMvyHQ4VeUZKz6AF26C9UVf+hRI3g=","tnc34WCdIYDxM4YnWtqreA7f9Gs6i6mh3GoW40re7hM=","lTL4c2Mq6czm3O6bvlhl0v4vcOf2pfkEsYVAnWvJ5OU=","HeTXzTziscL6cRenU5j60XyrA/EjU9rvR289qGyy0xI=","Jm0sb6td/1jM3C0vFm6H3NzUh92bHgNRFdr/yfXskCM=","gf0d4zXo5MaVVuhb4Hjr0K8YdNWb6oRHCK3OR5SlrkA=","W2QHTrxg9hNbRv3vDB63V2j3wJiP8UkM2iSJQ5ztG4E=","HNl6Ibdj23V/jhUUVj7lcgiMqJEIZfAMvxk/0m8uii8=","ncJhq7iDlOz/kbubLLmBQWb2L2r2xDm6VoiDpaKquXY=","oaNpHy4rxRP6D9zDkeM0cTPOGlU11e9rD1AhJJvRYrY=","VUeIjdeSAhANLxi/25emBZJ+qg0cQ6/r1uZqf2rvLa4=","faQw8m3VbNIEA48S/FRo6t3E75eJWO91kzSY9xRov6M=","Yz5kkSQ6eST01L4Z0cD5gjoIXwCpbWjIFSmBF+dO5iI=","zF1mV86GVuPKw9JgO7SgOuuT6uLOkhZGD+he6HJnL4M=","5YipfAC/isD7qK8gdvAbcUfqfp0wmLne6HKinAKHwzw=","kvwkZeNywoeITi6zAQClnWqUPKyjOMhLnnjj5ysixvQ=","PwW/PZUNx7urM1pxtltfulG/3NyQEG+w+q4s3Lor/jY=","qmIZf6gBQXjyJzhr7OF5ePdlB1Aax96ZTuJRRzWw8rY=","nYmqYRc313QLbe4Eec1Jiq+1sauc1r11dPpDf7OrEqo=","BRJA9ItXRRb4HPZIo7ePicoIUACEepinx9GBeQY6Yog=","JuevJeDeDFuIAA6kVqWMFCP3Wy0QfAOn96q5RxPWr3I=","6ttliolQ2ny4KjpLgNZZefXuRrZZsgdZ1ku89+04Vlk=","r6serUqP7T7DQzPrp13CZgsRUtU7NwdvnYEd3bMBvBk=","8UFBF187cwB6z8io+KodkGyC0/Dz4rXEhHSRRxbtTr8=","j0vf3ZMmmhR/KAmmLGXig0BVcktRsiiuHWWU1P1jO/c=","VVLfMKv2K2lpnZX71Xc06i44bznjEKTdL2EAQEtkUOQ=","0aCcNlQ2x0GWTYibLP05ABophnIUWx67fCtMaOAxhUE=","nVSRU+9+UsugW6TgTSMNyvs/tWEPQyc7SD1UR03iAcA=","XC4KPPdQRFBWHXq5b8a7Yul+pPCtvJMZpGOa/y38Ykk=","JwlJk1Z5ROllsbPHc7b/Y1WEbJ3O2ofSutXaos6P2h4=","IFD93BKIaGclSV28bJTqu/OPLTx4LPZTybJtm0BOMdY=","tNOKcdQ7iqkeHU8iOJoFfW1/3p2Zu3fDdI7oRJYQfZs=","UHyS6a0fX3kjppb1y4iV3SQmme5e7j6uR4iZoW/b3Ac=","7IIy+ZbQcLHZXJVaO1QRx3kubsZjceGvEJGxPbH/0ZY=","aoiOr313Zl8cLBBKILrf4B44lWf9kHieb2cP7NnzKYM=","qxbKLXe+2pDFw4KeGQJrF7DwGbkMKGMJgik65QB2nKU=","9U2sGpKyX4KuHgG+OkH9nRUaE574qIIIMO/TQMqiwb4=","BZZ4j3ANJO7QUxh0dkcaXiFc8qznDmnjSLSb1+kE+kM=","g2fZZUd0AC7PqDRRql2PM6rZcog2UsoAHgGEzO6oMeg=","kY34GcptMEvD5hNJAwlJmlECWaA9MTtUIhAxVCCVKX4=","pweEMH9W0kEKPTBiMeAAGOJSfuOR7wjyJh/f1SLAOKY=","3yc2EggOrJbxjXeZ60WBOzj/sYHW5M9JXvgeLrTw/0Q=","xoViWoxmsw0ugpLTBEkEe9FKFIG49arBUTih/hAsp+8=","vVpyla3c+bcZlDelNxPvqoNAX6l3UwWhsH+Wd5POccg=","BGTueHyK2PN181Z1oNDcd6ZGkbFAhvhv9I8JCKAP17w=","od+k2TJarCFOMt6j5wdtMwTL0QpC8/CP7pktAmPhH00=","B54o1WXSWJ3fq69F9nHatofYKQl3a2Fgpk9CSiDw2w0=","pUf6YjTlTBnCsvqfvmATGtzcOXtWR7LWNqRZS+izTAU=","xvql2mZzLtOdAJeB05h9xAF1qq7Ol02fnFxR+TAKOFE=","KQgdTQ+8Lec5xHNF7agee171EMAB4qvGZsmYwsfBcXU=","8GN4U1bVlR8+lO8qMcAWlt6AjxpS+N3XFiSa7ZlJDxM=","XmKBDCerQ2lqxEg5F5WISuIpChBN/7OWM742PFAJ56k=","8N0L2sDBSoGOIiEAwIDm2BhfTgPaAqiK1dpiiyKQAPQ=","OSr8o96rbxDf0eKWFdQijpjT/25FtB+XbFMzIsC+BDY=","n7V0rpL4CF7KPgIhaDdYo9VXabOYff6q43wr1djMyus=","GzbpJAwtldX+bNY0MGuLy+C7dTLOviPA4kGfDT50ZwY=","kFQ2XIb0kV+pUHDleNa/SlTS1VN0Z+2E4URoU6dej5U=","LBMKA1+XebwqJinj3HoHMXv+ofWC2AlvEajQB2o0E1o=","10n2USfLZUimKpIGTQeX3i3tzoKMp+zkLTCScoLYvwM=","WgrpS/rdIzzquJUHzP02qrt2FtABzcnsdgzL2/KGZd4=","QMDvHrQ1qjelTCvLWwe5jYE13XWDdn4XDgvjl8jLV2k=","1wYphyMNjVUkWBzf0IR6kTp2tPdxazzohSdlBZTW1Ls=","HVZ9I6uo6nKVF52m0+yVNBlP8PYGD/c74nFn+mWyHEc=","q56tPtq8CdBvxjkVSOrQyoylDJQCfBYG71zc0I22uM0=","oKfiGXXGKkPJKvqgkfaeQYQAhKQzWdA+1klcnCwsk9I=","0CMP5YFegeN6uDyxEi5f1Cej8dM1U3ujNcCzgtEG4aU=","WImviPIIDMurXSEFFdypFi+C3DnW2xCY5lfEq5A4AtY=","kqhOQLrjVH+3v2pItcqM9+lLi49JPI5HoXbvGzE+T2Y=","flFavS9ho805Im0nJ1WkfiAENavoa0o5nQ8Pbb7rolE=","ZEPteni3U6NznYOMuplEYaMmSagvmQtTPZqaqNp9KSs=","Hprn0d6fIGivPXfUa1WB8FvqsqFgtHxbDUABR+5Pyvk=","+/p8Kk16a2KQE+nC+DBEEnyDvR7wqJ91ZWLarhlrYbY=","UHOc5KdUkm1UHTLhIz4FG+mVhTJZBiYmvF1avs5TRFo=","ekBXtPMKvUiy6ZS4IvQZs4qmgWUvCVodbzDze1sYXQM=","hRKwSqpwF171i8KGkfRZDKay9ieTMh9nc7q7l6IvTgs=","6qoPO8yBASG8WM8IO2EAuVynU+cUAe3CmG4zaa82usU=","a9DnULj+a8/NLX+qH5zOOIt0Op+EU+UPY9nWBKMjJbU=","V/TNYK0Jxv+FD71we/FO9g/JwN+dEZkyvg20erVNJKU=","uZzX+QFYpNxMwvp2R3MG3vzIDKYu9hnnF4Adakiu3xE=","7++lBufS5uBoJKsnbVxlJAv2ZwLPdA/nfWwSjdvi7+E=","NjtXz9uDhpbA2D2yeOiZbz/J/zTDdivWUyiknvrjAmw=","mzo6QJ3XYgFMQEggePkwsMo1ji63nJlzn8rI77IDp0w=","gLdP5aJElRZjM1BiqJaA6U5h85vc2O/QetJUpg6IWCA=","NmTmeAu51isj/CU3BhFznIOLVhoh8Z7Alq1KuX0O3sM=","ZA9TH7zJ48lpTzrZi3l+RTP3D6//YiIMtH6LCrbV2+k=","b4lcN1RJViqtwYQtWB5FliNQ4AyGSD/nqP7Ea5KVJOI=","Q5+FRpoWWe3YE+AEw3ftbeUxDhcDWVMdqyQiC+qnbak=","1HKDMt1U7Mox32phlex9XnQ2OiZ0iqyemd/MuvLebEU=","PdCHJdKfEER0OPazHDR9/UoRqjFQUOr/PtVnckBcFBk=","ekj308eP7yPOVjHMiWfC46pZASX9LKyl8SxX7mRp4l4=","VXAK1qHrrgD6SJJ8TlrDQrqDlMW4d7oULK/mFbjB2cg=","LVRkGJhXbSnEq3VwC7AvyEwuqCmZPafehkE64kEAGvU=","7Ygz3h/9rexVMXO3OSFclHGwr+GwPXqcZZ2rCu5e3t8=","1KHC3woyHhqXMTPSPHYOhHsZrXowwW8UOSV43lMxr6I=","4Hitjkd7eUNE3nVm90KS4nBxi8uskMsQEyJEb0Ovbe4=","t5ouo3aqAHMe74z/F8Dd/QtcaTJJn1cNUm5REexRBYA=","AN9y6Cx7NaNx49ZE1wNBgBriVY9pZu/vgkonFh+nCek=","f46Lmhn8GytMED/Aja50m3jv0tfTM0WP6uEDZU+44Pw=","fA/Oc9Fd6C5iG40Jm400hn8kNNYiwUIXIDdHfxZXEq8=","U8yONRGNLcag5msoNwvqeRxqmwAsl8fQSre/v8ZWt1U=","2JEOkfftr/hXulEQNYAfoijMWorbMRlFXtwjO8TEqP4=","V05l9M0BpWYilqW1GYZ4rDurXEYOTEC8QfuOZLx1qZg=","agHpD5aDxZnbu6pg6QXPAvUQXDshawMzAgkJZPiqQ0c=","+Jtwm8NoFey9racvOCUsRCfY3hS268PcUyP+KmBcX0A=","Jyq7d0g92kXnFKh1UMpr1R55pa/i4qTqqsfClqVkKbI=","dv1YQjC2EDNEyfgBwDLrhBbE6JO4crAMkkf6wEYfvBg=","1mY1pYKBeGXhtPG5mTnTOlzqjD8H3N80+wbfN5wnp+s=","9Jk7f2D7QF8wVGMLJloQK0ntVYZqVWSR25TybJs9TTc=","7QeETkaISShHGgP4L3DxQ3aK8ZSnOY9SsOpJwIqyTQs=","cAb639UrigpUNwNiWzUcqn4yDnm1k4SaKaKcQzpCP6k=","BhpdwFDYGWvFMZ2yHBEDXyKGkRE5C3x39ouWwb0QbaE=","I8lj+s9QSbj4Ff3e4Jnrd5e5hR1FrbDlTGz7cKWdjrI=","iGq8Or9nvJY7driXwiCX8giL4Md5/kYHMyijJkClCZI=","Gsopp/LmWO2pkZLmAfIUofz+g/XZAVW3MG3RpmjUpYI=","ZoxSww5OmbX4rDZlxiOput4t7a1UpZ+HYZmNr3KguZ0=","geX18z4jLDonh56SOWzcN6V+ICe4j3GWMQyB78NBxR8=","6o7e0PGnpnDEECjtgVkUHpiWC2a3rnKRd+Dar2Uq4HI=","mCTlnEU9Xb/jo8GO4yjlXr/HbzV+QbfaWX9PuEdhSpQ=","cioZ1W3ZLPvV2h1qE6Gy19Sx4zfRJeoX5JQQvKWYdEY=","EwSb1KsOm+cCx2iMWG09PtRyiUTf722e5oWJgItgsI0=","wiWbd92QkqfN+V400j3KjKDN54ahfcE+QPYpJXArsbg=","RRoA5rf4vM0VgcFcY9cYHij6npKwXztEzpsFbVyE85w=","1wYCevs91rEh9T8bgjT+cUMEr2Zp/DwUI46P7a/zs8o=","d0kxAvoZ9+3u79TXacqpkTT45Mqxza0ohGRZ31Sxgag=","og7OmM1Tec7YPp6SQXm9DybdM7jRBZth9/kkagohf1g=","1IaHY7aMJts8MVDZRS4YL9ZNy3ulXH73C04y04fZBXU=","iTj3AKLDZrtua7Bkz1iar8iHVsfBbbSz2+rXxnzYXgg=","5Z0yu/Ths0YnkBQU02hsHF6WB8X4ZcHAV9U9I0tltXQ=","RuUSWjW76OE7KY4DlNialB1kruKQulig3Sg8TYepA3A=","1QkTK9op5rgdbXI/hO+QstWt3VEsTFgF5djvxacYi4k=","RGApfgvX/D7ikPzXYIWeUqEcHhwdDOKJKai5OQr8jt8=","KoEwNA6dfSHH1q+Io4PymubLcUGw3XvZ3cXus4oROKk=","DSieaeMupM2nMYQ5/lvn6l+Uf5D9voHjvanrMJG1o/8=","m4KHxjD4ekRuk3/rkmFmNeq5S3Q8xhZJrjrmii7KycU=","ULr2JsI+X0B+XhOycLji6QebyYxIZg5EQzvHwHkzDF4=","TS5BMa92lh+lLHrIeLEi7+/zXvdHkeBZM9nUqNbvsq8=","3CKz3gucwfEhUfeMhdI7LkGem6Ywt/ZVEcGJWNH16Z4=","ZA3yR/TC42yK3i6oqhzMJF7hvh/Egv0FO1eOAvY8aaM=","Sk4pizH/LVONfmSgRSvtty0QgGfQKXwJVyuV9L4Wxv0=","dpg8Xw9TQzKdjwn3Jjy5QZ1awqF0HYdw8IZHLgNeYfY=","UMxnQ74cr0kNkqTHqNCOKMgcLJ+vXATXXc/btOJmRJA=","zcX3e8Vn+LhOuXSdI/9V/XH/tFs2cYel4npjBo3o5/A=","TVtyWlor30B0AileLieTPFtEGOhU1HktDSo+pe4fn60=","3+bp8hMct++UMQ89MhObbtNyO4b4mKtMEUBcDx3H9Yw=","crQdzl0yk6YrggPPbjEyLKRcbz9o5X8i+tkNgoZJfjc=","etu5MNfTZu2mFMgHFeyAbfnKOEBPvtQAxuoWGsaXuaY=","GRbN944pAxIzrc+HbMqlFxvZgrq5wukrtEY3HkADs3I=","E8OscJ4a345u4xvoqvFc12+/A9Lvcn6zbh7MPcLpDro=","QjqKiYmbGrq6vOnLipaDcTiCE8JaP3UrZdLhJ4aOa1Q=","DrBrUyfEiHTgTIPe5f6LdpzkkCGkxqnmoDs1ODf+/2Q=","KIvBnSsIvoaUrwQfAnna80366iDlz6UUXswp9mTOIjo=","AQIuB/28RGlbLCfC01d2Q/rx3dbi1zi6OVlnu9rQGqs=","OE98IwsxJYta15HoMU3OcLaS34zxIvWsmQeGYSCR8fU=","d/TnHnG29Kp28kznv+rnZElbV1JLSAPP67KUyYZfH+Q=","4sOSK8gQ9dF+zPMilIAIRdE80WLfQoaRdCB/ZRYiBOs=","92ZWS3gG4TKZd8pelsb27+vFvbwWQgIEZUNWKtQbbos=","Z3deYFUMa6R0k4yR5+yzYTWgv6UlosPCHt0iOpYx6ks=","Zoh//xr9tYHg8NVwrRW+3OjnOeTq6WJ8sBfVGK/14uY=","19vAOZ5nd/9KV9rmJZwn2xATcN7Ng2hxC1ZNSo+7Fbo=","xZuIxN2f+4eDDdmchz3EFGw3Q0WRmsj2SxOtJNipYuc=","0bm+eSHmFosRPawq7agVKVXjZPO+rOt5gqz63ldhyEg=","qujreAuC8h8fRgcnS1ZM9DcsOOeG1VIhVK0nHNYVV8M=","2PQlwwUpb9OtriQgPNpDurdBiHE1i2yecL+rd5TiA1s=","Tgw/sIeuKTKM4kIAvlzfAed5kI596vvZ0ZXiVgGOW30=","P8IgSgLhYU5/eCOl75qDzF6M+FLVtvzx3Xq2t3uH1tI=","nnJOe6oytp7DPz6K64HIUR7EDc/+DNQyOXt8T8mokB4=","Gv194yC8GRSYjItiNJY6Li6Pod1JrofE4omF9PRLrWQ=","jsmAKU8JafXF2alhwzOqoEoaMh8zpaK5XLCUsUjj224=","zV5p9KaeN+PZH9e9myYps8vnm+tCT7t6q6khKVgwJmE=","ZpTRTKAXxIQieGntQjlqtZJhh95aXgrhWvFtaZLT+hg=","8NMqsSU8JFP9VxC5FlVTU07C+rmESqrUYsul3xiyGUs=","lBsb+2961UGwEr3Zq5Wk0Rm5PxeXTaosZbzu4cSajko=","L+1/3m0yUgqdfX1TXDKiYx4R3PFgbYCp8nyh/q33Aas=","pDMQAiNyXP+Q+V7PoIS9YOjJHHm6hIXl6+AfngWo4wM=","U1nSB3O/0fEz9kdQRZiFjzEi0mJYHPiw55xO+kpwYhI=","cA8oB6s4Nt155JATWE016qf9e9FM3pHk4lYEK17YsbE=","VSbIb9m6TrIAdQzSASDYUrSIOaSgEDgLQYNY+ocJngU=","9AVDDhFMQOhtlNa7qw0WsQaJRSXaYAy8kmt3TeQ1O0Y=","RXcOG41kO7FCfzpq+8uYFYMfRHOH9yis69TbbLANeBY=","b/OOKRg+szj744YhyBzrEebxRbD7Ux/2Pwz9WfLS6/g=","e5FFIWkqzE7pOQ5BmrPRqIzfxKUG63vJy0v7i4fQYEY=","33vcoiIjVVXWR7q6rm22nPt/zVDlGdE0JzSFQhPF/Jg=","E7hBkoANeuH0hCpKACw0wOziB082P/sn57MHK7mEXsU=","xujWM1VK1325awEH5BsK/btX4Tkud/Yy+RMGsUWQF78=","s1sjenzJRxo1OQ8hoOa1rBJrNDlP/JhqaVilETYogXE=","ca0G6XtYJNGXOiboyCWU1kgXg1L3JtfHKf17X5op6a8=","puAcBlQEbDqcTsjZ+15HaG9XgQYWM9nQHPO4MmmKPTU=","QOrv/nCGFn7xbHAslXGDwnMVNtR4GrMCcNdD/JWGCaE=","orHpSpWU1rH/Wcd77T+sT2Ge648pj2b9UmoxHVlaWEc=","F8tdPj3C2HTtHJeH1Sti5wbhuJpMysWzNRsdlMcOu+Q=","lWu3/q4Sxq3XMS+tJz2Edax4tMc5PPHSI/CeUgj8EGw=","fjDeJ1d1V07lDERr+xvQsX49L0wciUsCHjMQs0A63NU=","dROb9oO3ysC1JpuNqJMedSQCbGfX0hJidr+he5E7A6s=","BmqqpG/BvCSmcg++bqRcr/6cZucRVFMX3b6MgEFm6lU=","q+44MlTB7KPA86dsOFNPJthG8Rht5md35wsGSFffivU=","nAcxBc0dOKs/7Ih/PucKyE7ZxdXRrcBW2/p6XpLl9xY=","bj57hzJxXYDh5HsCJYEHY0vyJ6rGqO1NYFmfg0mVXBQ=","ymwvKo/WNfD5WYfaJyKs9xaHWj6QmGMWUBqTrqV5Xyg=","crgGAPvwJxb+ZvkdT8qJ9Jg3EfqBJT0vQo2Gz4NT7Xo=","sxrjuW6WBTmL2RngWOvvHEhlXrBbKAbPQneThOGGWHA=","Uvh+t+OxwAG3Q0KZEbXVMIyxrvuhbrFXuA5jgwayMP8=","1Dg1Qd9eKvdPG+jSzIzA72qLrZb02kbqQ9gBfu5iaN8=","0vFGAG5627FnD9y96MfG7SBFAa4jRPknkQjuEyznoG8="],"block_size":4096,"path":"youtube/contentscript.js"},{"block_hashes":["QSl8tib0fWdeuttPzLfCsoBXSBBBnGonANBPwlQfFmQ="],"block_size":4096,"path":"youtube/contentscript.js.LICENSE.txt"},{"block_hashes":["TlH31cbmG/AS6KB10pJGg/AZaAZtXTCtv82Ry36wUxw=","6+DKYjH+BiflrgrIBs0/3DG2kJeSqW0PVg22v/lWxHA=","b2rgeH6caY1Bz6OSVdDvSeG1UzAcqlqV0co+1qVwUig=","gIm+nFhMQyz2Cm3LKRB4zk+3fWd+kZDimD1N/3DDYvU=","RzJHZRlJWUOH3zIV8MBP5ZPtRO+aIMsVQYDfWX3dR/E=","fzCNd4/ua9ID2X0oO+hYEaNrehC3N5Fb0Fac9NNWvdo=","WUNb2fOoaz6mSCN/p600qcntJufEXaQ5QSZFLz8dsBA=","SgX099T//vDPGKuYgpCMg/rkWxYI6VwpmU8s9sl8844=","8dec0ZM/qhT5Vz8oCYfdgDBDCJjvC1potoJZZ/mVBeY=","i8OTyZn3yBXvYFOR1uHLj1g0LzTRIB0Cz2F9nmAEZ7M=","5JaFujzIe3nXuQ+P894KFYEZ9oRvAST/jiXIoXlVK9g=","UyAknKwlZwAxpE1j4zUXob+p/ENTYn7H02B3sR0AJAk=","hdLExYwx/XJyxYXYGXTK1qRSijAnTtuZBIdQTp6Da3o=","lwzRq+MnCvqi2HEwjKoFbpqqnTz1GwSOBRJtjau9NXk=","c+NNwMbpqItk1d02liHGqxlVYH23lD6Z74z9pCS6ikM=","ePMf7aHCgLsp1BsYU0luaJH6OgDIaf0OOyH1P0mMJWI=","IlT+S9neyiz6tz1cqZLOEwKrB6m9fqkFlcJOXHfQ2W0=","ALWljewjip1HyOXLiVDmZurBKVb254E6x+NRd9oB+5o=","oRRd5qZd/PFc5OsthnQO4OvJvFJWqcRfVEyS+sIAJg4=","ClR68zbUU8Y0QCoL639tjXjLW/CVQviwwusptT+I5zI=","txosWeXaIlg4o4Kk8heFHpL0uUgZYtQcRlVkFjsectE=","rE3N7pJdIebmTRpuviFvnWO7dOH+J/jDnJvYYBJGCZ8=","hgiUyF9p/VwKmn/zNLiA0fv/lObECDNaV4ltxb6kDF8=","Weft9V+jODcGmO74MPglRCAVomUUS3KR4wkEzD4l0co=","YxbSrdogsZTjgkH3VI0MsPJJ/5iKrHUfQO2Ptc77nig=","LoQwY9PlzoPBZx4VuejXd+EiEEuwbix/Zx2zESk8IJw=","Dy4p4CmBAx/1x2IK/W4825njE+7eoXSintVVciJDWeo=","8TH9iIqdNr6NQyZxchq++m3Wy9iiAmJC3RidKV96mBc=","jdNBFqvJ5NLRg//mtEPo60DC11tbbZaHUxnMBODDY2w=","vGFqR5UWcr73c2yrBpSBvgphNjPo+D90JfWLzaLTWPM=","MR5v4OkUQjC1k493MIZo9QN4sBuWuykxPn41ZF9T6gU=","N0MsJgi/g3HuXer/26umnPZ6euuFyAzATRGEY68WAEo=","1OvICLZwzA0htHD4MC6+5YBZCZGO75LmXzZ72v5Q8tc=","wtb0LOhZeCwGhzXkznyquxdLEOC+ryoZ4Jdhm0vQfO8=","x6tuu2R1xHBQhtGPMkQEuuEkfH8pIus4ZQuWSthPRco=","M91ATIo5vu0Y3ydweptutJBQPGnk4UMVxUNd9WWiZPk=","5mmo3Ha4uHZ8AXRD+0aRo4wMBKO2LOkezHW561zkeOk=","x/oNYeCYqfvLC0/PZI1xI/PCIoqN7MZXGncplapbyes=","QxaA80yLWeB/gKI5xV8pXakuRP34TKxmF025v7ZsIRM=","cNtO4i+lS7pnG+UzzruApDgCy3QLcoMe6SMyRptbz/4=","DOwrAnAMa/oqnYnS3srFmpvMYzOm56v8Kx9g0L4+niI=","Ny+uw5BVFlNO7Sy4quAXuDwzml9QqntDX92gmRuIKe0=","u1bhD3/I/GUyoMixATVDA22PUKjUIBa+etaJJuWfl9E=","3+0HI3kucd/xn8N4CYTqViyykD5dFxNtQR9Gx/6Zboc=","aqvfA5L8ta+Db4NDAwBEfsMqb9RMaVRPqZwUKkae548=","zVVACYjcvKSgj452c3PGIe0Zwn7VmkuQ9pMzB3m2zGI=","UDC99pQMd0WMrX2DVwibR3p3ekuoF1aogYKouV8GIi0=","zRrauPGUhnM4oMSKPnDP8zj7rsTOnP/AejtJTjTP4ZE=","4m1ZlavOwTXPKY68p9QsUFslWG0304osVm+L+VSL06g=","csFyd6aAKUJoggOzIGP9CCuOUCcKZ6xHkr4HbMqZKsI=","Xn+MvGl5LbfbETr5EnvvI4RatYl5ZI9IgTnHmy63i7A=","fUy2z8J62jLfDzKxa2Tfd/jwFD4iGU0QweF1JnOPU38=","qMwzrJk5lDGUG51pLtoObyLitQpxDjRvacWWkEm1vXo=","X968QAvVO86VUjsCm3A/TwJFOQohfVNMBqoKlRYQRew=","9ctzQX5YV05v49KA2qT8L0S8LBtiLFCcFC6YxQzGpes=","204uhmT/APtCU0WqtOYMPAIrNWheUhGQe5+YmqC1guM=","gxZNFIVF7pKzAtuyq+gTm6nsLTdswiL+9doCqs0/n+8=","adZ8K/bLhaT7dT9ZmD86Qu49R3x5F3cizH4PxB7pnZg=","GbE9iGbjYQOS3L+2sHntvVIhh/dFrDSQ3KRGiTtbJec=","Wmq/x2N5eEwIOG59s7FR61TSzU/uKYDtwSSOenkWN3Y=","jP1z4leP+0qBSeRToyZ+UHTYV1COxADx0UQU0vNpP2M=","XOve+7YOsI+n8xUEJ6yI2zCWWKfcwZLQd+uauPDQFkw=","1x2U/Npamg5+IwGRbgIABTp9xuvJTBptSfiNZuSpUzQ=","KDFzb11SUYYzl9as6NAh15XTD4hNrlqzghK+a2bwxu8=","ORoLIxdszWUKGVc3LG6WrEJPp0/i5VlYdrg45WUUQwQ=","9cvYkeh9UBA1KOS/EpHctpcN5r3HXlQgLZyqTdUZ8JI=","kuMUQfCZ7Fu3dKBDjU7FtN2WbVpsQdwccXj3C8dq3EE=","zuUxWIdDvQDNYfGK/Vds2YgAK/M/m0Caqeu82Add2CI=","7kuj+rekY1UokfWU4FPG/nKqUxCGqVHzn6H1dd6OgkQ=","ozKrSS2/b382CqkpS0s64orKxnpL0CmWsXpuPFIC7tI=","1SGZOH3CkrVmkBiLo9gza2ndkBdSHc4KSRfw76LvHLA=","qJv4YVq/JC3IlCFAdykDLyLlamuvVfhHPwgygFN0FDs=","DyhaMYWvlR/3eQWsVZ7LCljRxn2QDYjxmHQrxaMQAdU=","lvIs78z+o4x2dj6uNtoUPtCrWnHLCZQJS2XfpcBHP2I=","ooCOOCnLDBp+z/+lmHCAAh+uf7fTwZmFDJveHS4qG1g=","qtKsY224/wSnDJqGyEVkfoVYol9BU4BsvVKLitUBtWs=","6vawyX2RoBITHp596K6IDDZytwIJbxpgBAy/JQNZqGI=","2Islap6NTAjENcFAcYH76zV5lgvKCe84Q6P8CJMiAJ0=","BfCt7XTAP0UGdn7g8hrsstMW67zIBsPmR6m6jzSdvNU=","QRKynVXe4D6mxRET41GFffyuzFDBdFwgthOhiTOSiJU=","yP3Ii/DelrG4VS2U+sdMrTzwvRbi8LAZQiybMaKj8eE=","jzGlCc7P8TCaaeWYOl6kXoJuX9nyMWcV3KPPa9Kf1o4=","HOviXBkbdYFM1zp+GCvh1zaobFBIV+obbdC301PmyKI=","ETcq5ritWiqcweSfYJZqiGsPqWyZwEadYnC8k+FMPho=","Cg+FmsovXbTzTcSVixXEYoGFKTWzps+EMenIDNTuyPY=","goImTl6W3l85r0/KJAunXjoM0Rq0P4uPIEKv6Ujcs50=","SfuOGFFLIq9fro4q1m4f7vGvVBWOxVi28uaJv2JxClc=","PbO/OdLqYEFQUXZdNTW5sWotSpGBU1LNjFLU6XVkycI=","ZyLM8V60T8eyn7f2+ecSWTznvH6LfNS2RzCgHzRaHZk=","/t87hWxfJXLbD2mbDsZmxFSNL3XwUE+sjNuLYPdP90I=","Q7jczt42SPnHT0e2z/QakmQgmCYN7eBkL7mjrDeKolQ=","n1YtzfnvmKcnLa28kI/y7TDljDehGFOP6rJVe/cEB+w=","5V13M9DXev1Iw+pbvISCyIL5nwkPfq+fNuGOnWW+Ioc="],"block_size":4096,"path":"youtube/injected.js"},{"block_hashes":["HUOP3cZZ81P7PbergiFqVecfaqOvolOYSeaBkgN+pic="],"block_size":4096,"path":"youtube/injected.js.LICENSE.txt"},{"block_hashes":["AECdZ25oMEyrpvlti9OfUE7yev+7mwHiEAdAzyEgCVA="],"block_size":4096,"path":"youtube/settings-panel.css"},{"block_hashes":["5RIV2C8jSDuPqE2/MlXamLr5cyI/Af2YX9W0jwR2UGY="],"block_size":4096,"path":"youtube/shorts-settings-panel.css"},{"block_hashes":["WnqgQ/O00Ysyfco0oqypeEifVT1HRCN38QPTcqu2Emo=","5umLTh/DVqQrkwMUDKl4eSKImTsgGEhpVJG6zN+5jKk=","NPZmz3uRolM2eBjASBZjgzVlxZPBv1dfjAX+jq0CzlE=","sXTEu+oosAWYbrMGKMYUukc7VCKx7x9Fsshoh+2svBU=","u6OIAQ3OmRJrx8P6sGv6rI9eRczadLiFFK8GMfrXcCY=","wcegAk9uLtWry46P9VWfeip59612XRNL1ZE4zvHtk5w=","wXNmrZQK9vUjU/xrrpxGm1zF2Wc1tuASZsCiG18UTq4=","3XsgEpiZvKkWMIIEFIOqRrziF5ZzGne3wpQ6PAzByQU=","61BnO5RtUKCl6tXj7pST6egTMKFCeeHbylsxLZp3Y/0=","0h6ZwrsnDbcCVdyz/3u4vGs9eoYT87b1z0yL8NDm9RI=","V/VJtzwBza1ibkBhEWpRuebQQVczTL1KDS3o6KreYOQ="],"block_size":4096,"path":"youtube/styles.css"}],"version":2}