{"file_hashes":[{"block_hashes":["tY1wa8w5z9e28wA+mWo/AV/D4OdlK8Osqn1Fj3Nu9AE="],"block_size":4096,"path":"img/cursor.png"},{"block_hashes":["jautcaAPHvwCTAH/xnzi3tYjdprMy8aClPpBJ0GQWfw=","Akk5qYhB4CS1gdSqMKx/kO2isn7maAFtLIZYcQ7fjKk="],"block_size":4096,"path":"img/forkme.png"},{"block_hashes":["F5BvCrXB9kuKB4hD5UykEhhP0kEtZas/lEN8uy6gQuQ="],"block_size":4096,"path":"LICENSE"},{"block_hashes":["KJ/zK37UdkDUzxmzpvBQAYw/GKNcr4t9eaRrf7ZTOwY="],"block_size":4096,"path":"pages/background.js"},{"block_hashes":["S41XJQvgARvOLcrg0F7/CBz+8rsz4KRZLvEw3QtciVs=","ihJPaaJuGk/m15ABJI4ATarOVXq2/OcXuPKeDS+3cbk=","MjfJdlK7PXE1aeYWVkplYMylW4W23l2cWAtu+gAiQoo=","5xN8XAqr+eCg6owOUZNZR8xHjXeWUZfGscDHvhcxsVg="],"block_size":4096,"path":"pages/mac.html"},{"block_hashes":["dLgKpsN/OpCibU+s0WNab2KNSzB04R9Oof46vTkJFsk="],"block_size":4096,"path":"pages/mac.js"},{"block_hashes":["etyhyJl2uISUU9yOeS04+4rY01yy8P0MbgKrXKcfDIU=","NN1IRhaUX9FOM+xSdS42tSf5K6z6sD+GnXwBMGNzuJ8=","z4KjM4DUipvXgk8tesJfcxrPv1gwqEPqWS0MqLGnHTo=","LGa+DO6RDc1C7AsKhkIayqt1oxaw555frNHDCv3y08o=","LnyBD8/pp0aej+vDgHPQbJnOcNdSWy+9t8eH2inXkvY=","Q+6Iv94ws9k8Qw9mSZFc6FCTwE+kiLIpzC2jxE4/uD4="],"block_size":4096,"path":"pages/options.html"},{"block_hashes":["1Mtw9QFDcJeBWpBHAk6EInoWsyK7G8NYYQzdz4eXqY8=","eEFA9nLeXQPJ5C2eCqN/+4tfUT158TyZM7jqdts8pgw="],"block_size":4096,"path":"pages/options.js"},{"block_hashes":["YUC0d5OWohyfNXp87vw/f1BPfZJdjRjiwJPY9D9JTIg="],"block_size":4096,"path":"promo/mac_promo.js"},{"block_hashes":["94QPBkhs7/Ct2VwrsvhOREtytSDbXjlASb1qnPPXjxo="],"block_size":4096,"path":"promo/mac_promo_bg.js"},{"block_hashes":["dFOdO85sP9Kg1zRPNyaL06Dy+SJV2m7wwXMO7zW/UgU="],"block_size":4096,"path":"promo/sscr_detect.js"},{"block_hashes":["9VIGfBJhW++K3QsbFFEoPtsQLJHwlK68WC3lFJfbFYc="],"block_size":4096,"path":"promo/win_promo_bg.js"},{"block_hashes":["0CBc/3N7uZOzAgZmL4ZbMhaQXgaOKOh/KY3tu9XjVPY="],"block_size":4096,"path":"README"},{"block_hashes":["QFQQ+xGDpwMtB68pbPCDWdrQ1yWjlrxXg4Fu6LPzibg=","ByKFXR7Gsm5VLDQoaYpAHvkugcaKMXm9xILf5I1RMtg="],"block_size":4096,"path":"src/middlemouse.js"},{"block_hashes":["K7/fd8HlDpWZ54DJmwlTYHeX0cF59yVWZ6EoySF8l64=","HeCDkUoHmKMKzPH12aXveegjupzklfOHLe0RnC1BGPs=","2GxqXtwF83HYU5fj+5ojnva1nC45xtFFiyPrY4uhBr4=","Y/5waFSyr7NJMIF8ye5WCJg3/oFcUFjpeEdp6qpd3CU=","28NHYLwSfJjhWevOanUSA7Z3SyHWMKT/yk7a8k4vl6U=","QCdIIsrCD3ubCfzlhgxlXYx1JiEkSbU7j6nHxSKxWew="],"block_size":4096,"path":"src/sscr.js"}],"version":2}