{"file_hashes":[{"block_hashes":["CuzalTDwifdHkIKGuptV0rs5S1CFPvF0RvDDtW7v6ho="],"block_size":4096,"path":"background.html"},{"block_hashes":["lppxicaVpQk+bcclPCUMJZMe/XYazQn5FFZ74QrIlLI=","10+J/RvAlEwLPQ+qLrHRr71NeZLbKgn15ztAk0VoZ14=","eqZsbrHPH91RXSuyptvjGpotVuFBWSOpInP44MaNQZI=","BlBS/qC7WHnirZhsaWLrM/BKvYt2W7gmqgNvGXqkJ7k=","qt2jvTCLCrxZKFw83kCaXE2zyD536qWoHkltEkRDOvo=","lxIAW3NhSNQkdrJ17VkPsckOmtJ+It5oqU7P81bzYcw=","gjTHy8tPAP3T9w61bptV1aflD22BzsEr30OhNgpnJJs=","DMzTTEuEQaRO0RepK5ttG2wCBq+78N2vY97yOxPuOU4=","69fzrqWm7uHRJm4+GMIpMJEQoJUrJiSgbvyjONCpbGY="],"block_size":4096,"path":"background.js"},{"block_hashes":["IY3rWLo6XqzISor3mY/esqLkTj79mns6W/KWfG02BUg=","l7wryBDyh8QBUdTxtpxQt00g82b1QXeX7U0iww/bY5I=","ULiUe8abRbP/lA2rEz8WQqcrdQEkuBTQzkDZyYmWq8Y=","OlWnpFP4lLTvcoE7SSlO3Dv2XzzPVgZE7qDUZkLuXok=","1U3zpk4pVfV+V3MO4Jb/IOR6QPHWUJPwYAdEoxBdftQ=","6BjVHqN8GXfcthUwgnSLR6UzUqop3+fLFts9DsVMtOE=","JfEtgkUQZULtcPSLj6lOjZ9BBX0KwzODBkEWkuEf698=","Hyu0JwjienMMMhmRKSy/nfzHtD65uAbjme2IynJxmIA=","se4EeEuqOsEZQ1SLz/plZ9p9pMApBGkjZP6L96j/Llw=","zaZn97FBOL6EXWDDQcTQ4rUbkUC898PmPOGDQ1w1a9g=","BrCcnZNfg+/dO8ukJ8hHiPfZ55zTv484Swy+VSb0w0w=","T2YwBeKJ1GTXSku/RFOp20aO6qc3ckmyKDL1J7fR2MI=","Cfnj3kIryGiLK4uR8GKH3mQOQpsic53327+ivaAhq+A=","W0B6Tq+j3mH/uBngq5SosmmymtfR5n2/RseBL1i9d8E=","xBIbPvb48leXf5SIckO/sNNxpk8Fdg/C/s3WPNf6wx4=","qTqSujbAwTAPRE2FlB/IjDZyRaegD2gYzQ0xfUD8RPw=","wjRJAsHEc5GBpE93OZTfsUEXNSfppGnWnxAtNo+NCcA=","yjJhgQq11vTqPcGp/XdPPRLeLFKMQEC7nW3rtmnKULg=","I/FuE2H82YfiHM2YXfYiMMw918lKtFQFCqqfWZ6IyvI=","zBb5OVYDksh25ywSX8mycZUcpdLKeZ+x8T9LIra0QzA=","ZLBQfgXpZ2QMwfl26XMQUY5YO4Zvl6qm6PFu75PehHk=","EsxPL9ihzZ6BlK+MoeTdKJowgKgnkK/VdlfW48Iuo1k="],"block_size":4096,"path":"background.js.map"},{"block_hashes":["QlyGOnoEv31TvBhiwMbG2qiiLy6U01mrnCf5arSUdSo="],"block_size":4096,"path":"block.css"},{"block_hashes":["atPXY1nZy3Fe+gNyN02tLlTIl+fXRv/tqRU6uOjRdxA=","jOS9yzHf3UNydpLNpuQmHZUTMbkvlkCO790kXhKpwZc=","dONX2Ai6mi+2Qi5yjq5Zn77RFpn2FcGO5C7+hTDpA9g=","D7GHC4G+Kkoyji7ZgmAOx5eBkroA/uLRvKaIX8Bm7g0=","6ip7T7+6iQLOHqKlAuQP3RBrESzua9Idp6kbAG2APLw=","M0Y7ltcjwEBxXjpzWrbqreIf9qsZ0UYsREbrB4qriIA=","sVSVWHHcCfrjxIeL/pOnu8fWubnCA3lHNZjkT7J8gCc=","AkmqXpk5OdZ6uRW37GRSoVx1YkWkUd+bm7JDw+54c5U=","Be9PPxCprHZiBPSCHBOjPN+82aRfFZUm3JXgfD/6Rb8=","qo9TPSbeAUenChfAoMtG2PQUudAuOTxWmQTt0k+KI2w=","RUGtNkTUI5mQ9NZninilMJxCqvx0WP6dxbwYRZLYOiQ=","szQHoMbNHr+IiU22Bds/VGg58ULTcaxL9pcmM7ENoHI=","vUxJjF140VD2/cK3366xGya/ymVkIZ/pDTLBbMn0EGY=","6OKxXK7Ke+NrG7lnBfCkxwmW/VOvKzI5UE/bKuXSUxM=","1dEyWlTPom/vPH4GWcCgtDzIfs3+JxqZWu2s+mOQRvw=","LTJ1xzxdIJ09RlvOXvD9aanPeR0FDT1xWDMZlXYde9M=","IWD7Mpzac/TrFajZgHhOnCtO1zKzPc759pxra9qvFVw=","gWUWLk4j/RJipc97rA9uuD92nQIgv8ZVD1RsBf1cr3s=","e21S28DEA2HLOqs1IuBgR70Enrs/P0aptoL5kXVadw8=","6C6ymxfVCOrjPowDfW9/Ar3lk7WIxmtsUsPQe4OiLu8=","EYk35y30NC0ul9su5XkWWZFR03R+kYf4Gk6Sv3/YiH8=","l7zyulZ9b10JZTEIPB7WRxxZyPYsKaXOu1e2vlfaMlQ=","Ez5+K3cKYMsvRYG0NbxP5BCn1VoSB145BQLYF0YYFR4=","mTiwonn95f1G7H++s2b28nU+YQBVCo3IsJ1Vch38ZyI=","pi3WUKxO2Gty6jEisRYK9DVRuZJ0oJb+s5sMCkd6hM0=","B8fT4jN9+y13PX8yYloro1WqBbKyJEykzv78U4GI5Ig=","nE4jKN0d8qe3fjF5ntMyxLv47cWYxi7RpXRM4zBIPlE=","gJwe+cdpV29A6x5cYVrqzMqTNPp7mOTt1ovCw1Ybtiw=","KIhtfbbJeGSJWevMR76KUpjkUM7S+kpaQVfMJl0pxZc=","7Vz7qIO/+6t6xoFPtnM/cZ0suMhTb9ar8/7MQ2PJTYs=","K9WVR1N0Goy3Nd66KMu4jroAsbcBP71JvsdkzLU8zzw=","KVESIbrCmBImrAfIfRCbP2tmCVSHnlWRGk5NjQUFW/M=","FGG/GoJBsBNo54PR6mN9M/rkAJ3bYt8z4S85pgjuHdY=","1y1LcXfREPFKcZTgR3s/7GpQ530n+ZOpjFD0EF8zHF4=","3Mcn5NE2unJah6l+LJhJzk49kTqUZkwIg4jfXZrdYAM=","aEqMQv67TuFAxLAH2hpd6zIAalN9/tiiQdvurpCDMEo=","SFnjIqfBlcKnV+E5YDmSggMHttXUTUo/2OG2LzJkh4M=","i0h16GxbEoq2iNURlLl8PB38jKIG/3hrVTcp4ZbhUdI=","PxAcD5crliphlIZ4s0TPzswVfO3TnyOowVbHA3ttDHU=","b8vRZmdI4x9uveaFAqwiSAeSkcJ6Szzdxfe4p1wUblY=","1bbQ8O5MQir1u6M4xtTa3ycbY+wFmm3D3L869jdSJbc=","PjwPDHAWSP01ei4FzElHa8apRUX7w91pCPcph51mdLA=","YyewoafvXmijYxYQLGAOgP0bWvCJAni1sYR4CcPHSac=","KLJjydMVt2nD3NLPe88r3qeDJa/eABFt7O/FAgoen70=","69oAccU7lmJdyNQGBdRWGJzV7AdVjKYagqlkW614nJQ=","6MSzjtN/G/9QclzuZ3br6p6nF8yu0NM260A/NBWiiT8=","98jlhxr/KdzLfiE0TJtex6LuB4wKbPYevT4xJPas1as=","+1dAiekBtpltZtKipil7DaFP6D10tFPbHTBELi21qs0=","Vqd72QaO7B38z3quQ49iyGfz4uWQya8H4IIziDexkkQ=","sA1sdYxTibF3Fj6QtkcgyARtOWUTMO5Sr6dD4ocYi+g=","xF+RMNYKSLwhLhkdi7LjZjDpxvFRRBMVPwUnbm90xxg=","RE4tF5Eia71ZW4X2OZaOpW+m7ni/qlfG3nSTWpnwGnc=","oJ0VT1DQnO+bax6z63qYPkhMUxb01afTXNan0Yr1phk=","iMaj140fh4feGH95Y0aYcgcO7RbwNccnOK4Xhvf86X4=","zq4vIi9YtThSgeVoKHabKIqnXhgJI/aUW3vJ9nnHEBs=","tiHqtUsI/E9fSUqvYYYqth6eHMqLO9U5hh7Ij5CgPWY=","WhfYGIA3SAeWaIIlNPSw1mgagrihtA7rRDRX6EJ9Uv4=","CVBYE7cpqA0vfrx/wZdZkFnXMSwh2LvY8wqOy/OV77g=","22ZFshdSj9d0gnr1rMXjZNJPdEH7OTpGnItNcL8l8F0=","noZpEJMWXQy2j1tfeCAc6ERWHG1aGxm9RgyfZDdPxNY=","Qy8tiEEKQenQfCk8f5v+z5HtRuGrBkq7Fe30TQsr/JM=","D3sQahQv/4afolMVgmoLNrqXuDeZ2/gqdThdWuvlRrI=","dGFNj4xHvMDNj63SlQVJdubK2Z1mQK0UhjS9GpPo/kc=","HRBhXWbCmL9GwmnO0O499VCazELrItE9nYxR88Q/gtY=","zYcdLcpIju7MTFZ21CB5dRGdOTMay7Ag5SL84allKIc=","Q4cgD5xlqYN64XFZmtroG6oQhVph8upCtYhecaKIvdg=","tPelZi4lObBHf9wtR5WiM+hPsIDChAJY9FEv7pMneH0=","6dsrmRFG39FzwFLUBtnHvUuk3V8krmLhlzoTWf8WZnc=","oOFyONpQ3CrN+pDHnvC8aACesqmS4gVlLu+kcgWszYM=","RsKGPcdggvMMjq0yZjP/wnY5wAfG0nBHlS7yJHVFaP8=","D0QIqz27UABZBPsA6uXjbZLUJkiZFuc8rgWQizqUwHM=","LbYK4BLvf5Oiwsl5gyoGE9i5+enB8kc/eFMVUOia4pk=","TS6Gdp6Cn0IjCmTdjDLxtaaZdfJyTjk9pX2bm2YHfFg=","YLhpwlrOHOtH9jURLbFwz6zttYW0Dft+Ip/kjBhlswo=","CqGJ2vX6/lzranmhabQVKL8+O9RCsF3WzfwUtSKlPkI=","5K5Rl4GzEyaV/+TRgueoXM2RGTH9a9skS3C77ir2+As=","SUB9UPcUKrXG51gMF5FvcdXBRL5OpKxH3DcVHv6Chgs=","P8YaNiInb9gPFV7x7ACCtL4J+DMQ07GsisxVHYdKhKo=","LBFaXiLHSdVa/h3DXagmOFNa7Ytnsn2sEOEFYieYeyk=","Dk5YDA60TWil8V3QHf7qOxHK9y1qF83OZw37YWrhFYc=","C98Vr6JPrBTb5xxgqIZhz/EA7oLi5bbVpABwOq5l83c=","pJJJCt/Hryzv0cui9BDEVPd7rFsFNkd9pxtrgB0k/uQ=","G5fgL/9CIeGYYCipkcbN6xEWP/pjBAluPx3f3v0BtfY=","pYUf5qfsnM4kP32E5LXUwU3GIdHCMI8uRAoedaYfXbs=","WtOoKuU23R8HlgoBxbv1qeb8VilA6yJwXTr1k6VJ84o=","Emi0KY8ozjqQ+XPs3S6xJprD3sUK1j3CNiptdUUxjmM=","F9MMWRVbEqxh4miT4xWoWlx2XaPOhZdrwlJ5K4mztx0=","yuKGpyzWGbKdP90oJ49do5mQ72Nhc+9aKfUQ6rSRg+8=","mXPq7LyQGTJOG9P5qu+r4cP7r7RiuE/TtydRmXUfWT4=","wTCVMTGzbF9zI6LS9Dbg6Z8FDPfFeESgAiGGWJiwu6Q=","HxGjVMX197hGEbLvqEVnMd2XLO7fGP8U5QCNK1RkAxA=","vTqWbRbecBtkueaOauaaOXOsK3+i/DbrRCMAdKlloq0=","J2rBOUTKXohsbnIoKQxgMmOiI5PMTVXBpOkWYlVMKxo=","m80G760cO6L584CwquvZDaVO2WOaMwbfFsRzXoEA+Jc=","v2wEkYVWlZQ+hmclnayBPBT2QH+dG+UZ1Swims9xihg=","R73iMLs6uTf5DNfJfrDeo49gV+l44g8qz4SZrGq5dgQ=","db2tpMdeJnaGznCZk9ZJAZB2daz1Hp5U+ObvQ9PBiIk=","9gMcJecLne/MEJKL6yfw+W7MzxYdDhlcK/I+7ExbJAI=","cSqtTYSTqmgFuSGx6l0LApCKPm2vvsEu+0Ht/aAv5To=","UNNLiDUNT+3HE0jw2Dndat1z9kiVhKyrzQjv43PDvyM=","y4Ok0nraAkr+jodCcRLr1hXfnhNnz1wPKqDNznQAy6Y=","Y8W+S7Xz3g078Mn6k3o1+nAdTtcLYEjf0fragjAMJDc=","vNhPe3Nao1lMbUHn6fS0LCSc0vOlfGFpxnFcsQ27OMw=","qKMG/8DFI/CBZNwcMMQvz8TLE42bIxkmPsO8lwGBg4E=","3sNZ99a5tAaCwT7vaqvvhoMejN4JeWdI1GP1bs/wjcM=","PXSqFAF8BPPYx7bOaUdseW1sir4GQUc2MFMB8Q9h64Y=","Ty1QGN+SC5XWqB14ux78AoDApHt89TDqcJU24BJn98M=","i6vrD1bGGKzojo9PlOqf3uzLDI2rNAryFrFfTqeOqNM=","+9RP9+Q2T43ALfO2fz/2v117Gh2ZXFvWKSBq3Zv0Trg=","IhPi0DMSROVbLm2oEoGpzukBFlD8hTKu9SeU1wJsEj4=","WBwXTmQcgLTnLDQ0xhaDMcqpd/6RbEDN1PKqgTd2CDk=","5D7XYXElTR/k6m3Oyvz36S9Cv9hspeRVyRAURNGiKBQ=","FPGkhS2yole7zKKDYpZvixdi+W7gIvvL6sPsg8hk1do=","uZFI6Sp0rC1Jv6D193Qmk3n64Djff8z0TFIndKhCGp0=","MSoK33lWjfq1vFCFMMHC93Cus3lm/dvz/hBtNdqeu94=","d6g49hfTdBgGEO7h2CR3ZxTDIfmOUoNBBLEZOpc2xsw=","zXPNMaoYdnzBv4RlZsSxkE7/owuUQCm4XF/YHa17WMQ=","oNfl12XsG+bTdEctxKF9sEZMZGcQnVWw3WKkOS8to2w=","us59xBBSkgioZ0WWTH4HaRX/ZImtlUrsGr+juiQ1FJA=","TTFPHsBYIl1YKRTQXkJfNRAPPpTEhl3TPjT8CYs57rs=","HacJ61xj28+/o1p3BLbq9glwQPcqNVWB6gA+ISabGYc=","ikViqaJkcAisJE93s7BoiEk4oqADgZoMz5QXu9sOs80=","YL0Tsb9R4IqaKFyVtH0vbFhUsYHLGVqyjQDsdPzeILE=","xTuyDau+JWx1CPKGY6IvaNB0ISCtZ+x/jM3vpnSKahs=","8PlHv3MkDcipVStvsy24Db/OvHN9NoWkmmHUB/05Dmo=","P/kv5lw5aRtv2pDiQE2TzHD7y0PXoHq7uVQPxwSsQ5A=","U+fz2UdQdMc8X49X2ER5HPG9cN+GRHQ9MXaKTuHzTN0=","6At43Lg0hIwyKVmkJu6ph9lRN3BgvAcba7yjgBSuw4k=","6YFk4afw0ZE0c/8kuI0+HWi4mu3oESyPHWp/IEBzYUI=","W4RjteNU/bkQO8HPLJkEJ05eQojf8wq4nFWMs4T9ULU=","yHikYymauXubIpev49sxyNNXWDg5VeXXqYYmQkaV7TY=","/DNwID792OqoCaXHc0O1t3Q23oXQlBFugpjBMQxESv0=","rnYlLI9TVIJMb9IX4iWK+j0TdHIrhuYCz47FbZK7M6Q=","WC6zto3bMdqqO5riTc+ZGnCfT3C/L3SLWimqSEcmZqk=","zx1ONFDhb1nY9V0Sw4FRRi3g7hB1Ygjbhl4S8W5WN+Y=","av2Mb0jUspaZ5pH1kapSKKA8Uk0xeudIhcTMLdDdE0E=","XZbOTQf8xYJQM7aCPttoIPdUAWt40CVfshbcmNfO9bY=","3FxxpGWbyRTnEl7GWzziS1TpONRdjf1yLYUX6pXAVGY=","raGhRtM/NjfTrfchFeAQt0MUBWzVI+eoK+ui6U6mckI=","poyZ/IUrrKUyPv5b2W2eD4uU2i0wuPNwhrdq1QXcTv8=","3Qw79HPY42FsCzRDq86JGeSjxwgvP/SxbJSwgvmJ4F0=","SKjrOClRxdsoZv4k8AP6xhmXYQUAUd4sZGK+mfwUL5U=","nDlE5DtQ01E0yz7eRwRsJK30ITWWZ3iAhZ5qVcrRNHU=","ZQ7SnIPfL2dWxJimLV2MeZglLEHI0MTvCz0m9HfVsmQ=","Nwfh36hFfhMmIEYmrpQsbO3ySbSC8aq9YZOUqlmTP6U=","Ebj03y1rnLwDXWuDydy87253mk9xHpjcc5e4Gk7fydo=","BpyvGOHewKtV1oLVJZ9SuwxOKZYrJLTgOE+yLBrS7OU=","Qr4hWL61+2dgav3SHzh7MpOuhBanrK789EXXAo4IIbo=","0sd9DqZTfFcHa2dQhM7ynkS8P+1LPTxRsK710Rj3oAY=","1LArE/m0Tb2RZG/mfud0XrmJRJG0aehBXoa2Jsan+Gg=","tSEM5s0Sf7uxUewpp/9Zv1iJ5L4fXieZ+zmaSS2DQSc=","ZeFjXdhAzr+TQUYyZ6x+JLl7Ky8O7iQlvMWd1WrrZTw=","5TS24kIJz/5Xkpu0NqeIlGhJy0e8+XzPvtKD7++OEkM=","oFyxcHNlZL1CqT6ldrp2FTeYuBdsW9pB1jIst9zeaRo=","CfXdCynZJBLzRC4g9PeTzgyGqDxGfFiqQ8R9q1BadKs=","/ZS4iTAkUMupJDuyYu/qI/ZNOYsOyYbCn2VG6Yf2HqM=","xKnCaVc33iYHLhIirUNzKTpRsDQZqtGzRvnIE09vGU8=","5IoM1Tz7cJDa+z7IMIWEVSfathbizUIPOOTGosVIJ1o=","ZLQU1q9oogrA1uQrVnRURn+WST9/Ycz2aCKJqDC5mDM=","cfAhJlKGonewudq/1BaZib8jxZHRo/fV/pphdH3Dobk=","Ysba1zTZkT6jqvBJKMeMIvRK3DJUSYPRTq9qQ2x9oIY=","PitPKBG0tE3VC78j6D0Nvxb3mzy7m+3tGXeNf+6R8rE=","dwaeo1WcMVYN91hVEnDIT2yyTGeYa8T9fCRJo5aRtnk=","nVi0ERdQvcLMrGHyxmxZV7KwRUGAljjxPqHvWHkjMZw=","rpY7/y1vrurDyWbTRg8n4pRrb8mR1gqRrKRUd3kQ48Q=","dilNKrFxdO8wj/Jzw/FiSBPLs2cCwrhwqT+IbmsEI9A="],"block_size":4096,"path":"chunk-vendors.js"},{"block_hashes":["DqCX++3OvOdInHGM09KLb8vtKo9xTOO31THIm3SGaGY=","FHZO0/jxWonhAS2CWADDtFqivQglypgCnX8UL+ctbds=","5Yj1LFBg1GbLu1vEOOoTrJdCY1DQs5Ua7YEaM4A5pD0=","WetN+IoVIAaJTGO7GJBNyvpYFbvQgn40jOb/zQPv/vE=","R2uEC42sSha4wHPXmTFPhDRsrHZconywncTvy7JsJlw=","pRPD1+g1mDN4BRus/pLQA7dsbMcj8iJCe0+y5Wrh6AI=","gSe/IJb4U/vUIPBggOx4JCTMReiDqhnquiBAZ7O3NBw=","qS7VmDm2ruCxp/583N/0C8cUeTj/SIaXP0AZg2+bBXc=","xju5Do82MrEbmRMpNs2cXukQy5EOBoZCY9IRK4VCRC0=","D+DOQaMuqmXIanPuWFa5vSTYjmAVuNM2RhiVATZxtVw=","Uz5yRSdKNroWg6sz3PwK0SwDqFEgqXzG3fxacujP5TY=","PLiCkNZP1qUe6yP4LGefM6Vu1zl8rdC2ET+8rzlivFE=","jERIhGiKTyuecOOh99WXG2XsItvxPFWxJLFVUCVu2VI=","2G1u4KnQcP9ozPr200DkEt3kIaE55hNVw+xjx1tfUPI=","eK8VES1WKbdYo5qu3KTCrWBt7eQh7kmQwEKBFGdu7qU=","LJibVhFOl1rWaGCyrYQ1tBBztvNOsGZfMMcUVSTRlJ4=","yCMyTbd0G9EWaSCaoF6JYEPyVQexsBaCOUxQlaceCX4=","3+CF11sXF/H13H6b4T9BhooGVbG0HVwXw5OHfj9TAEI=","sTgxiOc5XrgnD0F0sAuE//bGNa5EZ/SkGdl7O5DidC0=","dItI9JKXU3O7hnqC5kFDf4ZpHIWHUylf7zptgVpxLIM=","moxrArli0gJANo8YxY1wZQoRNQvFhgVtPP8iyQn1EW4=","/Bxb98AFUZdVs1RJm3aro9aDEV4jyzmKlilWWzL7nHY=","TNkjRyL083OVE+0i8oiCEZQ7lk2RloxLbVVt1URWHNA=","+kpGMt+5lh/ufAP5AmYK9IcrssbW3hUwF5eYa1DAdFI=","3gziPkKFzM/F9KGXASR3bHrmJlGVC3FhtaUZ1bNyyAM=","cShyGlVukYalF3Ykqjw5ME7Wbjq4kJ+xQd4F5batK54=","PTe8/b/iqdEwP6rI9pEtEch5c+05RaZg++8yIer6O4o=","S8/hJV/Ij0NKs/xbneAk+DqLo+V1k5uOC/HepyBR2UE=","Sixe3/RMgqUq/+pnVENoagEIRWyWBN4oktZecSrQnO0=","gSi5tG2VM0ZlbKOOZEiY/6QhHscCcGyuZ0mpz6WJgpM=","to+dpplOIRb7dmGddvfx/ARca8GQgKw7pqCFWfWDq5w=","HBa0D0rFUINWrOD59AMic6FhJKbcDGjgV4B4mirty7Q=","XH3OTrOGmzsYbZg75GBIFroFMNVNUfflpc5Gh6KY4lE=","lSqXwomp1t9tQaeV5K8GSlP4PrqvYzsZYzn8Rrh/9KM=","9OhQSHHY2yI/JCKndGuFi5QPi8ZcFZSaFBrxoxbI92E=","Cxtek1FiI+bpvgdbEGbP85Qf4iwwrWb+XoLNR6BjM+A=","TaDEwyfrT759+qTJH9DDb/LyUmMSIyhSokRpUvOm09w=","8HEbYGGGoX7AC3ymaskDMsk8xtM0Kkuu/h8cFHl/n7c=","ogKGxMPce9DpdzZ7BgIrrFUWhMXQr8XUJunXuMBzBHI=","+zjJJH+jQ92YhyMxEuFflDWKDjETk61qDk/01SjzgQQ=","niapYywIhsMk4bBfrVLfY/4aC0JymN0d4+sJIN9NT0M=","FR7tY7xXxexSlwgc9XQLnJhoqyMLGdkiWAsWhf39Is8=","CNMKkuGVfuZHIfRuohTs0brfNQjo9y3QL+XupFoQhRA=","t6nes1Bh3zOTqQCNRMCeha5QpUFffF9ewR5X2GN/zCs=","hK8ZD11b63Bkp/6P74TtGnQ/H6gHLaESATxhRpDJY4Y=","Z6zbC77Nvy7AWNMOwdQnD1u8Fkr/k4kiEY1sL4XluJ8=","UhR8H0EkL6CaxXqeo2rXaP3CLlUx3MTNUhLK+V3/s9A=","b5qbO+Vz8oLPNaXpX7kO15z4ZBRLFiidTYIpslnIKkM=","QifyasZ653Xohlc87UkgBP0zMfqUjWtCnvVMWM7tEEM=","ZOoN5LBTucusFzeRoBir1vX4Jv8kGw1uozW1SzVotks=","jCL6S6oYjeLIU4ATq3+waAwQJ/ZJtaZlvXgbmvw++IQ=","ncG9mKxFpQguAniWhhJmN4jrIx5T7E7TtyEpnzsOHqo=","aYJTQ9yi2FjwuzKmhTyBcKC833yTpWyGlu+exqL3gWQ=","zNOwkB3lIPPEctzcpq+ANTeYxfGmYxHpuwDbsqK+cSk=","O3f+4cE+NNXgBMvzFRkMJaz8o+g6312PPE6EzeI6r+Y=","5+8SnpGLkMBnyf0lFwNfs3V/ot/uOKAndRljqHrICXU=","ZmCUhVyP8vsLP0G7ngSCFJxQ0R3choNKxIU7P+01hS4=","ATaeMUO8bIpqNlvPfV9iv3+9QGwhmm25sRFGmDtyZQA=","Sh0YxLrdaqf6MT/yKthGiahiZ/Ecienc90gp7574F5s=","MzSYEQENjN5DOYIAOCGoBiX3qg/LbbVNuWsGysNoOWE=","nQmimrB8zXSTxUboap7tpvJNR6MG6ecqgVb6q4BSFes=","WkyTEHtUHug1ak5Xlg5Q6lvuJeiSqvJ17AAGmCe0LvY=","dgMn1CizqWIM6mezh00UiRVP0V1L7k5GX9VWtw6D/fQ=","RwZSaDBKn48dR3kKHmGb2M3918mFc2m5yta90UZ50Pg=","YpxYVivI3jOaaG4ANiY+7umowet7x6Sz+7ZPlW9YJK4=","BeOc8MfLZTj60TrAcBCIdnutGQnmjq5YQAqUwftRDlM=","ieJyYNqwRtCQpNgXXi4LrOOlzr1huyjXBtYzsCYBN8Y=","IMXmj8pYNRsv3Vptgrv4F4FtS1HkhzrmcrQfho5EpIQ=","8DctUGKN8OzXm1C/vS00ojKNRCPzA1kYFmMNaPZvfRs=","jhNABMRJwvk4FPKwUFysSQRQ+otBQBKQHXx2rVC4f7E=","OepITxYu0jFZWO45qEAB3m0wQue6PaChcutNaWNRAeQ=","PrS5Mkev7eJJ41NYiQCyVU0pt0vxkIT9rUTpHPJbLiQ=","KKrtTNTkGnFwzFI9IYE3NRuNA0Nk1605ezqSmdALTPk=","Z0Mwb03+WenzhKZ1tEl2ycSpJ6WSSLYSNFs6t2ybLSA=","ZIMTRkVF+SoXD6E4Bpi1rVMvrTZna31YRMoRLFJXriw=","l6qhPXk1AACW1cUXASqnIdRlGAPzlY1jJyZ44yHe/kk=","BjJ8ULG0A12TIYyNNv3qY+qkd2UN+h7gLwLxO58hLRQ=","ZE8AvwJKJHUJo4ZsOCwUBRbOAg4hSain+UkHv2wICuI=","uL1fBNygM3e9phUt1nAOYMmnnutHqoyDceEwFyW9uZ8=","ex9GPmYzQrorCLsDy7M46yUbd1mImCfNBAmuk9b1+wM=","DVWdrhg4a5yQH3OfUoL8Qs6Hv+b+vvu1JApkZ65Pz2Y=","8f0V26xl0DraOIX0PG81Km+TOX1CwH4IEyS5L1Jf/jU=","VZlpgLlsWTN/pyBVc34XP8tGECHQqYzJr6SMCL7puHM=","eOIAO/0aTG57Q8Dor2P8PFRkZPvwJQ13+gIj6+Wu3tg=","7QIXRxPjaTvEIsnVG1yBdoRV9BrKENXyk8fLgIiDS5k=","eSPuFlY0hElBqjDbbKZTfmP0OPrMzw6T0X9ZTfHh1Kc=","dmLVVAiBANfanIF/C5+rmO21AWxtkgryL20DeueYmjg=","m6EkHip1BUzcDg2uuz4Y/4mRwbedoptPbvG+vMn0MF4=","0N0rCvcWp6JOWM1w5J4Sk9cpcznEi5r4PRVZGKx09i0=","davQddW4ZL0xpJTtq/mAoi1MZ8lndZzC0whv9wcaioE=","Yn1nexKuTp9wwC7zjZVYfaLsmRge57KbnPmlcMta5wg=","NfisOq/ReXk072tLMwYNrNdqk2Gm73fM7OzdixbpR3s=","1GPvrZIJNNxWIayIZcY5V7GowChrdwkMPOSIUcgC8IE=","aSP6ZvSrjkY7RUSeSaS5WEexhyfHoYZyzh8OTRe77TM=","YuIpStSEg+3cHO10cuQJTrJF28GpcfLt/vGBNv+7e/U=","QyFio01VlnsJst+QcJeEXY+rPZPzgS0p6qdPfSgNeUg=","ew/l0KLDkauUOqh9vuIf57JEjE6tSZUhCO0okFxY0jA=","GbqxUNKXPWvchnIiVBnL5NSazDxEURXhwzH77vJpfzo=","9KLUWyXG2r8o7/r4js5VAPVybqZ9EQ6odqUEbntCq1M=","chzFgND2hUfMCX/p1378rZSYjMDGs4YY9w+OqE/WInw=","ocX9JNOvMlO0/Dm0EOqQ4sZ4GfTLZVNU+hPQW2r7igQ=","psU5VxyI8hGkpYvLPfYj2vTIC1Xj2gFX50ow7VAooLM=","9iJgOYkBPiWhoAVdg2tNQQZ4WwmKqqBZEZbbO7bLjnE=","9kvLccV2Cy3H7sXgmjXeLEvBWPRbCstN7/ACBh0TSSU=","HEEXNn64AzSu94oZWIVZ7xEXxtYULP3umrmpb3c1qR4=","Ka5Yn5V+8lAGCovrI3I4H0bWeYfVvAqjVauAfL3zlx4=","yqEDTk/2PkYTfE0iyvWtjciKF0RfMjpt3WkFRrHfqeU=","PGVjHA4wnE/d6aKsGFHFuTfOrTHYkt36r0DVQsIZ6+E=","G5nywxAQzZdviEwf53TLPyryhIC/rfC5ac4Majj0a9s=","krSZX4McXnt3UXILHNlmMwg2HL1GttY6I3dhPifpr/Q=","+QgQ/VvyJ4d1CadheHj02XXb+fy0PxX7DvyUe/wlJlQ=","DP1vqmZm8EcIdpfrC3f5/UbbD/og9TSZiCvKB+gFIPo=","3+K5O1QU7/SZPgnzILwsEvZEGnbow9NOPx1S7OySAXE=","FAuESn4Lh0t7UDVGUVbolx7AAHrEd7TWP7fjuGulR9g=","uNhllvNFU5URQx7qBAuCWxqc6VKSIGOdFRSUsN63SV4=","VTieTJ5x+HnZ/7+RAu9i0gV7liROCl/FztSex32TUGs=","d6cXr162zQ7GnOh7BaW9wQk8YvrYiwe3wWFtj6+NE+s=","chWu7zA/A5Z6WKlXNidjYJ6roQeqw2RExsMJ2QRKqgg=","tleZrZAgEK67Gj8uzki0+bqi8vlCXyrg1ZUerq7Ac94=","kol3hsDnKJJKp4KBOw31af0PmcVwqjc9dmdghp7vwnY=","xmVMPkQPKyuE/wWE562fCzqO8hfP2kbNv2Zl/L2hg/I=","hrsQaFR4KsIGDwtAWZf+Jl93P1Ik8PKre407U1ix4WQ=","OLKn5mBX2kjKSNPU6cSFXb/zLE12Y3zi1OvPP9UOeiI=","LpDoKL+kXgkUuWQ0kBDnQQF9y3CZfxy6P4PRePFkSv8=","12W+M8jD4/klgVJzEQ9wLfSzSPgveUkERLKhvJTPqSM=","h8ZUwWhmvZIPVA3/UA2E/pkZRiXhLKfoRKoF39Vz3bw=","fWQnJmpzTf4YR84gW/lSlD6/XRVNEG4Il/I7zfmT+to=","A5QD6YrEsl4FwO9kGtJRL9uufV0rZvKNUGlEyUphKLg=","f+4RKEjsisb1xd9tesvtPiwqku2z/FplGPA1fn5+O/0=","X6ysOFwV/vkGBsqgIEHe0FyIJVxPRjspfZpYQ8qDW58=","bkHtT1eGkmDwAnRkfZ2N+xwMlF7V0qkuuBR+ZUq6niU=","pf8n1uABjbS2JqVy4Rib1m/1vdZx8ljc4BjILt1Af/Y=","r8vrALa11DFUjoeDhyTxdfA+j3R4Dv9EM9/XqatDXTs=","NhAGyCETDKiy9naUCzNzJ6m4fxi6Xf2/eDo0U76K+Do=","aCFkXFLNxc7M/ZKRNOmkcop5aZT7klMb6/ZNTsysQF4=","RmeK2W7n3nU1d8Gx/j6HKc6lER/kJiAT1iVm6GX1x00=","+aOqoQ+DqcFTLZ6mlQOG/+fxt6Y+/N/q2Wb5vNkbgko=","Yy0fzZfugtSP7JZ3es26I6dUMbY7lpsMD68lrLa4LKQ=","JoiRcMxNbY5be4PsMhtna0ZVPrj0u9iyQg1lklgFlE4=","njxLmbwdSGlZGmLzjgMRYzS1STSh7xObSGWTzBqJjEQ=","mCIWL0eXLbQqci6vong44mR+dpO86BZhhCeh7YseoSE=","2ec4amID0I5SeYk2h5UwCKS7jfp8GEwZLblqQZkwzY0=","bSyIhAMaQbyAl2htbksTvwvIhnkh6sd6fH0MEn3j4jk=","JRVzY/FnDQ/HchZD5ztRM5pj/JoOKD378CU7S/0O310=","4YSqYNuJS5paXRVrLcu83V9xn+ld8hyXWXIENmr+seM=","l2nynINvuco10sifazfliQROrGGWO0ENkVabmDvcC88=","eu3qkv+hVXUwmT3OHexhp0j5YjPYFzFjkIzNdwGKX8E=","CD+cwd8Lf5nhvoCmH1OFutIvAD+fvJbmlUthgBttqzc=","3xpI+hvw1IlXsIwUxFRy1dLMVev9TbZwagOh8mGj7uo=","UPj5exv8CtXqT5FvUw1axVxyuG76+ukXOcs1V6B6DUM=","5WT9GIN40GWN0QDVJvbdfeLzfvLuL4Bt2yxF0+wS4N4=","qaB5waG09oq/OWacwbR+08dcX+E8KTXXQsxBiz5+elY=","X7VnYkMT7q0XGETx9bGSaRzqsjQBscudMPm7yY/d8Vg=","WY08SzfqdYG89/YvG4VgHkOJ1LXVvCyEXPCysDxcmaE=","YRzTN/rn63CPnReBUknPYJ8g58ZKOg26qxF8u8RSIBY=","JN9zoMADtByW1DW0eTEbCp6ssphudeBSqXmdvHGFbRM=","doxFxJmoV8S87aO3I9JgFFUHB9fhTjRwvWtnWZeh0lA=","X0Vfyuzpq8vfSsjfQ8/NhF/e1L7gB/Wn4MTXd0Vjzoo=","9/lHBuXOnZUP31ihx1HO/+1woALtCruZeF9dpmZ0o6s=","HQ9Imb4i7nh7CTxeYVA1QhMGKHVyCWmaciAz1tWV1Ao=","7aXE3rH9ktxjqgELCNe4aVYiAeWtMK3gDPZmM/wjRUg=","dLdeHzHO/b9+ZIuPZ7OvX2rBleYDlMM7wMktlWf1eyU=","jMji52QVXEp/UHsxyEjTVymIciFFxN8kmeGRQhSlsSU=","YRxRMBTl4DmDiIRTH8p3VZj3WNo9FOxidAu+reF7cpo=","8kCkEAoMStbFRPiBvZUadTSAG3C3CLpZ51Ro+LoiLEY=","hZXzfrySF5zTtUcWGMwZ7i1w9S2oUOOSupvFX903abI=","NRXmUUHRnTqH58SJc1UxuUO215sfBYI6cXhWQpNThiw=","/4XE/ouyVDfWFJyIchUdd5kOsHxXL4Z6PmxriKdNymQ=","1Iqt7DjlveW5XzXGa8wZdvpF5+/Wnx3IeEIp5b9RaqU=","Vb5xwTqbIAQMvKMfkEEuKxAmVTJg6SXOainyjaddy0s=","uJw8P9gh6OygZbTN6TMFvkeJF9V7KSwOuYDbrtWuRxs=","urn36lVUI96n8DlVCVrDBgrzcyQevCuPFlASZQ8uQqA=","76r5G5y7F3aLM61vFQbfLQfAr/tU1IOI57dEH9PaSCE=","G7Gv5VPyvxx0V6drTs/nJmOHiq13JhN4qQl6ybmIJNQ=","+a4WzSjZC2mQeSBco3pmlIxNyEzSqMnQmhnnWK+XW+k=","NvVxiuesfoBENSwyntqCXASEAreDxi3ySRd8bqm0oEQ=","vBUA6+HyMK2812QYP2PrTNQU0bB5sUiJ1SAW2M/gKp8=","LP7Gf7CIDJINPlxN1dXheNNUoXKaAhw8RRpeBeZzSK8=","Z0gmamcC+Hmtp8/G8WBgOCiHhmBYFBwj5jAKE2rpAp8=","dTV6N+kHG0bDyxz00B3GRW6C8yWI8T1vOmrOQwNxozU=","JrnlX/WhXcf+5cw9e21sgNs4qd/W8nTSJohISbkd4A4=","wApNdtZhh2h4L07X8hImU3qm4SV9NCpHHWCQ8zYv2wg=","8gFp0pBZhmjz1DVcm7Lec7AQpNWbdNa1/k67Kz38Dus=","0OFdOCng29CzIAoMAlhnT3rPGwQuVBWSNnZs8Hk9WHs=","QlZEHayDF8aHsF6TVR5ad5aXwQoYqTHNaGFryVWsBF4=","D0NWngkQmcNtT2l5XLzITmhKgUdKOnrx2TmvZtbkX4g=","dP3O+NzAgHHdS2A+b/p/O/IA8WeamXvJAjqHmvYuAhk=","mHgPbvV9fkgDMrK7BsDTBa/mVudvD+8NIWx6ZMgjFec=","26NnlOlUXjyoyu1mmoc3Q/InwEYcxJnLrBZ/fk3KsAk=","VMwXRwa1YADLcaMsSxIKm/NVd6imiWXRsoKer/0pFMQ=","Zlnlb6NovOdxLRVfxy8YH47AZ6Em0qOCq+PTt4rX2ZQ=","yyMrHalop7zH1q+nnSWf80Hpepopodl79kngYDwUQwg=","ym7pG+wi3xLqW4JVB2rqX9h3ffvua6Kwr4q24tIBDWs=","uURxaHpEKpgCFHRdnRdbjmy7RT4g6XMz/EiL8qCiJsA=","g70T/K/lWwVQgzjSjnsOR+46PpSQagoxKbr2dXYvk7k=","pEHiUYwddeLUrPGB4O3ImBvD9Z78+50xGBJgiEWOFK0=","JsGf3KuaFBxSF05f5GDDrE7rqaVRPfpE16HOShF6/CY=","A7pd0txMgqBDJjpBBG9ZqmTSmfIW20b8PKRlSUZGvmU=","29SE4ZrBDqW3ZHPN2J98I2fp/uXE7sNPTDH/Ss2gCTY=","v/QOzX1Ad7oapI3TdoaknRE/JNS5mpsSVhs5V60pGWw=","bodz4wie3cIAq30jAJP9Nyp9vwcc+35BHXpgx5Lkycc=","MPW/2xnsm437YUV5QYQAL3ywDwFEalEgFzyd18z8YnM=","qxaHebabVCwA8SoXZVbjOdOaKZDtNoYjgtv7jycYSDw=","dIWTG3gYXy1cH9XjrOoF/x1OxVIGmPhyeplVDwb12Oc=","m3FV+V96GuZqzSdXwXVq7XJCkJKubXHxZWodALpLQOE=","WszYUe6LtmvYcTIWGDofCqB16lX4OkssmvCvWZyU22E=","YUUcn6ahJNj/zVT2ZhsZDvPMV0ZJlfcAFtWG3Pob3X0=","kUaWs0f6DmLSxIMlHf8D7MUNeLDF1s0tYr8QvEYdqE0=","+OUcozOwodibD83cmyQ4w9QAJfaXaUsU6lit+D7/GN8=","IpeI6ck6sZ80CWGK25g/LbtAxQN5iAyBk0dzzdnKtCk=","kWegp4pAskdzbDQavwQNOiYUeu8jS75Kgw1R5LrlEt0=","UAJsg9jjUx30T7YNRojXdizFwgzhfeYEOpErc0tTnRo=","p6cyLZJjXG6xnEV8FNLxPhdowrmH61FGVVgNQvDJKx0=","fJv9yc/CVufg7zo6q7yPr1HTK02Ib0Uh6MAKucmOBTs=","KYo9FPrbATnd2oQHu3xDjFiCIwGtJfmjkoAg4s/L1sI=","gk+LVq4LSqW98SDZa4oAlbaBVTGRLmRw5gQlNzvVd1c=","z//dnqL3Tsq1w24hWALwMF/5IczeCZBUMk8gT+g5Vsg=","37AZUDRBIQrMOSIL7AgFxa4am39Ectap2BTdkBLLgm8=","zqtT/7Pcacu99oxE/pG+gBFbynl3e1cQVjXKVPKvySs=","trk7VS/nUpRDOjuxHgoIkfaopfZ/mRQaeRmOoyRa2oU=","JfQpwmkUM4lYxkb6JAPDWqMo/mkUDCDGIHSR6z3Sl3U=","dWE0bvoi0FptaGJITKLW8bFdd5fuoUpx7G+KyOjR5eA=","IFNGvOPVOAOSdN1eXs3lCdsN1OcfUozdwEKFrmmZUIg=","A44XEdvi4co+XYYxFbUld/5YXERgL5J404xH7AOc5uA=","6aou7PXFmGDQh9vNvBK0VNyJpbcmcG8p3Za3t95fCyc=","+j7mtp0DR6GJLUXmsZNolYVpJ6gc3h/M9IVH3FuOwz8=","vh/uAN61IW2eD96P1k+Z0U2lpzjBCWDL4ckXvmqKKMI=","u7u1A61a1RdBXEwnC7M0CeTnhd6c6BCWeNwZuLs3Elo=","V4gkC5OF2BGl3XJwsPwgMXxD3Gj8bzzvwTW/9EpWpIc=","qYd5z1PpGa+FH651Vz0pMcy9zvC3GnpHoridJS9Yy1c=","DVRelcs6hxJyztVI93rwBpB4Oie95tSxrw3AqAsJTas=","i7SJMFS0FkxKF0VgWWdquXFG2eb+U4N6VQdrtS/WF+c=","S9CnRY0KwVEyB3pedWBq/iCLY2iuhoP9b1XZIH2JVpE=","WDGVzDUutr/IpdzFK8i48+RaoYsv6h4um1Un28QVJks=","cnCBGisVj9FKU1sma4lfo6m8YvQ4g0yOmgdyW1n/77s=","dFKb/2zzKO8FPvz3be4WKmO+/Kzy3znm6WPE+Zc/6hQ=","A4lCAEu1tNYElzV52z3l1R2zxCTH3DwFh1X/GTtfiR0=","Knoar+MoTynbJ926YlpM3bxC+9Temolt3JX1920t7Wk=","IubOacnm9IW8gYNvYi4sHin+l7qMI1ZEic/kAMYyDPQ=","rz1F2XCXRZdGtBgtnzPIUr8yqAV2RG+GsKjB9561nfc=","U8MKN8gOU3i2o428ttp7RjXDI8jOIG8bzZm5jSGMASM=","07q7+WYw7pX0JlIqFs0CZWWhPw3MTPwf4zmUMRwiBno=","kQ9xbbpfZ/O5LO0I1I1jJne7Yn/9WHod7CBafDryj3g=","5Uw1IzbgnRUNZaYDUI4IXmDslVSo6qmNHSx/36yxxAc=","fkx9je0+BYkYgMTQCq14qs1w+uThSLmhdQ5SYAVnWoQ=","+CP0YARcAq7AtOjBKRuLi1is1kTpSbaudXYxlt4BNBE=","4aR3B2B3LQlTWJZK+yv6q+1s5yyQ8GtBbxtVQYFoM7I=","rjIQneV+XQAp/A/Lo34OqPuxWkZ54AU3P8Yj23I+Ewk=","sK0qdMUzQiI3S/gN99yD95IGOGsj0K4b1QmMyAPlHwI=","1WrgNNbnYCMHEW1qbkpaZn1HaR92QBYOMymwFWHdQ+g=","ZhrwtQDUka8CuqZJKew8AdC6iokHuFCpACT8XJlTrRo=","LO4Bp3fwjfKCts4IfkNGHT8+QQYEIZPLvfUiYtYX0Ug=","rQtEvIDIzO85L18Bp/2zJLWd6Oqk+RZQEh6xPbZAeHs=","h4YeRSPEwaOCgU/LVdBm+xW9wb4x+PVKmX0yJsMX7jk=","YhXvlsx+xKaCkuSrnbWbMmUVm8OOVnUacmno6owtqw8=","f7dkfN+CEusDGBXz8lqALVaBjwAQE6AxDlMBhwRD+vk=","S00X5COVr8dXhnTYKFSXc5US/MvMWKBwM262BPASA98=","UYvSIzv9UXuhvwgp0/XSt0DKyhVMO7QKHYSbuTomh68=","iUhlkwCf9KBAfRfQ76wCjP8hxrqT3t6gQqdEKOP/1mA=","e6C6Tnf6NruWZYvPBJ4Qj7IlIQI+y3kSfha6jdB7A8U=","FEkDPkxbyXOT3oKKKWAZ57vlkSBsTHyF1t1ldcQByfM=","tJJO9ku+humFo/1dYJJBxckXrIAR5Xci+3ruLkPJwCI=","X9t3A1AKF1ypBxEjXzC0hQLrfPlADejS1O8A02x+Qr4=","MeLQs4iR2jHGwRgt2rSks2eRXsOOQZvfqBVSkTWNOjU=","WmMsazqKq1kIlI+5bQRgN7tqMhwue3z+jZh+SaeSq/Y=","lPdPpbhWW0yZRaE+jAXVrY0jA9hFElQCA3Rkv3jpcU4=","+FRXhCPsnPo8nSeeM1CTot3B0rdBksJ6oLpIRb5A7n0=","oQ4Vv1NOBSU4KfM6Kq+uub2m33yBnZFK4Njcee90AVw=","Y4M8qHRZzvK/d61ZMrXJkQd5zH/usVn/eyGQw8Jbduk=","KgfcrHvxrlTihMDSE3dkDkAUYMe/FtV+EcIMDKl09Gw=","8HzlYTg+tx79BZpjhuU0Bp8l3Q9DfczTWlAkbJ+oR2Y=","MtWjkipAvRQ6RuBL7QaIItkHV7usbsKbj4dTKWfHMiA=","V8towBs0infQ+iIPv2RE899Ba/XH7XhExgThUtqENbw=","eb9D526SQsgQWaq3VQPbL34AYeNbIcQszunzsZ0F7jc=","bkEqOKRu3b9+PaYG54/tmz1NpUqFNCw3sGq4qRfOhoE=","bc9KoNTc2PMJFJW2MwveWiOi39cAncK2gmywEksxXgo=","y+aRvyauCBUtK59ZPa50DZjG9IwzXj5UGNjyDDBkkMM=","0XaxnAwR1yhmyddtjaBPFWpUsfWVhDKRhXWH5OQHi7s=","jyNrrFyNsV1PFTgRBNur7xXSPn/oMacR3JFTfLzhRLI=","F+rZxMYDiZdmFmRAICYlmXI6yyn0496q8ojzF9tftPg=","sv0MLxHKURdFZJnKe+m3k2Z4LYADBUugtqlLMNv5xU4=","AsK8Ry10qKdueTxNr3jJ6RDmrrulucW8nzpk/9ZOOww=","gDP4Yqt1JEEezt6Cp5nNXHPyejn09umgAWA5oGfw+6o=","RuT1wp84dJSdZlVLYluKdXOMV7rnLX88mPFoGv2kZRA=","By0UVveL2yOmbWxj4vHDEVpb+cax7HW4ek80UMX2iKM=","FjFIHfbDDASio9kFRu/7RWslO09Frc6GiGOfRKggcoo=","ArjDYAN795xPb74PTckxH94Vt2/sSwcLzfuqGF4sYa0=","kcbYFdGst9ELaWvWuhp1QPjhI++8HXpyQYK9r5pg9UU=","/cncztvMxJMB3kJG8hOANap4hWK/fg/UXZHwWagkZlk=","iTFmPPbgn755uw/FC4aRjhXUIALNyeGGmy9CuYE/MjE=","hZSY+Ma3LABy4pJ6bhCXuwQ5HpqE2b7c1T2rdAnTBfM=","7qB7vzBWpgUuela5QFa6g4LaN/nEm7nBB6io8JooTds=","D6THe9N0NQ7lEvbPgkwEIyaeqju+NT8jpLL2rzywXFs=","I6d20lb/mLeA/HFyESPb9pZH9bjCQrLc5r0EOiz+Zac=","kS0jgo+5A/Po1jG9cqvmS1qkZQULxEfxCioo9i0Tq9o=","vHhY8bmEF3H/WimJj50ciRviEeeOVbbwYTpv78XtoJk=","ja0vpzd8nYRdUuoY9JvV7o3c5WfMW1wUnuBI7tRBHu0=","ul1770o9olXqh6oKrceGG1goIT6rFjif34M/4lXkDD0=","YTEVRJtFGOCZehdors7eci+7n320iSYt5Ew1flHyCA8=","dwyfkjkWZTPRBRhKVFI2GfA2aqeDb6rmoisRqJO5aCY=","qHCZjBdU2UCsmOdDsYaGhm0JR9xVZeLYM6G8WR05Bc4=","plUuX5pxbCaiJLPrpvlFU23whvStyvwMuYs1tOgLnOI=","i4jECsqgzJ1wwJyl95ADjSAwGpXKgNe3udFyPgQSU9c=","33w1RgCPrVb9qK7W1BUtC1nWguJ1jeP3e8l4ZHJONi4=","So4bYNZ2QjYD7z7fDjvStF2EX17Tu4IAUnfjyu65eIQ=","CwcDUD9ifFX6EG4w4jSaxR9QKzIxR/qqEgswLLJbFJI=","r+9Jx2zXuSzEArPA52qBHnTUurros+rKOLithhNjdFI=","aYMuzw/fr5yNKwLH3tpydzItpVDfv9hh/x5w5HctwJc=","Bb+nVOXFb6ypc9j2sp5zoR519pgZCdqVg03tH5CwRI4=","GGIvmUJp2XeedevmphSoXv+ZAMpXTv3IPYtr6/BOpk0=","KWLrQDu3bV+QlG7elTGRJu7+xMqVgcCATbEEiYWLv2M=","rm+VjdpAv6Yf8KupyvwxFKqU5nVshsYQwVstR+4KeUI=","LQ7+MoU4CxcNPIwEAcE1cR1XpK+dAxKraoy8Df9fARs=","oRWXic3GgfZEsZzUG0oq6ipDD42uxXnwpwTcy0ap7qs=","cuJNy52kpR1baEQoPHO0AfHNjZBaTDa+rJ5XLr5IJjE=","W9kiloIdSkLRXtZtcTErHk4rU7UB/Ox9M9QH02EoOtg=","O0ahQPqbYXzMTmDk336igZSAyJKibPDQJMynrvUe8XU=","g39yVW9kdJp9GVRqEoB9nOqbsD5pklT5Z2Vfkm5AqGY=","nqwOqHrZXXGjPXiAXKB3JYzJPb/vWEXDJmbJuo/wQpw=","IxAKNMS39cy/GEVtTGvMdyYbKgg8UnRE1h5YFBpXPlU=","+xcMriwC3bLU/8TUxHXshoeb5Oeg7QAh0al+RGwzBUc=","79rv9RDQEQsx48nN0RnQ2pRFfbg7qBBgY+Dsz+YPg3o=","MgQAKw89zacFZQdqqpzib7i2vBNCPx/XavyDrBIsMh8=","FYbVISI6uz0ZsPltfgyIjOJDlBavDRIbZrRA768ULPw=","S6KtqovOIAiQiwyZqHCn4/oCu1R+UkixgGup7eOLRYg=","CRE7W8yKBGD9VGLfRjQBVIhZo7U4hjdT+RlMIk2slCU=","xU/8ZbLUPNGLG+Dj3zyRNob4wLU4vn53wNOI2lY0PV0=","YjOmvQfBk2D5Fdvbxqni8kKU1cctCi0yzZ0bMOxZNbE=","gwa+qrxsZNGBEi93nndmCW/jprpAgNwnO/YwyJx0MX8=","X2TVXmhE3a0jpKwBxvPsY2DN1oq7KqvNo4cHu5q0kXY=","MuMFIs2i8N04GhR4hKv7pJJFdW6pU0CvTmgnpjAgRHc=","feBc2ftNSBth+oIvsrikJAKWosC/6Jx9bmTjnEYPVF0=","sdNGMxbq2EcmlajxR3zDTJy9o3QJCaM22uaMDM1mXUs=","lNfBlUGS0KBGMnAWErk6kQaATxKSfQcD5t3/BGslyk4=","q5y0qaFYNmq4YhN1+/UGX2mKuG9XWkW9MQegnU4W+SI=","w5WriSqrOTcR+SelwtF5GZmdwG8CqmZdG05rybuBRIs=","hHmbUUEwY3eRkSug4DYxkRu1UThQN1ENSee7cE46s7c=","sNdcgQiCEMZt0b70qA2uarCxp74YBhu4WGh40S0hKfs=","DhG9vgNMZzsOA+VqOoNleamTktqHFCAfvZ5XEu+D0Ms=","OawThIcgSn97tcdfIrP0y0DxZumYfbo7KITVPPR3v84=","FHqiuGX/deHHkcfUw4u42s+bBpOyUA2RbGc7BH0kU5Y=","XKu4s0LVV8ATKEQ/onm/IOQRPFhKdTQzb+hnzK7Nx7M=","d+UhIjiXUs7n2H8cOuyVL6gNEnnm60p8Rz9GBYghx9E=","C5koDVAauXqeCpq7stDaJxlsHKCjfZMaWa8csgf8WJc=","Ri+kF1zjdHnGAS+DMCBBXjWEUR/7gbIM1NjJ8DtqszU=","ySHAX8aydvs0deFIqBUjvtQsxvWy3gE/CD+KN0coGq8=","AO4PG4Sybt6dk7bfjyoTQOdJfUSY15FCNI/mIrRaPbU=","QqvkZu3iYZqHyrojDe+WjE0RCk53yJY9pG9V5bZX4PM=","rI6uIMPQUUAHpLHt7N1iR0Td1EPlC3gFHxaoUDwWttA=","T9HH3fwTIp0bzHW7R5IYw3t0zOY0eU3LC5E7rNk3jn8=","69d+7cIXfodTsaXW7niXQ+nQkdKaOXy6nDZjR8q/uys=","P9BblYaaqu91/m4MqVfF/M0uZB2w+Jowp8PrzZ0t6i0=","QSWq4lKvwBMLTwe5UvFosCDDMm7smR1Qf0aLmlAv9l0=","33YW8IKUXbOE+GkliiUXASmqw5D2OVNVgLETt6WrmOM=","MW+05ZGxJ7F1cLMFhyodAiVJ4D4d1K0hfB6HRbkOzME=","NtCnCG+Z0mQx04g1vA48pjtlE19PRxxUGGT8DY7AfC4=","addN/nrzkOaMLnxrMKPJIVfUGmKjDibafMmTkpcAsbM=","bALGR7kTduXoBtFj4Q4S3LQ1swvpiHdD2QluYbclOHQ=","84MJX197nk9zWZDsbIX3OmITZLXz4mMZLHSDucnA7Dg=","FSLagNJpLxc0TM+za6ZoqpCKO1GvsEHM7YTwIWcTfAs=","An6fuaqfIeQf7jW4E6VWuNunE/UaFnoAs0mwoAMyApM=","v/+cvqueeklDlSQv5qltUG9gUnkG7HnG2DvXgi0eDNg=","VINLa2mEEQVr7NoOvwSppqgqLtJZRsihJAh0yoq+MPE=","U6bNAasWlKTCCM0s3uyioHTMCCqzPFyipy0Qg0q2Q9Y=","PEwiB+1zMQLaBHp5+4r1b9h2h1fbjIWfcaC3jlDi0N8=","PWoaiJ3ECjgzeovybA4lMg81XLlsEPrvDsyrwvwAAIE=","FQykQq2kJUN/e07SNce6JHduEgsgxW7zTFehL4JKmRE=","ZcKYlafPgoxyLMfuTgYPNAlMjoj9y3Fnd/Mq9Gtc21A=","o3MRvxd1nmhZ+O6n9wa6BhRd7jpjequ4FQftH8GEwCM=","8ywHPhekBL8/4hZnt38LFe5W+RsAOX6PykxpjaRMqIw=","td6KCAIlPSATqlHe1zsCHBydckjoDDFNl/12mP4R/QQ=","58eedMiZfuAUnIWrSjzEhMPIZpQfJtyG9l+PWnsSzkM=","iIlMt5+PgqjGpN+oV++FyQnDZM3tdjfz6jTasVnDCl4=","oyzlQ34mj+xt5JK1lfTQtMCZhYtKniJuceDI7mzDCSw=","BpIE8DBFwM9qwiYjsOaJiovZK5ZYABA9//lD7Fr5lUM=","tklUncocaTUSoBUmsMbC4uvvoDsu68864GHY4WMIiQQ=","xltZIn03HqVpQyIzJTzutdqgUkHw3fv8iTz8ZNjwwKw=","VoNBI7FAV9onK9BXgiEPMtrU+Iot65Y+KzQNzas7Gv8=","/U2b5DIB8LG3k3+AVqFYFpG67Sjd0HNg/9ObiauY1Nw=","GY4aud1uGw7wLUBKuXvcDuXyNo1JNwby2sfBL4D7RHw=","OyE4U/hSdVdy9A6IDHqsXiVcMd3bCgckbBk/DBT8HQ0=","zc2th0R3PCStsm20AEy7bFC9k+hIkmDtwHqTVS1W55s=","+vmKsJoQXnnTpTUfkq6na47dPKgFknO5AmvK3RgJ+kQ=","u1KWlea6cR4xAISfdP93d12JOb640D7aG83YS2P58Nc=","Th6+n8CnP87REMZZKkyFndwtFd9832L6EgtHQvJyIkw=","FkplrssSptC/fLpRh7FOLuGEUngiLLBffjDHiU3hU0Y=","+OJiI/ARdvP9TV+ncn3jluPp39cuXJrc36SgFdkBZ8A=","B/FGsfM+wK99EIQyYjhgEVg3KgsUl26LNFThf34cAWM=","oUFIswGy+YjRWbnlYN6DyFKSwt/TxCRBasH+bJzNEaI=","B/7mETPKwCdBDq+0DFtbSsdWlTWfCTACNNL0oglKgT4=","ZGV4wCeMQGmx67zUg4kadmI/WEKFJwnu+f+3yol/Nco=","Jl65Q8ecHFty7NglqyFzWdvxaxq+7bSPFlJeQbUhgw0=","XUxhnGYJINGxWzLSNXqJNsRaBzFiwGH734rb6va6Qbc=","XqECr9y2tMCjfiUPtkdLzJl2LGQKR6vFmNrBpj/BKhc=","uiunXnyUrtuG7WQ9zId82F5QovZ3mizCWATSdaNPT+0=","t7qD55m+SjGteD5VcVx0auUr8jVBwHozIHDBF+zjJCE=","pMKy6YK71LaFkF+QFmAwRpasweY9V/OyClARnsiwFmI=","IYmnG0nLKL+NunnYzzOUdPXt6l1eLKJxoaLwN6Sa9Ew=","5DGpRPzLzTEFrOj012REchIlYLamS3oIatTG/g8SIpw=","Aqr+i8qJOUibAM8/i07D6fBE48zaFebXgIw7L58lmbA=","Xa70VmFEfiWXQLwzjrsd5Y4Xh70O6z1spXmPDPW5GuE=","BcXEj2YKqMO7qnnaSd6K6m1g0FcfMgLJwxgnniqRGek=","7aXMB0/H19rsP6bAgUMfkhXJ8/h4l8Fa4OP1NPDkaHE=","UZ1DA/2qUUz/KMmNQJQ/X59VGm6/dbM6TFojWnOUdnc=","aK4ykda1Ejis6FyKbfpw/HpsTZdFjspXitcn16Tvsi0=","YkUxFmQdAN2vtnfvLTJO4m5QPl6uXCCQ7gLn6brwtwE=","xPRxshjrcrVsNSImx+umSkiVkFzWGV/ertL5OKEulqo=","l8vmDKK67aOWPVxL/SqXFDedhuMY9uAwU1OmPBako8Q=","oraiy8/T37H4342JUAHcjgWMdxd0R5RE1wZy8pIs7tw=","ZbOOEWpiyq6gg6Ep9JqB33OXb3lJ3szTm9p9oLvdCfU=","rXOjFOwtyBAQ78LtDvN8myr7lcfdQxt6SUw8/4DIpcM=","+VGABXxlRB1k2dEk9MK7gJJF15r75+tvQtSXCwHD8Dk=","jwiRjmkX+beeGASK+URch98PH8qkPkazE83skH/4Xvw=","NDdnXX5byi4n0u4Rxo/cwBnx693OsOCvMhzQ5+J+Ets=","hRJ7cLs3NpaYhxXr+pNkvtBv073PWObbfkWNxfCji18=","QyRAByto7SlBjUP4P+H3/lSc3U7k9zA3kbww030HYz8=","m0xA1UaEDbTxEumNoWkzr8x53IPxV0f9b3gNFkFTMO8=","XMlXG6snrDsXlZWh73/UnvqtDYwUzBLmorKVKdE4dNo=","1o/DEgcSgsy4IOSB5+ioKEzP8ieHFivTlsPq89IRbKM=","HzJGegcSf4nwgl2ceZ1O6S4LmmNq/dOOlOuPqRC/LZQ=","gduQ3gj3FK2u6P6qgsBoe6egoK/JD1pXVZ7E7ZiJk1w=","LgcAUg966nb2QwoR0j7+jk+aWorW/zYwsR1jb3x1RK4=","hib3bubNnAk9hGyU/yaF8TVKdFt6PLDkLiiUxVGNVFI=","i8utm7JuELTMNKWAlbKuXqCsC00eL/tAzQi7hmzdfgI=","jW8TE1tyTdjdKOb6DwWzfZZLbvf72bTrvXg3lMl0Ss4=","fs62iEJLVtP74/nt9gEA97wh+rwIy0xJcfo2tEDwJVQ=","iTRqfVFRI3VyrXy1EFikay4/kOZDo6G5/xQYt8L9oxA=","/f2bFpCjut6A/PGZvG9YtgaqCeH4jL9q6vGCZB5hrJ4=","uO0i9uH+1GY88cwT8TFrTrOsidrPyQho++EfpSmkk0c=","8KXyD+ALACk0TKSCFt7p+YEwyw7R3BEuBTIcZD022P4=","IYfootH7Gj4KrzPSF0Mc9agoQfz4DLT1jsipkY8KpL4=","eQB6B8FmaZJCoM2LhizhLBklUYqqYbKvhVDTc73cahs=","jof67WTcW6KommpSQ2z5dl8fvbclIfaOMLr6gqzyokg=","wJCmDIdSjJpLxh1BYMEXCm68qwcNzEO5ahSVB1teDZg=","dkjX0T5mq9W1bZSFEWf7XmWTqHULJ1u8bd4hZUqJr9k=","UZV3OjADx+dDc455DB4hUFgmPY59If/6v7YokU5QAdo=","bP5Cs+Lho59xlui5WdyfgDzaYdvnu8geBbFbc+Mf42A=","kawbyMl5TiHZiBcDZend7F6t9rKYYSQXvupjzIh/idQ=","nGXAQg0Mu851n0skWQ4uEhT6Ij3myF8rPluxoFlfEyE=","gAIlg/xPPrabJE/skUtC6xGxk7GoYCxwyxpp1xs9YkU=","x2toR7nW0BYfgF/yZSTc8I8Zx9L8TMl7nVyW+Nkv5EE=","hsXJmYALuXsVg93VNLeI6RXCFKrWAZNteNVazLi6C4M=","NghFpvdNf8J9nQhrKWjIbpC68oFVjh9c3lnzoDqlq0o=","IlIuolZleJVGrgGdkA1ULO3LjsAVjImPg2xKO9DhjXE=","r4JZiZw+e7Fm/C5E03BtExGohr39s4sDQ0wJjcL5am4=","ZVYZKDlFZJtpGbqurb3AbfHXB4nhqEyWhlYoQIfz78M=","Nvq3ho/FK6VYD1GH4HRnLqNwtWQ1a+050zxchMDt6Nk=","lMqMW63D/h5c9ozJptCchLFyFcLlVDinO0vjTwZdbyQ=","/NMt3Yeyf9BC558uNH2Pqs68Mpb8mLul8lYdRavT56E=","YBc/9jgziEqvu9FIboMALoH8wKe4Z7fGRghqmeFiavg=","dxBR7X7UAGNo3E9CuFJ6TBTzki3skXE6/SJeDJzxKw8=","Ohdpx+SwltOI1PNjyvRiGO5HGR9mV+kNPDEnaveg/Ag=","QEooWy/h8/Oq7KmwC0VQfPYAAtROrbWtWIVj97+KFsw=","z6u+W1irCrFRjRCsLFh+BDQ9C++Yne9GjuyZVVLCikc=","ZizNVsy3SRop6gb59tf6Wr/PIZVa41AZdnjFZYx4H2Y=","q3Sd3W6F+rcJt4gg6tnz42ppaeh5lLqTL3n6JjVKQ+c=","GzTvoeZqBRfcLToKXwxiiZN9rA8HKs9h5u+gInhwjJ0=","ybPcfJXKa6a2dN4+xKXe7FcJ7pfKtYXaYIP//MumMFs=","673S3llMjuob4+J53k1O3mlozpqnwmSNRQAf6ZQ31+w=","lTI56CXJNRZiFcgqu6JLCgGoFmm2ON24Y28ZSFXDgQw=","n6D7N65aaBVtBOAtQL3x50OkfV+wXY28tdAmLcgmDYA=","AAujkWaRpKDlHupyHQNuk7oqo1TCkkrmGPc4VrvK2Sk=","0r9xZq8InblqgqbLyydeiA9q1SnJsrxukNOmHsL35Qo=","99TEK9iHOvJspdaetNHKL48K2syiEZ/IwA5O+cXtPhI=","lxGS3JN0ubov8G/PlCNOVU1msT01nb08MgxMdoPhC8w=","umX5Aupxcu0wTJEktMMcezDoljVcbQSMJo4vmYUIDAY=","J7FUXTnwx9M1fjGE1VtbeTFFh4TBj966sB+3MHz8ToI=","RE79w8356hvLXk7XxLD7ldgGk0pBU3NQ2cMX+aQiVKw=","L9laZhcDFdW/ZGvRuctoUN/7Ed0qjPOEFDC9PMU1fyI=","2K5vriXssoYn5Ok1umncJgacvdyhlZRNwuIJ0iRTKzE=","zfgF9G5ZRbak6uiOw9CoKxXDJvkKlOh7nLuoqhi129c=","uiFgEm7N369uZa4Ldg5/Augno6qyyN6YrOAviDV+NtM=","3hudW6ujpX0W6jICdGJrACFQ5VTnmQIWvqpVQ7g9BHM=","KIarKsawzGwdXgBiNHinfSCkVgnXsbwxX5CtdT/rFc8=","aymWNWMiUD0yM/pK0ID1KOSHuJaneCSsNSJ0wBkM7EM=","kWmSF4R6NqZWJmSW7f4xKsoyiosyB3r1VWb7Yagntvs=","imdF0EwGVijUnh3Btc9rlryL3BqNgY5+Cu//8o+RRuA=","qvPy1VxCPg3L4g8K78uIwjTBF6A+QXm5vyqk0V5I15Y=","5gbxX6hI1ziT+prEaFn84bMxHNJ3rsqdjukdajddzwU=","Z2+2Nkeoz9E35B2ukw8bKRQ0Gd4bcEJ1XY2R9rAhHXY=","US9UhTzs8eqc9J3SQwP+r4RAlTnV1+qtScyrmuwtsM8=","7NE4QChP5K8wquBaCgKvgoJuIBBH2/0KiO+mEDCgJ1A=","hHXozbYePPeqR26uwVQ5zocf9LLZx6G190Izu4SPMoY=","peP+cjXFeXwxGrmazOqPzb03AedY4s5kM1WfLZp2ZpE=","tn7pMmtJja7BfgqBdY074fGzXMHnUZofOtqiqmqIjSE=","qWb1/48/rjWdsZ4Ke+NDH4JaAP7vtyGyTgBz+3hAn7Y=","PvJGOcYgA3Yz2mpjcnCSZ3/hc0W41rwp0h1rHoG7w2A=","AWCfVKkOPYCf625PYnOTq9/QB9CbW2pi/+CaPMQ+8+c=","Vj4Zk2f/RjddrT98dztQU45ueIQ6nVdgerxDZnht3Fo=","o87RxVQ5/+mthRTbtxUbJTvi+Tf1nokpo+0J0nv/mU8=","oxNF9LSAl+bP+zodowe/RUb11+ecLOi/21G7TZJKgzc=","UWZN2GHR3AHiy4ZhI/hGbBK2uDvCSOvwYHI72rcZga4=","uY/8vIfm3coZLIDN9VkYzlva4Gr4YBN9LrvNDyJnkhY=","+KCdpb8yDPS4dxHZUY2PRkXsBy6xgQwF8n7hdISw2GY=","hAXJr0GsE7MypV/f8vFgT2mpDVyosszony4m+naiBMM=","XiL1AzDjYyYwuNvLuHbQXQOxPnoND8GuhDdjmv+qdY8=","2XSwqdW0R/hLht0FoowK9jU6ahEs1fdLVcmhDV6iLAc=","b+RMxaQ7jTJJBRrkKB08uobLNxlmkhwXagu2UxrD5GA=","v6J4DOznmJ+rMHgfApuUPYOVqf5PpIFsIX1P88ZF/68=","DqjYS4C7AdWsJ9G7UmQvAuN1Q78/dh42IeNMI5pLk44=","HOcYZgoqohnpuvFyi+WpPXIZ4o6j3wMw3PiENnHD7Sc=","W80B0t4sRKfjeQ0l6bJg6DXz8tNo03bl87IxN/bgIG4=","Ahau/+1Jl+K7sHR0R6ivxl/y1V4IKDjA8rtFj/eUETo=","ebmSUbGsxtBSwWNjEsZot7ROHpQ1vKcI+DhTLKDvN68=","jhYnlUReOIssKoeIw5HSH8eWFFcTaKINnrAmFMqZrSc=","lcKYUoVf/lvDANBUO2nzFf6Q8A8TWjAJjWRJZAuf3z0=","4dGmbT8iuLaxmLWmTi8TEU1Q5PJ/rwsLEVAV1Y8O/ZA=","gBmtLt05V4URgtAqGojg9Su+ogZm16ZJDvYZ4lNctUU=","pMvy+lOWNcluxH2jyTvvzIHI6dSDUtgbWX79BJDNosQ=","Fc9CR21sa7+mF2doUIVP1EkLULoQI1QYcouJgGMLivY=","ZD/XNV2DwrAD6CP2bUzb163yvKoaFbDgRDXp2z6YZPM=","tJidH6WjNCEw5Tp0p9wYNuC+Z+qtjt+IyyoZ9CXyKNw=","mcBfuJgMgGLrlflS1DO5rGu1FQLo1YL+UMGpV5bQbVc=","61thyNs9ykm4m8hr5IUpFtnldCML32/cD0lW4zmUlN4=","+6R/ZX5xgzzC97KBsf67cBIq2F55VL0hb28cT6ZWJgQ=","ERWn2lrS/48R1f32j9yJ1JJidehx4ZcJ1x9FeSEhATE=","LB4Wvq0EPUxBskWns4FUx3z0dvx5Z9tQNqISyvfVbQ8=","cxBvQrzvSoeo94EscftoXa3Hi0rDiwYKnaiNr8+j6SI=","bUKUhqnxVOwPhFvtamZhvCJ+T44hzi97t4SL64MOyVE=","mvQ02mW6YuHa/NBkvqewWaXjCO8KQr6fQfglRXTEhQs=","DZG46EICp395l4ABWHZPf4oNXN0DMdl1rPv61I39fMc=","iBr0vukTtPynxmlVXxyuRk3A4279gpwjXCZHqCJr4m0=","4G19vffO0/LPQ0PNQYlc4A60aBVJEvqX/0cQ9GnMllU=","Wufz7+jkD5714GqsrIslW7MWQOHW1y+bF1MrfZE+7y8=","SjQVndniyrUZ0iQg/8/L3cXmDrM27Y4wIoLv40hzses=","zP00/LIt7haJ62ObB/Pkgrgfhg8afkhRFVKY0Xq6mw4=","l1bvmrGt5+4Dievq3svr0T2k9B9io8rlrgtVLu811BU=","EVwjvmu7odNQsVaYKtZMVVnuznTwscM8VUH6ynXO998=","K4n7JPiuys8HPivSMK69Hk3ZVV5NU4WJZI2uiTiDqS0=","w6Ymq7HOYaLTUrA7YtucaoiG1S3HpdwpME8jwmQAfoQ=","NbDGtANqsQuk7NV4XAolm+IwK/vmG2IpDdqvR81wXBM=","TTtyiOFwi2PzENLTeGhtWO19gkxIyfhD4v1WaEoWTw4=","4e2Urg/RIBUpVJ31KkJlR//kOZrn7kxUWtw/3oKvgss=","F364KaJBOT/8AV2xMcMZAinALcLU8bJeiIpSvi43ZcM=","R9MmHulFV8QG3u5qAcJRvH7Q3HSa4qTa57wHJoFklp4=","1hZwtMhhoKmODTWrtAR57scTo4WojSS/DtrjrPTGnJs=","bqs29XcwkUtmeTtMQ9bmxkAnqykWbfzsQf+P5GFW4/Y=","98MDFtBJA7xNR5gCi6dnh75Y7JZGc9by7MFkiITxYJs=","12HVf15afRl1Ecfyv9Y6eLeO/KOgNn8BAl9ljrgFnpg=","xxWvrdM0bKPQQmSD4Q1Ze99ULerP25ax99YBS7mJ/uo=","3B4mohuyQwNHEUy5AsqgGhxp6MzXiLb5jal479VcfDI=","mWWAzDPsiyfmg0bmLTkrKY18o40lAiXe1mpJEZZ1kCI=","dXJe511UNfhYn/rJ7OZlrbQ5tOJ52P7hudpQJSmozGs=","RjhUUhx+zUkh0hBTfaE286AB+5KvzD0x0bSsx53f5qg=","KeODUTaMN84RtJO/7F4/iZINsa1/kt1QycJvjzSpL0M=","QtyO4UuBQFKXLBiEqIc+vWJHlsUYQd4iV85fbxVn6oM=","S1USZ5KEjkv03hUkagskwsAJa8AtILNilXG5hVwHafI=","0cicS30kGqPCarUmKUs76k4I3lQT4wtbMKmBeNB3n+8=","D3pw4/0bLfP8AGrOwORfaflycootVaTS7KolEpbXa4E=","IPCYYl8uSMzDj9AH4tA6MWJTRsWIDBwIvPoF/F6FcFw=","820a3B3HXX95OmoQTKaRvaKuTasI8YYpKEnpkP1FfC8=","IXoeaOwANvhPCJJWQZGvkbxulqXBw1sOCUDXjXJD9Xk=","medFwHLnmioeQXrgO84c4sMtuo8ExDA5kCGk4Myd7Ss=","tAgQRCyAB+WwbeqNT/vYRbAiy5zeuiYn8lA1lp2IQ3k=","kXMXWr63KIb9hGxM2bBqYUMN4i9U3R9WqYFVySGqbKI=","n9ksdXZeaw7asovndf7LYChmguye8jQ4I91OgC10lqY=","E1wzG16396zEUx4QwASOksbNqHHii0JcCT2JtVYsub0=","W/vQYjrrLbWQ1IPTc5BaZbI1r5+oM4I1sKTNmzdSWyo=","N5AG4rdjjtV/9D0jfqaxuxZR/ZJgUC0rUIF4LThR//E=","5Nkk5PZR2tg0/HkxyGm73YYc5AsLXOgHWmZAu4R3r84=","En1Ed2VNApXKTy8Cqdtayu6sBzkowzmc86pTSY6wdSE=","RHC7o2H9yp2TrNYrcCS4s7LlEkfac5hncCBGHcBLiUU=","ymIyuLKtUX1gyy+s/i8bweSA70neP8/aebRons4AgRY=","oTrBghK8eLRY4GhLRqKTjNHxL8jJkgynksCKBhTgjsQ=","Wsux18bbUW/EXUeP2d0muggceSDCLnn7gioZj8/aV3M=","dxv9Z/G2caKd276bxtTfCGdDg7Or+iX93RyH78ugdJo=","2ca9DANKmagcz6ohiQs+dwalOREQEPmZW59LKu1xWSM=","Y66Cu80sQbOf2HEhNUQ+RlKPbi2xNvlUbJoEKF8TMn4=","6DLLSNNTXfqdbqP8x0InnKxYhgvQFpOEU/+WklHKsq8=","g+qcfNpfiCdEUpw8PGROkJqxd+ABhJofJgf7Uy91hs0=","Xc4Tg67bgWd/TW751gXTdxBl6P/2Z8hP2EtGp/UIsyw=","dJMAxREXdyPcAWV167tClJumfmU5fV20OD6ndFT7hZE=","WfjPRkOwB0NwFdT1oiF8rRT/IhJPGYZNKdVQJCRlW+8=","Sm+XGt3fCEKC8FaTYDYVri1zNwPb2fvlbnpP66gY4OE=","lH+A2kGRCLXmxqHyO4NSssd0puIXDRdiCV3/k8vEEi0=","12fi+Mr0qxjy8yKO6MQumUOR+FDxOUV+FA3qaU+n4bQ=","ZKudPk5jn4VsDnp4NLes8UHVE3pqOu9KRpVGYjCN7Po=","JaNDQy5Mzfkuaw+uGhfkdiyrqG32zh5Nl7d74N8ExYY=","XYXtf4tb+IzVaHbpvRyyl4A9RDUrtME/7EU+ZNKn0Ok=","Vt6kpBssobv4fSpabrBpSAZpcva1/CvNe+aJSURSMbk=","sy+WgKJqJRRjjNV+pE5fsrSBkaMcpUNaqXQRij76z+w=","c8T3TW2//fQ3+8xSwTSWUO0XxZkoNPZA7vAw6rMKdyo=","Cn4loijzra2og7B6WOO367CxzfT1s9a1x9K/YCUJcq4=","nD3uispLciSzx2FSBvnHU3HIkSpuSNURCN3W+CpaDGs=","iBxCknDSkIWSKPBu3BhpxAe7Ki/kV7l8Q/EmUB4JmQU=","5hWuNe80kk9uv/VjEFsXKRt6S2lfPkh3PWHMJ7uI/2Q=","kPpz7YMIgLcpJpfZ8BFiCO+eYjfAso+oUuvmmgpfWAY=","X7zCxt/wjfNtPbuYhBDHcUbaJG+StRTydOxQuH+ReS8=","Z14GGVLSYuFJ9vsT3Iir4FJzhKT7yBliHtTC4aFZoR8=","ti+aPLmBCycOFc5QCYJhiqFTMKql/2Rgi3ONM4qi3qE=","VOaA0sB+YncCy31a/kWrR9HpbefY04l7VBAme25AS+E=","WGYPZvAyJ8QI768zC/4sYLM4OiGS8NGO2sEnXvWVUyg=","QJ7fNTnJRRmtPY2ZwpGOTDlMVDzmzlOH7i4uOqFAaLU=","ciohWeCcdJYD7bYb6kEmnMqhj9ptSKnM46WGGWmQsVU=","MiGRK5JkS3udAfFRkqhJcbIU+crs02JdAgaIQRGXGNY=","sO1vFIK0NkjOs725S3zUcMtC3h4aP86hsUTdSiTqDhQ=","kEr4zZKoeKRoL7023XB+1tp29jXXi73uN3XLCX6Bi7g=","W9ElpUUuPWm6Rz17xkflOJuwLUJ01oVhii3rkyLZ5ag=","wQyU4WBLB+MI7KF54lr1/q0ulMgIuZM/gUCmDYbmGvU=","xXGhS85XKHOtYrwP+gApedQXx6XVkgtGhsR0u3MNuCw=","XNh7CSQy84hJ2OzsaeLhjwyEm8vQ1W+bsKRXUoboPNU=","Kgba9i9lfvqMJ/HbGYlh/mCspuHBLeKY2UfVX4vaDJY=","hcLShRS9NRiKJozg0jcC4/n8eW7LR02BWcwZYwIxnYc=","hyhDRTF1U2/S96YOT/Lo5cRXvhaWZjavHSg+/1gVreY=","Ybsk8mGHrSqZ7dRy2FfrLIW8/H0C4wm7F+wchR//NXU=","ciFA3Nhlkl3deRbascx6t0S+BqZx5G+JCUFjYd+Lex4=","6Em3Oj7ZT5zAp+wcxrR9BO/P7MmCJM71jvIdRQ537Cc=","yz3bjOKCjdDviF5Z/6XxnaUpfjl3i1sSO43tcaTmEBM=","uoKtlXbvYGlWtOvh9FTwy6rUJ8HP9QbZftW4zVSZSsQ=","6Q1oCsMzNSVHfC1cS4GH1v1O4kea+KfVnfyMSkErWAc=","in3AqSZNFePoUam+SgPKbovYGHBb4GZruaDQzYw2mqU=","lO//1kSGV3F+9yiXqeARG0X97SCtCvUm1d3N/bbPndA=","IEdHQIKhOYFbcOwjxTZkdnIItCn4iQ7Yu6Q/pNKMjgI=","Dp25TCKTMz2sdfUKdv1vK33o83bPOq7MDdWaWNKEz7k=","WwPXez7TBxjyL3S/P/LUeu0P0k890qeJYrc4vcrspOI=","kTyY/9I9M5r29WxHbwVkyjS7hS3SZT2kVZrNPTtKJFw=","UDNqG9wXM0wXsMLM8odRuGxSpD06BiSqsSz9xfmM1ec=","IjvaN28r+3VJAQm4MJwXE1zx8ebLiwhLv8fXXCerDrw=","wfNLxducDNd/M0hJjP5PMD1f6rCVcJSiaJoNyhokREM=","E49r2UcWQnTS5JAWZEq7vI31TkkgChn3xGSQJ2dg4pY=","KmBaa7agk3EdDYikFMzqZD7fKcpbBY+Bp9Zd+OG4098=","rOKk4+x1GUN+ksZg4AFJt7m6jjXrzuypz7075Zupy1s=","1BC1fhEyX45TV/8ee5CJ1irtJUDY5pBbI3SPBStmxg4=","DyT48xOnlkPdDw2QoC6IkAa7KElBe3us4HZ2BgJe7vg=","Vq3a+xOVzkcKGB7Iw8hvQdlJtT02Q9/tdc4g2AGprQ4=","FC+/UKT78Sw3jiUT8TprFgRwRCrHLc+C3M7yn5TYmzg=","jRJRAR6RuxD5qq77xnLq+Za4oLCu39a/6U7f5FRFhp8=","AYzlUOiHNOjM9JmxJR4s+H/z2vt4P6yPrEhSxEx+uvY=","5CWq6zIPpRd85qFFdliu8rwynYe8aCciMrbNeCOm+ZQ=","r0Vu0a5Kq6jFb2J9OlXTXgoSsVl+zUObF8N4oylanl4=","ZACFco/mG1lgQRQasBg50p32omDt2WTA0EqSV3097Is=","k+vygrUEBERA73HE9UX0dNhRVWCuW1UWUuGtnPZOlNw=","jeLMH1ewWUSTBdWWFM321CkhWGAX+nBTakVVMTbweBs=","OGEj5s0Yit9T/7wntDb+QgvD+7vmWQQZQ5N2HB/dRxA=","pMwVxa3EkZ4uvh79yCByCZOc06jchPgRibbzJEv3ncA=","nRZAp0s106C9kNMEOKdthOw692MIWPTituI4TVAN5Es=","pPRrNYJv3Gklq+/b3QKQyoiN/7eSGqIWBvjWChmTevk=","1E8QtDgwfQs+fR2pmgF8BTDoDox6pAkU4pf4HuXvnRM=","dQmtQTUeatlAjKufqkshXyLmKp1WseknpP6A6BmbqFI=","UXYc8EXbP0ZnxFPSmmYH9XnJZfz48ouo8UvG2xMhiI0=","hvICNrxikfj0GVpioXZqx8t8v0edMUcATfCvkZSa5XE=","hwVTC9+nHLwucJci21YQdCb2CFYQyPphPueeVWMxU3Y=","CbzCSgAemjnPM9DBZ5zFZHFDtPyYWmJaySRgXNc70oo=","FYbywvNqxw/qU0ewZ9W9/PQxXfXuc72aYMmjC8Zt7YM=","CeV9wARfUqaoddVu6ZuCT/223KhJtevuhKzhj8w7Keg=","SKCEdv4IvzXdHz/aUMWTDE66o6vrlfUBHtf0e4r6Aro=","94D9ICExuAiTKOOBi5UTsh+Ob2cW0pLl+aPieYBcZY8=","d7v2XlCuVKkiGQCmjsT9mBJUHnvxsvws0sccwTM1JVk=","PaDRX5RgcuqJOurr1dLsCEWsOXKv/byxxMJwxclUyn0=","kUgCnNdHgsfLLRvvKM0Y0lIJKDw6MDB6yewB3Y797U0=","HxcQ32ACqmjSsnbT4b/k43QZvJDOE5UgqceNyehSetU=","0UrTuDlbHeOnOjx+IsMBf8OduBt8rKrGxcpbCEVIGwA=","AyW9ybfwf0f8V0i9AEoCgf0UpOIi7V/g2QYw6j10bLo=","Zi9N5dfd1VveYDyJnjh1Bd+VKYXmdmESNLRHnJ8EMGg=","mJBXPPLrpxmNWt40L4IE7NjsxrqBwUk3cit6Chodo+Y=","77XblfqnrGNAMZuf7cCqj57TuUtJdCVAHbjqoPpcplA=","2Sc76bzZ+Do5vEjTCyWpo6i10yHxCooMLA9eSFiMVHI=","ulTbOPlvBg8fuQJkTb2e+eT+Eej6f8rwiCLvUyf3L+A=","A0t7Mm/SAw8y9rk7GIM8h8x1w55/HpxfgphY3nd7bxY=","5Xmc4pttfv7ca8mwH622Pb8RGd2iJAw2eIp2RIekubM=","hnkNutxg10LUJbwIQHBUIS+exu/6TYoF+U4vVcLvi3o=","NR6IMrL1hzF96VPKjFob/pZ3fTZq/Buzb/q6YLel2Ro=","faErNQq1+Aus9TXDAu+g28RKnCn4TVrGJ09DS2tg6Js=","uXXtPYznoRqLeRvQJs4AltGmhKn71Ab/y86T+B7Jve0=","pD5bQLJX5FRscfr8h69Ee011RWk5CfhTFxRvXwFHAeE=","qBMJ7prqQfTPvD6BoSi4XyUONJ8DGVLV+KspdBCxHtk=","YEUmc96q17LZ0br1sZY1vd8IBT3zTt76E9TVXEscdZE=","Fz9HSa0y1BF6K+pzd0U8ZswYMEO2ZcgBUy7bvma10Xw=","OsT9toAkfAOSZFQzcl5YpvIWzc9FQlPnnlqbNQM3Z5s=","cZS/BSC6iKCpk6TRBmmm4MFs3tHBgUq1VzP9ele6vY4=","7pjHae0IvNa9w4VDsmS2usAH0LLBjCubPiyO2WJ+C7I=","CDRQERAYoNUXqepBdxN/OmV9Szr4PHms3hBUQAqe4kk=","Qmp92O+WZADxbQHK2vDk3Pdrwjo8p+Ne9ySJrBpt8no=","vcgHWIAryi5HCD/AwBraLC8zHMA8xWEAnQfaDfudubs=","riymaxVuc5MLaf28PxLYeaQIeEjSnDNTbb75PXIn5Xs=","81NPBU7qvRZz4dDMPBg8FlTM8SgeEftMQy+nsm0xGCA=","lV9FB/zS1dqGpxPq1wOIt4unk17dQSP6E4ci+gFm/6c=","/NFZChun1jzWwQFe8gvP1/fg1/7lv+xdsdff8piS5QM=","dTX2zuZ5O2FP2MYZWjyQ4NeSd0ChlDgQfn4PQOcXEjU=","d3KJOOqG7zYSr8A/+yLk80qxZSzJgbWnCFFlu3nuwe4=","sGgKfSO1cYStDR6PnzpkKXJ36j3hB5GnOEh6faay3zc=","fLVGovIFnjNqIsDvXiqU5LlaQdZf6qFybJsfgBZApco=","DkhlAjM7ylI9WXNHDlkJqHIRglwhYqnV3cW743Z0+u8=","Skmgg4iva5NEvjtYUlf7aNQ61+DPcJBo97JnnheWgpI=","IHkWy2aXkTh28ZfjIrx+aGGC76U9eBQhWdn6uw6jNP8=","HrwhR1qqwtHJCDgruIXvf1PCvK+/PWt9U14mNEnKsiI=","oAcgab1EZhKithZzBnUh914yy5TvvPcYLPm5Y+qPPf8=","Xlvjqegw7o12JW7P2qpk1WNPch1Y811YZWiK5rc1yjI=","sbvXa/pPW6SP6DtNO5M17fojZ4bbGZKlNPV+Jfvk0Fc=","HsGFE3f2t0VNM8isV3vl/zGZMEEPBxy0zYgL6FjJtSQ=","wsVKhittKbug4J6yZKgQiPbiUW4DaPniNnfLPTCJPkk=","2YuVrtWTv0GmvHEyvIMAgxl0u0NP/g9vEmkD7b3CtQc=","DYmoX07IDP/tldII8V1i+KqCUadxT4+Bntm7VZit1z8=","xB1A82cxZYJItuMQLL6JR8OAApbi3KgYpZgwqdf7wmE=","BBDDDhFOCXRdXFYhyj9vLYRsqQ+zokwlEvQl3rSf5b0=","D59JqF4WPjvVK4TfpLDCB5hOEnemji3r9/AdJz5uMdo=","nN3GFcyOSY4ihTZcCEK4+h6mdCuK3D6vuJgkX0OCPEw=","UK1LDLW2FBwIAzZH7L65RejdXutOHBUqr0RKmS1Paqo=","fu14rahca9x1Dm696XeH+ytuROLLMQJB9s7yliOJlQ4=","CHY0IBdQMCpEcPpJnUAQczDbrzQKoj201/X3TwWAhsM=","iedIDJujDU1kbysdNxqtXG9LKXCkwFL+SuEfZkfO980=","mcqpkKLuRlW4gHrh3J/cgCiKdilFiosDaAIO807Iptg=","Asg2ArLdI4YQr6HIP2bB0RDgCfljgpw+fVdJmPaEYz0=","YUl/5duZrPTDAkfASqyvDnVHk2yZERn+qQ55rRe/PA0=","+W4DYsXRWiLEtSRVbSO5oF2IazMn2Eukt1I0SS1TFbU=","/Z+OXsr1sLTqIaY0W7rWQgvNOCY2Zou0UfbyfOU4cg4=","RLUWpwbSpQ+FkX66sgSvqFAIPYbgZDQ0DOWkz73t+NM=","sUyy2EdfoFG1tCZ6DlpTRvOd/knEXOTQ+BLSbKNQTvY=","IsRg96tato8Iv7XNPfvlqThBGR+ujEEjkHx/OC9hMQY=","FYTLx/vLx0lmYTDN14iqOzxg1FhwYeoig5cUSAe9G18=","LPq+VzyRPhy+tzZfq+pue6UbpYhlGv0J/te+rj51gYw=","8s/rUh5pKJB/Qz8YMfgPL/mDip1qMFltkjXE6/hqFTU=","PdXbc0Qw3OFAy8DU1BC3TJnA5wjbd9CWN5RotLtwajo=","uJvavNSkEaNuVr6BP7JGRBAKA0biDJHzg9AJw9rzpUo=","1AQ8xXoW43JN0Sxawjinqorspwg+WqVZAIXCWdnEUUo=","zrJw9cyzHkerbO3hJGbDHi+rRO5RyBIGAtE6aAGNtbU=","ekhsfYH4BTT+XmCpgYINB2IFmhBaRokj/+YRU7UP3b4=","IGrXxySumcNO6G2ptgUApf4IOzn/U7S7lUd3LgiiKbQ=","FrvSUbftMFO94CRlT5v75QCd55618d3WGZOX9R04Khw=","nZ6fRQAw0Tcfrw5WgT5/GXJ7iBVotKJq3bFwkR6ZoLE=","T0NlnpS+hCD5/cGrWoejGywMtkPcLOwP0yO9bcta4Ig=","YrqcshGDjVp2/Xbnr/ZTWCunhwok3lq7XO1SgqOtt1E=","mZolzTs4GynOyYQAl+oRJCn6Pk/cbLHcTz02EWXOCv4=","YGMEQ492/CvXn2ceZgxZKQUL40+uH24tV1nMMg/Mgww=","QnWMfh/hUv7QTkaOllyQvUm0c0g7hgajq2r00eUvq7s=","nDNF2T/qnPV7DhwKOs0UEf6819+oH6EW8em1JKaHuYk=","BaZ7EYMStPtak5k8RlTWlYM421J5YfgrraBd33qlTAo=","5xns8xgORAF8+LIcK50uZqV3VlTa0oRAdkTdWeO7p+c=","Jv2OV3QRHxBaX/aA5xoFJw5t977YykgBcNa7BULHGrE="],"block_size":4096,"path":"chunk-vendors.js.map"},{"block_hashes":["VoU3pCuirQycCuDFFga3WEkkLrAKd8eitOUUg1TMzD0="],"block_size":4096,"path":"content.html"},{"block_hashes":["zvlP4Ytnmq4GYaEx2sNrzIXO+ruPlfgQym6d9tYKKHM=","X1WdQeSa0gjAM5Sw8mfRYj3is7luYKy4uy9FwlJEmNw="],"block_size":4096,"path":"content.js"},{"block_hashes":["KWepnJHzu+BA+pls3a2M7F0ScxOZu+xeNyLgpldooCY=","UKKI1VUGsM/tEz6Fy8IkIswWQ34mabRJ7pFmZNT4b6w=","WEWW6x+Qzxs92sXgwZGBLv/zZnMGaPdKJEAQoeIHQaQ=","oLMsXkaTkVS7MWV1++WmrepoZ77a+2KNZBjsaYPJlmk=","PrvYLpClOz0RKWPobU16WTmtwBl+P3lPsfylt100Luo="],"block_size":4096,"path":"content.js.map"},{"block_hashes":["83UweEaTUxw/roIlNFdkBA+QwZvYEGVIRQceLt0JsOY=","GJ1jxhVTm1kY0dG/dSCEPOYm5Kq70YiIhp22tWHYDso=","HvDPQ1JtvaKaEzNkL9ePJmTOadc1FVwzZWxHv73dpPs=","Jen/w3OTslD55yAktZUiLImN3riXQnxP4QpTqz5S86Q=","sVH4RgsL1+IT9/DB5EdYlOG2BKExjZVwPRlM7FXXRRE=","ZgWd3pQLrfD/x32NluIyPoXcZ+U1H0by50WqYdPsENc=","W1ogfwu9+Ay192Sf+8mayxkQNHlBk+F9W+P6GIMerss=","Cense8OGTIaGsPfs3s+blecgQVEL8iFeVd3BXxxv/9s=","oN7FAaSHlbwnm1KePbtoxY0lOXNExqr7u9RtoB4lunM=","z276EeMbkkQ/hMFCUXRw6gS0dbg+fdxQV+HReqYoefI=","qg+0MQCxS72LbALOd1DcBMSu6yyy8gpBpOGZxjUcSsw=","U8hpMN6wiy9Q35OBswO0rxV8km8R3q7Ht9IJU1q3Iwc=","Gi5uZ2ipXtmoI8IfPuQ5OQxVaDKdN47LYegZHdHgENU=","H5tgahgcQ/HxitWqMIiqeucr3Oqu0k5zJZ5hpnROmf4=","YFCKUNhRdu3eZTjtGN6ZsrHNRrkiVyuxCpIXP72eGY8=","sMm4FoGh8P/FX+2zTMRVOn3nOrrBLuTwLjTzGzHxIwI=","aQZ0mzcA4AaITwn9MZ2HfDrgqfKzhJ+VE919cH+vOm4=","pyjowHERNyynr2cOuO3n1nGLJJ9Y5GSpdojA6JojkoY=","5xWe5bFBINH28p/PTV+vt7aewI9H/tDlfq5xAHJVo+Q=","rPHz1R0KH/eOFDSQ+XiffOi+7eJ+TFFMkcA+SJRvhx4=","aT0ReE87kS0xReTrLNmjG4jVET7diazyBnBfJZWEurQ=","s/ZeTGHpt2i8jgKhsJq5QGZpu4Ux/kGDNzlQO2qw1zo=","Nx/cZ+VzS+5gP8KyFZx22UBK1ahH7i70whOI71pSFq8=","rAe5bPj84bXrLBwf3L7Dkm1sJVzp5iaT4sp/UNrWopA=","yXid07QMHgTwkh4D4r+sxBBlwxn9HwofHsAV0f5zxzM=","XUrGvPhCh9+GPIFjmkUmdMQIaiDkEaIEfuqe5WdveFw=","foz4Crv5/dWMu+5RHNFKiEvx+Os7iIRa2srWXJjqaXM=","/gqT1GfxyI+CsuvJTHtfjUxb1KJuTAQstaNAC4q97Tk="],"block_size":4096,"path":"css/chunk-vendors.dc24f393.css"},{"block_hashes":["Hqfe51Uf7C7bx6bmBkoSRI52rs516w+qHamF1x+z22c=","VK77VGHl/WxKOicdvteSSNXNeo3mclo0cF3AQpBHPBs=","KD+ZmsmltxpmicNhcJU/wNUSL7CNUdamoREqnb5gS7c=","IXfFOkWv5royETFQEA1g/CSoAsQ0Wsn0AFOIepPSq7I=","EC65KworTTZUTp2DewK2XOn+Uaa/K1jKxC7udu8f4M8=","DgjiV0u/ltn2SPUSrF0e8C9y8+iKVDuYqUunjC+gJLo=","cDGwyyF+fSh3zZeXvyyoPLr8mNin8U7uenx3bpMOUsA=","CpBhMXHOlx80OOlqSRMPTSYci0menoPx/RobGG9l5X0=","iFntdmg6xLhuGSXxMHo85Bb0Z2PILhKJNWkwza7yFAU=","uQ9DVbjkCUL3plH6YLUgolD/7SOmj+Sf9HnhaMPhqsw=","sgV35iXZ5KyI6blyIhIpmYf3OL+zgTApqFVsJtimnq4=","CiWrpDgtM3y2ZQlpyJKylpmYCCt9niYwkImn3GRE6m0=","CQSNc8CI/jTBiy4VtVIVNs97Z4kdy4gWoNZn1R/vpSM=","EOSmLxJYI4uRxavO5DE3MO33DyilJHiwplo6JF7sZmo=","iMQXAkx3NzLAnaiQdE4v/5ALDKntIYKN7oLijDh4aDE=","sb8w2Fa+XbZrdvaqFRcxnZY3XIBtysD4lHXJhRTFCIA=","SRaI/NlGXYSoGc2QerHyq5aGnLbWnuV8ML0+SLvvQsY=","myiJNKfTSGhgMs7++mr+Z+Ko98iMbqtGLHdQ5oQayD4=","sg2CesbmCArUBrDQWqT8onJjmGl8b/cHNrNsiC0EyRM="],"block_size":4096,"path":"css/options.b7a7a727.css"},{"block_hashes":["Hqfe51Uf7C7bx6bmBkoSRI52rs516w+qHamF1x+z22c=","oYETzgGPj9ptxvUV3XBzsJEJnn8sn9xub3UnIksNsBY=","4J4/+/o7VtL4ztIgNPMjASwIFBxu75dttx4E5NX+7nk=","57frVyT5RRiXqv6dF3Dt3Nus5RROLwUmLfadBiYoRno=","fUQGn4602OtW8LnJg1qS1Ae58LVvPCD9aWF5nmOb03c=","WUEkN5/SYAHYoj1pALHxWa2zsADW8O5LTcA+ObrRSao=","mpE/3IXDl7YXli0+kCvM17EAohUffg0nJ1FNvpqdACI=","elpzMnIGkX11UdLjqbYcywzB/7sSvAc6Mna4r2WX/+g=","9nIyF0D/DHj1TjFSTvLZvh33cMFQBaH6Lu0Bz9rcjdY=","AcvQ7oc6ylrOminuCO0p68n6iOz171dUJgtfupBR6YU=","aY1tLHE9np89Zbbs/mUxmQqhMPCo0ouYVkBQgKw/lU8=","63hQhsxxPLa+nOoR4oTnggFCqjniO8ixF93ukql0AVo=","2OQB+odAP28/J2gi2ni5ZGVyyMDnjFThjM38AjDqmZM=","QfiL+lpnbkso7H67LCbf3ZwHgq9TxPtXKPETPllOydw=","gPELYbf6qzurasTTzULdUmGJfbHeXj7an8Eu4LvCLfs=","RYxVLja2cDsHzveRy9vZBa4B8sCpHY/LWz+sK+qy27Q=","+GVMUAqVQcQdDtf1gQf+8JyeEjyhD8hTHGzlshg6gZM="],"block_size":4096,"path":"css/popup.ba39356f.css"},{"block_hashes":["gImWujJvpO4KgjKIttC8RwGsRUu/GWVTLQ/8c4PuZy4="],"block_size":4096,"path":"favicon.ico"},{"block_hashes":["W2Nj9VY2IGRa24UT4vVD3QNk988WMDQW3cXgkfWpDss=","7kUdVmhVD39m/bYVS4mjMnGpJ/RBxBdNdicVQsO+hm4=","xuKeW2aGgq2lHsd3erihFtgpwPNG5VKjGg2HdBnBNlg=","/JZM99nhNOWzwsH3qqA5AJ81QSCUMFfkZSNCwmSlgKU=","LKbEYGaU7SWsl0QPLp6afEkBX++4k6+Xsc1cSegUxnQ=","WWGXq/LiDnDeoOx6MBJh9zUpvgNrrxpowMMA4UnLRzE=","BdV/zOkHlV30jAVzm5pDsmws/ehrIb4uJLLWLEDQ1qQ=","TFW2K8jWilwufCfLUq1H5cZZbehXZT44fN9h+IzMI8k=","lXW1yPKUxdJFLH9oEam8MjsUgylAkX+6Ai6K4PaKIEU=","hGoHW9ci+1NSzROmRj3gqxGLJnj2Xob846jGVwrPDOE=","u+2qLHXVWiZDZSvYun59X1kjEz69JDFFwadwJeNvDfo=","cd/vFx22K+UswbPkQVbj9WPrxA9A6XsAHVf9YSrnuYk=","ReZY9zKK+gGzrh1AosBcdPT/glHlwYigL18lAzvccZs=","4Jlr57GI/XdB9KymuzXE/DeXOrNYGdBI9biszo9J7mI=","n/OpqN+nuQQVi5h+WEbHthO6Evjp4oJIfUxEqN9vBiU="],"block_size":4096,"path":"materialicons/v46/flUhRq6tzZclQEJ-Vdg-IuiaDsNcIhQ8tQ.woff2"},{"block_hashes":["MzYFp3RIhj2wD+BrG5Oxt3Wwj15ixhMyqc2+8RybyVI="],"block_size":4096,"path":"options-logo-en.png"},{"block_hashes":["cpl+ktjKBcDoH/MmuetJhIJxX6y9jSSeEyi0kUw7MHA=","zjIbw0KwBPx7cuSd5duiI6twRhfpHcrBIVTRMeo/ehI=","6L2ON1yIFXA98vvb1AkslIApVUlO49qJ/Eezclj+mvs="],"block_size":4096,"path":"options-logo-zh.png"},{"block_hashes":["7owx3PB8haUWfCArXTByzhDY0ym1CvBFlga0ngKLZnE="],"block_size":4096,"path":"options.html"},{"block_hashes":["zEhTabXwzpUFBSar9IkJOQ8O9RH4pPZo+iPaOuz+bmw=","Mi+kDneT6PWTWRnbTIHgMmGY1DPadPmGDE1Day0vID8=","LgMsPwatRTedglEmPFdAfYOBbHLM7Fdf9yq7rco79rY=","ioXGX3lvdTC1yeHuHWWamnOYvQly8IxQ4aF3HAC/QTc=","nw/cjvUBdkgRiD/swcMpxgV/L3ky6PYcugSPj70hnC4=","Mth085cv3O4wV5gOZ8FjXR0Wda8XAnGnZ8FLuS7a0JM=","64K0upzUPAofEkEeK88vlwjBYEwcD8Yyacf+A0PYm+k=","7t5+8pm12r+tTDxVTzoSeCc+glfl62T7si4taskvoHc=","6zcfBsiqE30+yMppVvL1ikEAzbCfIAlIJ3dkVGOPFRk=","3DoKcVVii+IQ9TNnwRelTgeW0Am142bjKcs6svL4NiI=","GDstd9TBH9lKIiMeYQ38OrA3jch86jhgNyVZHKq89FA=","vr/tacg/GwP/lJ4d0avpeOPkbqEN43l3lzSH3zxOoF8="],"block_size":4096,"path":"options.js"},{"block_hashes":["5vqT6meOUqg+Av0FZ08oAPrzpCcGEf4n0H8abCU0JkA=","rzfru33ZrveaKCb6UZ37URuLSc8JlKLsnaWWkbwkFVw=","cmRS5BmZDMBS43evsVin+4o8rTJbX82Fp52gANMqLkY=","oP57ivETiX/SsAErKWT14Xqilr9LhbTaF06xHIYO+r0=","mXo2C++NQkmqc+h9jgLO7WrMZAAKtNExIP5Uo93zyGY=","fNXGJPqiPAltTmdo4iz9ISaGt3p080kySXWek4f/IjA=","shbXOtBg3T2cP/Kw+XtDg0ET0GFW7sY4+7wcrZwyjXg=","2l9+bkfT0VaGs6gu8nEM/syGaUAeXllt8eKYKSYHsXg=","dowO3wWCsKp4fNMrmEdxPSJGTlZ4teDu1xUgitLgpOw=","bosG5QmA9SaLwvcTy0LneAm+djVf7ARJzX29zy94QI8=","W5qFmtrBozFclPDPm13+jTR+LaZZMlc88JuhOsfyehs=","kwrY4yZAm5OqWnac1oXfcMUpmXGwq/YUnQHthCBwqMg=","mkTogRLwf8B48kDAYdXdVKPFCC3Yt6O4sJsHUAAS4rk=","FoxtsBBt3L96SuMISWdmS7PgBM3jOc7J2J0g+RNP56Q=","x0gZtax3imENX4stFM21sIvfav9YAi+V02n/fdx8HZY=","3ImVwwwHLt7r/aqaOWQ4xxUCyTR3v4bWACLGBs+NRGQ=","jLheFWMMl+iHzencMhGB9a7AIQFv8xCctxFxO25GkuA=","mrQaZMzpjJOxhQd5G6rUxoakanJPoUx33kVNtm2X0Y0=","D82EPzWrjFNEAihvhCD6UvMxnp7M447w8Y3XMycjTuU=","ghZI2DwMHNnRTPJTYndMJvySFU9kkmES/Bjagk2D3sQ=","Q54lz3r/WFCHYxLB1mXWdtGWUmu1Jx0N1d3+T+6GKMk=","yuzYIRoWt1n31vorcEMPkGULbKpbCRscxqAQ6z0rsNI=","sO+9mfc5JVRO7SQreunS4hR7Xri757qozBabOOx8JG8=","grpR1CHNhOAUkeRVE8Z7jVcF7Ta44H3OTLpdWiF/97g=","0ZHYoWKaw6Pn+j6kMA9/fo8r1hVTIfiPnGQnFuJ/7SY=","ytgTbGr/1xlrcHgWJci2nJ/45mUwuGKyiS68ljpWUso=","U2ElCnx6O7dfp3LyWu5Q6WXfhscNvKvJJ38k/YteO20=","OE/EOlN5LXv5wsN2fC3V80rCeXVffaRzPrrsuw41F8g=","zdwfws+PihHxS8fuyxq17rNZjnybjMsw2qQwhoTpjF4=","311AQXm7T2Y/azU2l6PYYKDPev8FjVpz+v8Lc0pRyTg=","yn/i1Xd0eMeg+W24lqAncKZ7jo9ppEKJJ/+r2ChdTkc=","6rh8Rmtcv1XeXaC/T/K0ydo0NvOR1q8R7YYRZwzhoQ8=","x1Gh4j2idXutlICkAHIyd4PKKAUeYqsiCmA/aC0cwTY=","W+AZyfqGYlJ/fIsq5aBJlCz9Ycza3gr5urpeIpmoPMQ=","YUlWLdAEgsdsak3hqdo53sLYwmiOx8T34ECb5pvbB54=","cvBnMudJx97Y1awTG+X4DBRriwuSyVgcUav2XAgy1UQ=","t6shR76onXOuz0aN8a0Mpfs2j/dKRjNZFbZe6vQ79EM=","1Yaburj0yqq2dIby/nVdFSDyrai8HZz+rc0Lf4E5wrc=","omyXPSfNdoCw2Wa+1JmedxKNh8+ibl7GFbS447q1Rew=","Yp1s/YvBeNLJmuwwjPrPWIHWxRaSPSzJcHNGJfxtJOc=","Ac56tD+yA47VpxdtE6S1+PkvVjs5/Lvxi7mgHtqjAvE=","VUWc/itl7MG0tuSpTtO9X8oSRDIezhQC05lEMuYllMo="],"block_size":4096,"path":"options.js.map"},{"block_hashes":["d4OrgfLjZnEJCBShYktRB5E5MDDkxFveIYa+9ZBEHuU="],"block_size":4096,"path":"popup.html"},{"block_hashes":["+cytx6u8gS1m8AbidKrRboCpTgYObICb/2NtpIbMFAU=","6jbfz94DZ5w7kE3GaFb8jB7tNShVHLDLLjEU6bjVqO0=","B3XXVRqjiAgN7CFRRODuvKFR+WK1mOE4Y9EpGvO3Low=","hlUt9LyhKfmgj5bPrczMzIEwkmJQ8qvsEVF2P1YcpG8=","mQj8XhiXc2mivudJNlDfwZN9bFoVKbaDbWUS786SWsc=","waEP+Mn/ST52QSPAZzHfs65Ipz9766h6xLvh8k5xZmc="],"block_size":4096,"path":"popup.js"},{"block_hashes":["KShmm63FJAJgw6xUnLAgYCxGFVSBamFJ9EgYopU8kPM=","Hg9ZQoA9tT/+ZtApGuFt0DrlpEsD0DeiIFQhgBZg1d8=","jKBi+Zrf6XNEVHJE7MRCo4+CS+Xn2ifm/qi74W+mMQA=","g4z3As+Os1lFxLtmcPOBZdmywd7mKt1Uww5uM6pAI5s=","g27bnIhucsSpgS1liA/NWJFUpgB9vtK5m79DHwaKmSc=","Y+ls+CxE6w8/bNa8DnLgYllz9JEEKHBCZySBWRHKsdg=","WspChMzUz9JgDpwJoqvnCuAr3csXKUun2iVd6gij7Ro=","dJTUAzURvDhPYNKsGHPGlvdnJJKHlPIccmsuW2eOWDs=","tw32v2DGcaYAsFviva2IHr8G+S68IeCDgD1OgIXynH8=","cGx4+q5ph9uMqqJsbmUNNc+lWDeCvqchdO5mII7INm0=","AzZ5T2YNmGS48JAmeem73PpQJrWiUPex5dVTdmSz0GE=","/Xv/tuXY/yc+8Uu4q72j3W8NUQVmjUuqCavCbwMFSNA=","Ur3riJ1eVjJUQkWFIyXEZ3NZuATdg0Atu9cFCB1SDjc=","K0GAcE6sLnFPzfps2BU2GNDL62i7jnbvlgKaREII6Pk=","Bp0h9zzPrp0VGniHisq4UtBfGbouxvt1H8oUyKlFHB8=","KCEjV9M1PCpIUM2p0cjZ8PgAKOhktmBWljZBcCs2WF4=","M89LPYVz2VUKAAKrEzBp0UhfaHDH/de4EME74rW5aPI=","wrC+aDPzFL5LWVO/ggUu9Is48mPGlp4QLDmXOvDTASw=","quY014AnL57kzBaixd+xWBaqpo34JpwpEpeqevpeoWk=","7wOJ+fdG5LNDX8VIUrbzbW2fVhx0vjL2SBe+gPMZ2d0=","jL7HdGkGWP8eKecIe/b2MiIa9k3KWkH9t7nL35Xh/j0=","iH67QlgRgh84hTgtrKsCEnTz1XkYbFIzXptlfl9Gp4Q="],"block_size":4096,"path":"popup.js.map"},{"block_hashes":["uzw6JlgiEBi8nD58QCQYQc/FvRaox7oEuRPDaaDPdEE=","VmnCFtiSOTU6MSh4Zc5fUhbCIQvgAGWJNErhM4WR46U="],"block_size":4096,"path":"roboto/v18/KFOlCnqEu92Fr1MmEU9fABc4AMP6lbBP.woff2"},{"block_hashes":["95z8HAljIrgiDQfwUS0oTXPeQhMGWrD0ugIreHxYZQM=","bmKTV7oOoV+C4v0WTkKfwCHCxd3zXU8uS2tN7Gh+/vY=","qmKmOkDAa7slcuEwoEMkH0TAkVH7LSd9XaGDFwy7e+Y="],"block_size":4096,"path":"roboto/v18/KFOlCnqEu92Fr1MmEU9fBBc4AMP6lQ.woff2"},{"block_hashes":["vcy0aAeElJijsDGzDplDZ9OD2iidHmQ9gY7ZPCMJVJA=","x6kATsd5Y4+7QMWE5xXwDDd9wEkwXeX6XYDpEaWsYUI="],"block_size":4096,"path":"roboto/v18/KFOlCnqEu92Fr1MmEU9fBxc4AMP6lbBP.woff2"},{"block_hashes":["OZzbyalEFNlPsVsDhoiMa8jOTWFAzDqaVxQGp2z0e7U="],"block_size":4096,"path":"roboto/v18/KFOlCnqEu92Fr1MmEU9fCBc4AMP6lbBP.woff2"},{"block_hashes":["O1NYXJ/XEyS6y+Ksj66rJGvQavDxxBrZh6cpvJmHrjU=","9Nj7WvGfhDaoyJrQn1JgOJDD/AY9VnHwnF/ETLN4Imk="],"block_size":4096,"path":"roboto/v18/KFOlCnqEu92Fr1MmEU9fChc4AMP6lbBP.woff2"},{"block_hashes":["Ehf6uXwZqqf8DvFUDLKEtGviv4CXuVcFg/cAPUPvq2c=","43wQ0HAUa0FsCyQRpEPYjLrID5C92McCj+WDuR6ghZg=","V6Nle3CJIR0/N66lteCqVoJaBcJkn7x0IHzNc7xYCKQ="],"block_size":4096,"path":"roboto/v18/KFOlCnqEu92Fr1MmEU9fCRc4AMP6lbBP.woff2"},{"block_hashes":["54X8sjMqQ+X0icDnRXABqTgAtFm99Rc8/7uIDzUAd+s="],"block_size":4096,"path":"roboto/v18/KFOlCnqEu92Fr1MmEU9fCxc4AMP6lbBP.woff2"},{"block_hashes":["vfnobEvSQLPi72Sx3vwVoqDcFWbCyAI7uo3jNP5NfqU=","84mYNT8+Kdem7QBBn3CgHP2OmhmIijq43z2AQJOjNRM="],"block_size":4096,"path":"roboto/v18/KFOlCnqEu92Fr1MmSU5fABc4AMP6lbBP.woff2"},{"block_hashes":["WWiEHlY6j/ui/D6NVlyS5n3loLR8RR4HcSMBmz3QZzE=","4/BFxntG2g8PDx9g+9sFG+igtdLB9rAVuOXrDR0Mo3U=","SED/02GbTClVqgncgCKrp3LQFnNGiBedP0FNhi1aq3I="],"block_size":4096,"path":"roboto/v18/KFOlCnqEu92Fr1MmSU5fBBc4AMP6lQ.woff2"},{"block_hashes":["Zci6jBDCsBjkNrHT92bPf/qjGywXa2e2qz47DjfZa18=","VeM3yYLKMArxp+QxB5iIbhoxhi1Ap7nkd7VIdVGs4Aw="],"block_size":4096,"path":"roboto/v18/KFOlCnqEu92Fr1MmSU5fBxc4AMP6lbBP.woff2"},{"block_hashes":["QKFi1J/SXaIj6oFFRhb0aScAIPwYb+LxCVNPsfcuG8s="],"block_size":4096,"path":"roboto/v18/KFOlCnqEu92Fr1MmSU5fCBc4AMP6lbBP.woff2"},{"block_hashes":["jka2syYYWVd8rKddABx7PaIez3IxXo0/i/FgG9Fr9wc=","ZZJEFcpYM2HjAGJrnQm7Uifd0o+du/HR7MwLm+pBcFA="],"block_size":4096,"path":"roboto/v18/KFOlCnqEu92Fr1MmSU5fChc4AMP6lbBP.woff2"},{"block_hashes":["8DRYRjS2SOg3Qc4dM+S0GzpT57YYz7MKQJR8LxlGT6U=","mF4cyprn/ulHCCWISUXQPosQo9MhCxHZmIt4LUbixRI=","rTkH8lMGic1wr40orUIEOmLbQZmPps1wwnaOfrlFMWE="],"block_size":4096,"path":"roboto/v18/KFOlCnqEu92Fr1MmSU5fCRc4AMP6lbBP.woff2"},{"block_hashes":["Wk6Z0duMn9OPaxySWCwjUc8nB19czviUBKjWc/qOeyY="],"block_size":4096,"path":"roboto/v18/KFOlCnqEu92Fr1MmSU5fCxc4AMP6lbBP.woff2"},{"block_hashes":["UJHRKxLAUYMHtLvmiTo2/2Id6YfsAdTl22p0xB9KQVw=","O8uS6rrcXjtrbtV63S3q1r9uL+7//dFRGuMXtM1jWvM=","j8x8cm05LMqGjZiMobp66KOMy2YisHOHfgWnJlU8jPk="],"block_size":4096,"path":"roboto/v18/KFOmCnqEu92Fr1Mu4mxKKTU1Kg.woff2"},{"block_hashes":["m3E12hdslZxmYyq5AGyv56rvAncKBQhe/IhHJpEgADg=","2vSX6CkS0I4q11A5M7zqWglOGUtyMNZtQ56hnOJTS3g="],"block_size":4096,"path":"roboto/v18/KFOmCnqEu92Fr1Mu4WxKKTU1Kvnz.woff2"},{"block_hashes":["FOzq8yaCgU/CtN4Gh0C35CZNj4Y+gA6OtSpiSbzuufA=","AD2Sjo4ZL1rKx354mxVQ2Q+sa7VXapTr4Yh/IxPlC68="],"block_size":4096,"path":"roboto/v18/KFOmCnqEu92Fr1Mu5mxKKTU1Kvnz.woff2"},{"block_hashes":["dEI9VGhWMh92Skkcpw0mwFoyOf0WpGaCiEtgZxPsV/c=","wd/2CpocUQA+6J5ek12Tvep7tCS/JdKs8FNyKws/cIg=","SsuX6+rHtIg3s+QQUFjpr5zfMi/UOcms7UaPpEC/3dM="],"block_size":4096,"path":"roboto/v18/KFOmCnqEu92Fr1Mu72xKKTU1Kvnz.woff2"},{"block_hashes":["A6QLjRo90rmJfAh6npjHXUhV6i3QKWdIyLQRAsF7bvQ=","qJ9qG7xCuXc1KtlvfKMyFvXHmAW0ylWYzzEC1XIHzGg="],"block_size":4096,"path":"roboto/v18/KFOmCnqEu92Fr1Mu7GxKKTU1Kvnz.woff2"},{"block_hashes":["5bLimhbY70xaEjtAeGr3LaWJxKrWNOq0DZDu+LtEGKo="],"block_size":4096,"path":"roboto/v18/KFOmCnqEu92Fr1Mu7mxKKTU1Kvnz.woff2"},{"block_hashes":["oKiTsv8cgtSawMCaznHPgXjAgw9qmIEDx3m2/BLA2ng="],"block_size":4096,"path":"roboto/v18/KFOmCnqEu92Fr1Mu7WxKKTU1Kvnz.woff2"}],"version":2}