{"file_hashes":[{"block_hashes":["7ZX6AsIDZD6rjDb7nFojRhWmw7yEfQKAYzKCEpGnxxs=","OLYm8TbIG93yPYsbgORIR5L59uMr/7qGw55oxclQOoU=","NRozfS1aHDpgohJhmpDYTPt7XOT4322yBXy3ALTB6TY=","WGMlVQOnKY2QbjJlN8NM7hbQqCbeWGQINupS36mTkXY=","iUHde99cA97lY5OD1CPOCM7qkp/X0fsRLfbbzYwqfAI=","HPYsWIraPSkrxr9KF1KZ2xRkvUOVndpnYmQ9utjdpOw=","0StSYkkQ8iwE0xcCPWU0TU9XrjZudPDTQBF4o2GjxUQ=","hcryP63AuGXOyKaR+5T/vaDu6oBrjlVHjfPo+09+hq8=","Z9el46PTfzbaNv6phPnFR+5bQw3/lksdn1DB5NXUkOk=","9EzP2r/CcIEnRiJXsvZbhm2yxXl4sdurxS6DyB0qzJ0=","FToAK4UkTjoTLDlsakqW2aKnmWMybCcyqFG6P8XxrVU=","GrSWMMDXxoQWhL5Yq2fXfdhVDzEy1bQlFGWYrfnQA8c=","2Eum+l4lCJTXHi9C/YXQG25nnlOIitC0V2RFxd8h2ps=","4BkcEm9pkNmvxQuROTSO3Xe8GPxBLAjiMB6nA7O5mQY=","u4f9FCCQYXyttEx2EmFMXRrH2ALPoX9vs9jCPTlrjnY=","xvAxcSTJi2zbYKZoCdVpVyL7HzeeJI4maIy04+tLWPs=","4Pckm4jIjBxKDnB1b2NuXeieofMM+gdngPyePwng6H8=","pKrTY4dL+kxCs+CmhirJn7fg7yl40i6L82fmhMTYltI=","rH4oxL5FKUD+aVy66pbxDhlmD98Cl3oiZLMhlhFsMBU=","IJW+OUWOABW9kpBDFu2cKgFrgVb7t839xTYKwWFgckw=","IKDqrKLjGgvrgKmqa5V4qKnse4va3k45NTN0v64Hn5Q=","kvG2yjC9hAbbIWWVAxqDdqvmmzU1XMdiYyi8bIaXZOY=","U2Rl94vQAKEdPbt+YskkSc8b2TVBDatVXVdsZvCc2Bw=","+2zgwfJpfg7u18BrAViJp63ZmvrSZQUmPRbY17qTPj4=","R4BfxQK9vyy9KsLYcFWUNzzvE84XnRSoGhdIvsDN3/o=","puXmX4QuGxRfXdr2gHxLQ7eAjui4KfucUdqKr1fKbfg=","ZEsgPzGnEEoTQjLOK4kiOL27Z2aPmEqqwiaPWeVSfLo=","dGcCYKJXSCKOpoXDL+6l8Lm2G59AeRSazMrCwcJN154=","d3Uz5YrHny0+a94dqaSVgFVXOf6FQfK/HoccsAmyQC0=","QQgQJXiESybh7XAmwhEFurNUuxe1QYyEU1szg3dIH/c=","SY8H+UUaK8ySMOl3BVk++x/u+lcyvF2NfnI7pu83T+c=","JayG4e1xltEG2fXfTjSEcxl4TmaFcQffvXdcim4IE1o="],"block_size":4096,"path":"content.js"},{"block_hashes":["kVAZvddwFgy1kH/ZUxOGXMJxBIXTNAb2wmd+Z2Sm7tU=","hrv6glR6OiWbuDn6XRSC/qRQ9mmeUHbKlaQ8tuUFZL8=","WunZrEIMlXF2n5W3jrYPlx/aWrqsD9i0QkbV7dDqFSk=","NwYj7Y6YoJI6qAR4bGbbf+pfwgmzp0dxjJvCIOOMHXA=","iPIqNOC2qVSJVatCkm+MwRqauOIjUK3Q/fJZrBP+xtk=","Mb0q16U2H081MwU16y6vCTF3eygi8STPLlFd1RMFjiE=","lzNp5g5RpgbfKdwIRm/kKcfYLEF8Ds2FRCshMRyOyzM=","aoUUoJL9zyhrjQ3jZO9HcI6IIriXW41izKCG3C0/gUs=","mslxyhdTN/BOrjVLw6Z32UdPXMYjIW1iX2cV5tW75Ao=","rZX//T22+OzjS9y+K6GMlvJO+JFoGm1Od3MYaUMjNsQ=","JMFTCvap+oCNxNEbklMMyyxbx2Khoxuph3U5wM90890="],"block_size":4096,"path":"event.js"},{"block_hashes":["7wAOn88WHMEgr3y9RhjeyUeJMfa/swqynlr5bww+Zl4=","oQ1T1zQ+MaVV6FV/pj+CARPckdSDdBP/PwnFigatfGM=","CVRO9lkslfGeRSTDHzmy9ugiYwm9HYDQFrJIzCFR5vM=","pDRNKFWjaDoUIQCUTkXbMmyiaOmrKQXKOFQtN4q6Sww=","KDLiQ0p5daHe1FiRfQUk6EM3AGUgfOGYxPsym2PCEZU=","+tJYziOf778o5rnYB5rKXcKfv8VUJhjId/7s1Fq+0jI=","Yik451XmABqyf9TStMIW2x3JXI82K8CEAGs/lHoiSGo="],"block_size":4096,"path":"svgexport.css"},{"block_hashes":["cJsyoe/5VXAJKJwXyPsvRzJr0qJWGwjf6fxxVjafBvI="],"block_size":4096,"path":"svgexport.html"},{"block_hashes":["6qvX47A5HG2aAMywUHu+nJhgpXVm3L3QBS4Yp/V1a1E=","EuBvSRjz8Vik4SAaTMnyvKzASAilJBauFgihw4AS7ks=","Jth376QxoW7VDU0DBHAKRG5ZB2SfCS/D+0GGkTf7TjM=","EhgtxenZnFU00jvcrX+qqUM+Ovjxe3daQMzT31AT+mI=","ib7t33ov7ZAB5IWx/2yIG5eeDnAounbgDGZE6kIeUx0=","4hc2qWZbC3TTeDxCkvGQfJvrc6hHaQUWofKFyFV83Wg=","MHDY31JfsTZhC/rHMxdPh1lXNMRZfRw852vEKHAFZts=","rDcRIHvG2+n/U+BUhK1eBZsO/yxcXIOEaZfcrAGcOd4=","u6naw6dFYMSiQIuisKEO1leKw7OQzrCeAMLONAAPVOk=","OZzk1EYDCv4PYnSiPDVsNA6HxdLkyBHLSuPzAZcrpXQ=","e79hWJAGQa+afMFe6aq5gcbGxG/m9yxTzY/qYfl+MjA=","YyDfcQ+ZSc7DaAal/kvKiTjY8/FmV6IUf3HAhUvozyo=","PFaOv9u1sSACifDa5Sv+Xi2cvxORFZrP6vkOqjaFqok=","qV0/sTrrRr2aKM5bu3vCAwtUXE/CB11zTs4hgVH3zks=","KD1d1kF0oC04BHplS19mcvaifZuYd89w9UaMYCSxUag=","JkmxIpSZsgYYMaczwkhA7eD+o7p/T64d2SC/0eY4JvI=","LqmTFUxnNbOygfw79UCDB43s/kq6+/R3To9qNMnCaSU=","lIrFTesf5I/b1cEbakbsI7bnk+2GXJgyiX3/c6AB7L0=","o3FF4OzEMZgX+exw5sNhi9iqHoWuzDT9PnREtYQl6zI=","wP2Y3BMhhe6VH99SCkarflXxlaLVjUM+erhGYFudOWc=","zcYBBAzzr0FRtbQVxZ6q7/9Garvt2dW5xh3kgzDAZCE=","ulwiPcsW5MZqYiTDCg/xX39rEpB/mnmgzFHkCmNjqRU=","tC7mQycqeffDlVfT+8/7PNnigjt9dZCb8yuMAbM8iEg=","E6nKDPU90RicesRKtk7V/2Lqv4OsOIvf1RlnNtGmt/o=","9U3zX4zuJtygPOJy2sJmxFcd99rwdk3sFlOsloRAClk=","uldWCpTAlvgVJJiH2lbP3bAUuL1uNgC3oHDCFHwSMcI=","Ec40LPDFp5rtUrBaw2TI6aRlDpilwVlP+QmG+pU6wkM=","9MJuADqtPnEewgwEA9TijnjLlhxVneC/781k/gTClg0=","mdaJvOPcyIUXs7bL3Oa6zxVCm3py7SsQg8LeyxaAgGg=","+Zu/cdBgGrCRvm3vQdn2ARetSToKDSQulx/zZ9zWzMs=","wjuazu3qI5TmYrOX/hCf5sPuqhY2xYe2fXxsdIl5GP4=","clbyp50f6fvEVIDt65fsu4zX/HjeaGSoOV2B1velKDc=","8n7TCVJduKpjy7C+7qQutBkzbUvzbWJl24OmHsBTe4g=","/kvxHFcAAUX0w+RikaaCyiarvrkxupEv+EovYHI3f3Y=","x9OpakfPaF1u1ULQi93/0uqDVS8rzbqMKuLKam1mjbU=","wxHao9DnSuxNrzkgYG0cp5J9ceyMFk21uGWPUizFr0Q=","/e1V2PH1mz/CKc3oFs8htKc897rw+ZOaI5EbHWZFOQg=","KB2bNshSvZtSBIx6vZEwgXCQ/w/bQXAmcQYeahoZk4E=","A5jYpE7fPqfAkAeWMIddFiZz+8wThsa4Z8O9v8y63A8=","ASvebr3E9qsHc4VOEgxwhUdqwqzrVV7ObVeAD4QBvtA=","3WaGWK5L/J4zptADWVyNadPAMubL4eni8CPPplO5DX0=","h4MG5RgzVTviFmEtxh28WlPxm5BtlzDksmJnW7WYT6Q=","Wg/5kylkoBQT73lXF1aWkeNZ7Q+w2xx/9s1C5VtPQW4=","4aTQa6mqE2Jw52QW/Iy9uphGwTDCt8Pzf9rR0KtQbtE=","iLxtgf2jHs3zgj9QFosikGAEkMpxFTcWYEwwjcD3H9o=","DO32R7jlfaiOFxLx7fVNf/MlbYs24abWprDR7rjTZKI=","jGav29saYFgjzkzeHHaKvQOODvlHFTMvJNpztY11Do0=","MZCaxXee/zo+ri8Hb/2/1Ouju1Z6LzZ7PnBKVa0Qfds=","hNvvuHcn6kQvQ8kdWV4MBKX+AP8ij9LXMu36+8sC7B8=","JumdKW7mgevdVASssWIkrWSoMeivvKElZQFuzVlK+xE=","d5LsH1HcEYaeNJAKGfxNttSSBQewcE9BnOFpOb8T/u4=","reD0DN+IIcQW+BjQMZctPyhn9+K/VhRlBJxQYo8WE3I=","TFAYKDAgaJNpRicB3MZvX868H15d/bghdeZh8cAq0b4=","ZQeQVJisjHs/StFZOzSBtMLqU8EatlsRl/c1n0uRbH8=","tBJvNmCaUxJ4c1We1ZcXPq6Yu+IK5ITcWEio2aAYB6M=","3HN5aIy2zDQXLmo36m+BHcLuQKVcy7p0UnQMDYxRa7M=","UjDjXhEGzVogGWcl4mN2k8vkO85wqdKqBJ8tVCipJM4=","xNAlVqhDCalPJnkVe50n1CSo07QrQyJWkTjr+hEJnyU=","L2E5FZobFj5QjVeK1ofKGjFKBPxJtVKU5LfliGsXx7k=","IAbMOgqFGnfuMP5gviA3IM20QPE8qc9oSac4n6vTGkQ=","8vW5UhDqYmssBIx3ujr0wE5lIM43a4xeUWhV016gH+U=","x89FlAp1CMvE9UQBmH4itbcwfeo12monASJWV5VE1vk=","wzwnRFts17GWO6lvsFwon9a1jcViLpNYMg6jBB78xTU=","3o5YhsTY5JtvJwQJbTV7vk0GJyrqsqTjp7xGi1L48kI=","2SWvyD4e8RKT+H0lhxJhWijHtCxE1J+BsEB5CShmyYI=","vUv6zIv3ej1pN1tgGtvsi8rg5mbdN/s8GOtn91Xpvas=","UaLpjfoqkKoks5s7mPMhBllbwy96e1bv1HrNK4SJKTE=","I0n6bHpCu334XWdUtYI+NACAkU0Hexn9FsiMkD7iUkY=","kd7jUuQiivJ3DwhXo2PQiwKApGVjepmmu5hzM+O3vko=","B4UkC6v5wkLpKIlhKCHgfRgCjNRaJAyncqdtzl6AVaw=","NzsZExTA9+BfqrGkfXKWIvqwsBAMtc1azZ/V4T4cbrc=","VnazjyCY5XX7+cogEwTQ78XFb5h0eIMCa3G+R6X0jig=","9jqEDBr4J2a3BotcSEaqQgWKp+o2wD+I+Z+Yc22pIug=","wqNSCWwvLaAxjKOYyOtziuIKttN7HKaCyow3TIUUqGM=","VjtENGmhA8S5sP0Zs8d5BOxZE/4aggdg3w82OVFKOqs=","pUYA5XbCs7fTH8APhzdFWiTx5wTBdvAJKTl/4CRmiAc=","DF8StOhIdhWQin5jqYEA9wCkFhuk2tVXaRVlrAkzoVI=","LqpORNlVbuIRWNsqCgB/zAHIxGpdZUYjZOt3wvulxa8=","o+eTTAy8KliaNiWom2895ZvK7NEX5VCDozyc/zFX+A8=","PvxH/Gq8EPFuuDiglaTOPqnGBD6jwl5kN/HtRHs5Zpg=","74+zesf2R6d+2YprKlUgFd7ikLJIMT9jVCmjEAhL5lg=","KNxTUGqrx8YXJJ7S7gM1TekJetPNkjdd/+IJUzb6T8E=","li18/BfLc5R7c2JPqsozcAiZ+ci4dwTfEXz/AjLWTvQ=","GzP+n0qTU/9/VBudA5Eh6uSB3QKSsdwkRGVdzGBYNVQ=","UPc0l1gPcYexfODox7fwsXtA1xPsSbtejtD2Ycv8ino="],"block_size":4096,"path":"svgexport.js"}],"version":2}